"Data Source","World Development Indicators",

"Last Updated Date","2026-07-13",

"Country Name","Country Code","Indicator Name","Indicator Code","1960","1961","1962","1963","1964","1965","1966","1967","1968","1969","1970","1971","1972","1973","1974","1975","1976","1977","1978","1979","1980","1981","1982","1983","1984","1985","1986","1987","1988","1989","1990","1991","1992","1993","1994","1995","1996","1997","1998","1999","2000","2001","2002","2003","2004","2005","2006","2007","2008","2009","2010","2011","2012","2013","2014","2015","2016","2017","2018","2019","2020","2021","2022","2023","2024","2025",
"Aruba","ABW","Energy use (kg of oil equivalent per capita)","EG.USE.PCAP.KG.OE","","","","","","","","","","","","","","","","","","","","","","","","","","","","","","","","","","","","","","","","","","","","","","","","","","","","","","","","","","","","","","","","","","",
"Africa Eastern and Southern","AFE","Energy use (kg of oil equivalent per capita)","EG.USE.PCAP.KG.OE","","","","","","","","","","","","","","","","","","","","","","","","","","","","","","","696.451978962078","694.551165103112","664.650649283427","668.735484063874","678.986192364061","693.508783681308","693.109238322325","692.201053370564","678.987849456914","669.665540536176","636.502935700461","622.485629993026","606.063879728683","629.238659403219","643.087418641342","627.31471741929","631.359855754061","641.241172037427","659.796063598941","660.517213958858","628.581943379459","636.518901561533","612.15693401198","614.28052434822","622.319620309101","610.019227944214","608.596688850584","599.372081461706","585.540908067939","588.962750250377","568.192083165737","579.961578587522","568.382394434424","565.221624381903","","",
"Afghanistan","AFG","Energy use (kg of oil equivalent per capita)","EG.USE.PCAP.KG.OE","","","","","","","","","","","","","","","","","","","","","","","","","","","","","","","","","","","","","","","","","","","","","","","","","","","","","","","","","","","","","","","","","","",
"Africa Western and Central","AFW","Energy use (kg of oil equivalent per capita)","EG.USE.PCAP.KG.OE","","","","","","","","","","","","","","","","","","","","","","","","","","","","","","","297.239103221922","304.909529575648","310.728045476336","307.632929983386","286.517908769471","283.394037654777","292.666164393669","299.422191089375","294.6717068776","298.584714066408","286.15630249048","289.74059081106","292.681125002548","297.491843455874","302.815879454433","312.934469426317","303.559361841339","300.931542069108","307.778141603785","296.322207005025","337.661020399409","359.541632373692","355.243228405559","357.168529871987","355.983871682688","338.060445444575","345.394099103756","335.960510419465","327.790575644589","345.326858990897","343.240792316795","353.122558892368","352.912345385847","345.236396215776","","",
"Angola","AGO","Energy use (kg of oil equivalent per capita)","EG.USE.PCAP.KG.OE","","","","","","","","","","","","","","","","","","","","","","","","","","","","","","","506.098906826107","501.1013958861","487.66526325083","489.171805015051","480.041934528091","462.901309096839","461.972430152265","456.938754911713","441.442113472347","448.260389267497","444.602070218801","447.53206518973","451.424932148885","468.046438436677","455.956720265372","415.699326392916","446.81877508588","471.692391849887","497.74359156548","530.447850489733","513.009364141594","511.996382247904","557.576958378178","538.494593402671","473.614661498509","543.360923983701","487.948973476526","481.000357792661","428.639910135522","444.183463637853","423.490503820708","430.74656947008","437.568543756493","448.870903352713","","",
"Albania","ALB","Energy use (kg of oil equivalent per capita)","EG.USE.PCAP.KG.OE","","","","","","","","","","","","","","","","","","","","","","","","","","","","","","","813.373801291643","572.755207711702","418.273208912166","412.351824377392","441.348009597146","417.034611074232","447.838930515247","384.584954066613","426.818906731072","576.974269147942","581.374748988005","598.228317118281","661.11795163205","649.35788110735","716.623145884767","721.077407396492","707.890606549635","680.948166186712","712.287869024953","734.057809949862","731.053397459356","766.894617514824","699.444897699178","826.01838486232","844.590080017958","803.987448070775","840.619363568519","894.466399568989","904.739774695665","908.317252679183","855.185594249541","914.732925521475","884.57221529163","889.361655638963","","",
"Andorra","AND","Energy use (kg of oil equivalent per capita)","EG.USE.PCAP.KG.OE","","","","","","","","","","","","","","","","","","","","","","","","","","","","","","","","","","","","","","","","","","","","","","","","","","","","","","","","","","","","","","","","","","",
"Arab World","ARB","Energy use (kg of oil equivalent per capita)","EG.USE.PCAP.KG.OE","","","","","","","","","","","","","","","","","","","","","","","","","","","","","","","1094.41934827983","1108.51785100491","1192.65819613824","1235.3981809066","1273.88498098292","1271.62848128333","1286.57490828966","1306.90882086722","1301.93339538111","1283.12233182861","1309.46048834149","1385.81589863392","1424.19533089088","1410.0362744247","1434.80195463499","1502.79059781383","1543.33884249137","1573.21321390609","1648.77903569146","1688.75984256571","1749.86279596962","1758.99868950217","1794.70125350362","1767.28320371831","1825.45491669435","1827.00104583912","1835.66858638765","1848.35458959009","1824.51004716448","1804.372761765","1678.51011848785","1733.38722241099","1769.42432808562","1802.87198361075","","",
"United Arab Emirates","ARE","Energy use (kg of oil equivalent per capita)","EG.USE.PCAP.KG.OE","","","","","","","","","","","","","","","","","","","","","","","","","","","","","","","10740.8429217188","11690.0970198374","10562.8994380617","10572.6698308454","11178.3984813089","11360.9014709113","11250.1691193254","10941.7465226956","10375.285992572","9839.14403490257","8956.94929901911","11703.2751045514","10866.2518811768","10102.2168560285","9441.12715739602","9535.07550578601","9239.04144595382","8929.1273242532","9425.05532774732","9445.23902000287","8849.86287819387","8498.19879197847","8466.34602792332","8654.48549263775","9398.40039523838","9973.9828745403","10191.6184664294","8378.97733971587","8363.00928463633","8736.63609388178","8105.43812949633","8500.46410586578","8303.27667116047","9139.5423044996","","",
"Argentina","ARG","Energy use (kg of oil equivalent per capita)","EG.USE.PCAP.KG.OE","","","","","","","","","","","","","","","","","","","","","","","","","","","","","","","1351.48277612519","1385.38307033103","1407.27675440761","1432.607502841","1530.52760849222","1507.19847475089","1534.09177637667","1567.39444751302","1648.11263598533","1666.81862190168","1643.32131961789","1518.56737304195","1484.25701881625","1590.61721067918","1740.90890259945","1712.4320350003","1784.01669776279","1845.91422802344","1889.40923801554","1722.74402909882","1826.05112368849","1865.25736115683","1897.60983922809","1928.54922885127","1911.61727736839","1919.75859208058","1889.87018853289","1874.82963739464","1806.77623499039","1777.41507710553","1623.92450833523","1741.51377200597","1808.76021335553","1763.50879742948","1736.70249657787","",
"Armenia","ARM","Energy use (kg of oil equivalent per capita)","EG.USE.PCAP.KG.OE","","","","","","","","","","","","","","","","","","","","","","","","","","","","","","","2170.25904717637","2248.45036449683","1156.52854495764","634.938401584258","409.762251524819","497.307222678528","543.248963246472","573.598498068918","591.114376781768","578.924652970815","625.503227341883","624.555471332605","586.440648432386","622.582881402385","661.929679898088","798.544180515189","818.274997390362","918.181612522836","973.21714524559","851.338387705143","815.62798698571","896.948023835655","982.442415313472","959.801682347684","1045.97511363021","1084.52062940136","1043.09797203416","1105.96696981707","1072.33682481147","1163.09284675689","1233.30455891532","1271.52805556324","1347.59055747413","1300.30532664528","","",
"American Samoa","ASM","Energy use (kg of oil equivalent per capita)","EG.USE.PCAP.KG.OE","","","","","","","","","","","","","","","","","","","","","","","","","","","","","","","","","","","","","","","","","","","","","","","","","","","","","","","","","","","","","","","","","","",
"Antigua and Barbuda","ATG","Energy use (kg of oil equivalent per capita)","EG.USE.PCAP.KG.OE","","","","","","","","","","","","","","","","","","","","","","","","","","","","","","","1567.0489962896","","","","","","","","","","","","","","1714.96080996964","1720.86771928502","1774.10550344896","1786.93821599922","","","","","","","","","","","","","","","","","","",
"Australia","AUS","Energy use (kg of oil equivalent per capita)","EG.USE.PCAP.KG.OE","","","","","","","","","","","","","","","","","","","","","","","","","","","","","","","5047.63880316716","4925.05735551339","4960.57443467868","5171.29276055127","5127.43388651941","5138.24234027092","5429.944199086","5497.64639169812","5584.82787538452","5644.57987814369","5681.22885913159","5486.39455905443","5480.23464289818","5615.57675632995","5652.13037917952","5624.49561264785","5775.11675226564","5853.76413229662","5951.19291532561","5843.93312947132","5762.9435664152","5698.65597309349","5533.72233837943","5533.38146350965","5407.4382264583","5318.66679266228","5216.98867184459","5162.45894302308","5086.37378454852","5231.57466031316","5159.03638381788","5006.44306522882","4942.16372202842","4927.64894813822","4750.59966458141","",
"Austria","AUT","Energy use (kg of oil equivalent per capita)","EG.USE.PCAP.KG.OE","","","","","","","","","","","","","","","","","","","","","","","","","","","","","","","3240.45366951149","3415.50428957491","3245.8963821747","3256.11678131379","3234.79392759607","3374.07611625172","3580.79320121771","3550.91398526082","3607.0067907444","3592.17196845349","3570.94853169443","3758.79316326234","3771.71949185232","3956.93894640762","3974.50636807099","4084.35261902051","4105.07525027388","4010.09514877294","4027.90556617748","3819.49986886808","4065.04189639106","3927.58256477323","3899.1648418957","3924.82135403554","3750.34480080041","3795.51037374619","3797.16802222945","3839.94805232106","3717.62532112148","3765.98011899602","3546.50449865153","3728.13398931398","3486.72943293763","3308.71167042411","3242.2079854812","",
"Azerbaijan","AZE","Energy use (kg of oil equivalent per capita)","EG.USE.PCAP.KG.OE","","","","","","","","","","","","","","","","","","","","","","","","","","","","","","","3158.92272825814","3088.31328029663","2464.93313825551","2175.6175329618","1948.0597753184","1809.44915921154","1513.85470497375","1444.49013087356","1485.30877090791","1369.28240914717","1403.59874667104","1411.21434888717","1414.77602454642","1476.84102371293","1539.50003907972","1600.22780340266","1559.84917576741","1459.38898151201","1587.24837009442","1391.33099195543","1305.91209278641","1396.04478051641","1497.29486664714","1497.90257470252","1526.15877863995","1510.91856857889","1480.9342834589","1478.78418442924","1471.37027563956","1587.78477584687","1536.83056349558","1623.82932438235","1714.03725982832","1732.19739502846","","",
"Burundi","BDI","Energy use (kg of oil equivalent per capita)","EG.USE.PCAP.KG.OE","","","","","","","","","","","","","","","","","","","","","","","","","","","","","","","","","","","","","","","","","","","","","","","","","","","","","","","","","","","","","","","","","","",
"Belgium","BEL","Energy use (kg of oil equivalent per capita)","EG.USE.PCAP.KG.OE","","","","","","","","","","","","","","","","","","","","","","","","","","","","","","","4804.34618527299","5002.44922314732","5042.29401936772","4897.97659266192","5185.9337354394","5261.8093544142","5527.62586906518","5533.73928264128","5620.64607760812","5610.79882111599","5662.98174716427","5606.17298271092","5397.64817804299","5609.48271408916","5615.40613034968","5549.63760862596","5445.56547084695","5302.04532963844","5425.00683224834","5161.34227289199","5510.36842215322","5063.16739563614","4822.68880223172","5000.34617077523","4701.25771608477","4661.66376202285","4904.15770755315","4863.63280171736","4660.20692893781","4775.95747475268","4386.43050829817","4823.5834216252","4368.44562567427","4051.07409072709","4077.82911446826","",
"Benin","BEN","Energy use (kg of oil equivalent per capita)","EG.USE.PCAP.KG.OE","","","","","","","","","","","","","","","","","","","","","","","","","","","","","","","314.609436799463","309.709863805906","307.698007930126","301.262670850293","296.5110317345","296.679128573565","336.540298422814","339.005955567862","324.253310224769","327.943290924178","274.581436432907","283.230273372813","294.724145806201","301.499151686105","305.279536303894","296.647429948477","339.270972775752","358.123373575729","355.191568797727","361.653717680842","363.74357481978","352.901249030589","346.220822053438","366.743087755895","367.294184971858","379.492026672934","409.038821084068","412.304352119196","423.283323822533","414.543641080217","426.185478700943","376.055295296953","375.820983649337","394.574637069967","","",
"Burkina Faso","BFA","Energy use (kg of oil equivalent per capita)","EG.USE.PCAP.KG.OE","","","","","","","","","","","","","","","","","","","","","","","","","","","","","","","172.693031083803","173.933403371987","174.239170181508","176.296720313514","173.37906285031","173.276562601483","162.026532515962","162.131858709877","160.958600981487","120.294478166027","122.87633161526","138.808404306933","140.366660183959","145.412202886927","149.202025520624","152.454065294215","160.051947053493","167.380496993818","168.80031087063","171.44988829824","227.93902505697","235.67491386243","249.073217705168","258.239154769277","264.968247644692","279.23778984182","271.637810972099","285.3378108006","300.040816859599","302.824064766459","314.361721282852","310.286656956393","312.969408025336","325.943903136553","","",
"Bangladesh","BGD","Energy use (kg of oil equivalent per capita)","EG.USE.PCAP.KG.OE","","","","","","","","","","","","","","","","","","","","","","","","","","","","","","","114.331978361362","110.553888291038","114.428195176536","117.094222071274","121.577169651724","128.922041098335","127.651205584714","130.76316593387","132.276086830776","134.852007238559","135.982829155033","148.299543915937","148.023137823788","153.205274750611","154.277994461916","159.86025911281","168.358931806833","174.04541210907","180.593953454978","187.6926023298","195.623071252394","200.332283493272","208.079815841876","216.73767037563","223.001864414998","237.200804521803","256.237827701744","264.090549017021","261.271156644512","277.950296654643","278.638664578008","298.53034978646","308.276302614701","287.753137358845","","",
"Bulgaria","BGR","Energy use (kg of oil equivalent per capita)","EG.USE.PCAP.KG.OE","","","","","","","","","","","","","","","","","","","","","","","","","","","","","","","3216.70760064006","2593.62279780229","2394.69457031165","2588.55746644791","2518.11325421164","2745.16022347993","2745.50259738071","2505.6718035438","2437.14753376962","2230.75876662596","2276.85216577279","2419.77111113907","2410.06924541046","2489.50818804189","2439.63673677668","2599.1917342682","2696.78264240444","2665.00511750437","2647.46208110447","2337.23945196707","2393.89142256038","2592.51617710519","2493.07808043547","2353.30761322829","2499.7069748767","2637.50353455494","2606.61053390992","2732.22244053467","2764.27513129547","2771.124202737","2664.55152991688","2918.91641380678","2968.65663426552","2604.19104505407","","",
"Bahrain","BHR","Energy use (kg of oil equivalent per capita)","EG.USE.PCAP.KG.OE","","","","","","","","","","","","","","","","","","","","","","","","","","","","","","","10576.1375209895","10671.794495852","11504.983995158","11627.9853884558","12068.5698908927","11537.6005741003","11566.1634942483","12331.2457338806","12558.2438388176","12575.7861396596","12833.272118279","12648.0885082095","12214.6865774264","11894.9484733033","11271.2138903395","11975.4282360997","11582.0205666291","11533.9934710843","11593.7971674415","10432.8967547383","10317.976004905","10624.3872166304","9996.52196196405","11219.433931134","10257.0253426946","10405.6390717453","9878.66504979139","9444.4239393348","9533.85538285247","10388.189018559","10833.6323639495","10665.6287316741","10178.1841297543","10511.6129705274","","",
"Bahamas, The","BHS","Energy use (kg of oil equivalent per capita)","EG.USE.PCAP.KG.OE","","","","","","","","","","","","","","","","","","","","","","","","","","","","","","","2338.57233506677","","","","","","","","","","","","","","1954.1941597848","2023.87945122625","2026.55184786509","2006.59998754719","","","","","","","","","","","","","","","","","","",
"Bosnia and Herzegovina","BIH","Energy use (kg of oil equivalent per capita)","EG.USE.PCAP.KG.OE","","","","","","","","","","","","","","","","","","","","","","","","","","","","","","","1577.4833806624","1416.82900102755","1050.6167812833","949.289118923978","385.207810762141","402.138722444913","450.357723524427","670.543668952792","818.903187407795","802.329947245603","1044.83032752066","1004.95066006105","1052.10768786264","1052.76815633322","1161.36225812454","1230.32229950965","1304.39455421949","1321.60129723785","1510.20925021027","1602.5317512912","1700.48373318065","1909.67028647304","1821.21222097011","1787.39246392599","1682.31287779308","1755.04377103361","1945.25475764264","1966.74296405564","2205.40019359849","2157.71633026544","2152.73018925591","2267.26088940872","2270.72637629896","2171.0481914264","","",
"Belarus","BLR","Energy use (kg of oil equivalent per capita)","EG.USE.PCAP.KG.OE","","","","","","","","","","","","","","","","","","","","","","","","","","","","","","","4457.4379398096","4341.55699714217","3619.90821413806","3078.21614120512","2618.94615391899","2431.09978098082","2506.79637741155","2511.70284864681","2472.95575538019","2419.74819135878","2471.64424935802","2496.01811483439","2560.5012580496","2652.43981373496","2760.11626065827","2776.99847069087","2974.24553406449","2925.85288440163","2939.40597422615","2789.00314061154","2895.6108099575","3081.68018120351","3219.42653369693","2870.32580279278","2923.57682069269","2660.14026759548","2639.09486268036","2692.58344898873","2849.29477344053","2748.96883661007","2673.86548599188","2929.16750076532","2862.48962279083","2856.48127583212","","",
"Belize","BLZ","Energy use (kg of oil equivalent per capita)","EG.USE.PCAP.KG.OE","","","","","","","","","","","","","","","","","","","","","","","","","","","","","","","580.1852782451","","","","","","","","","","","","","","570.507346662348","575.5529419335","597.475319406137","601.148260722729","","","","","","","","","","","","","","","","","","",
"Bermuda","BMU","Energy use (kg of oil equivalent per capita)","EG.USE.PCAP.KG.OE","","","","","","","","","","","","","","","","","","","","","","","","","","","","","","","","","","","","","","","","","","","","","","","","","","","","","","","","","","","","","","","","","","",
"Bolivia","BOL","Energy use (kg of oil equivalent per capita)","EG.USE.PCAP.KG.OE","","","","","","","","","","","","","","","","","","","","","","","","","","","","","","","360.663520476773","363.520178605686","377.234087378018","396.453818977116","430.219973488726","474.617697341087","520.943557851368","560.060715697775","557.889760775457","536.548837322983","424.500168226749","444.570211427174","520.02460059481","524.195846978688","523.194773521656","567.499087794803","568.374975147183","570.342486679355","572.268566916802","586.29382437989","625.50781114153","660.409165317164","703.774758318729","699.381562017113","757.580156073069","748.898977219603","779.010093756017","800.932396505253","803.167323356965","795.587766798846","657.789938372448","757.897180576978","799.661765658889","847.306714580511","","",
"Brazil","BRA","Energy use (kg of oil equivalent per capita)","EG.USE.PCAP.KG.OE","","","","","","","","","","","","","","","","","","","","","","","","","","","","","","","942.317182249676","943.263545697103","937.431462820155","945.489101780969","980.074664998028","998.777374735819","1035.82555427523","1072.29461426603","1082.21810429873","1091.29495874763","1081.36193393467","1086.99299318566","1103.40127916211","1107.9739157885","1157.16905577095","1173.71585743449","1202.05933940304","1259.91135986965","1317.23578420454","1262.10043812649","1384.36896688389","1390.00783643031","1433.15306444735","1487.45745839708","1522.42189026812","1482.02057858653","1414.8979311951","1431.95949698072","1403.40232453429","1415.83477031974","1379.24649914162","1430.3934661032","1432.72741132919","1481.22439922518","1511.62383133688","",
"Barbados","BRB","Energy use (kg of oil equivalent per capita)","EG.USE.PCAP.KG.OE","","","","","","","","","","","","","","","","","","","","","","","","","","","","","","","1245.20778708495","","","","","","","","","","","","","","1402.92856661853","1451.40041532381","1474.06315508774","1478.1339388399","","","","","","","","","","","","","","","","","","",
"Brunei Darussalam","BRN","Energy use (kg of oil equivalent per capita)","EG.USE.PCAP.KG.OE","","","","","","","","","","","","","","","","","","","","","","","","","","","","","","","6766.20265813163","7438.26203761683","7783.23273590893","7299.53266292428","6603.06657909867","7718.4147112912","7585.30865702678","7652.68069432589","7448.31277617827","7427.44777738284","7306.50805505588","6624.44570244008","6344.70953602184","7227.93461469148","6509.41375687627","6180.90186134327","8644.25613377398","8703.6654696927","9379.39547102847","7906.16450304433","8261.092768512","9699.3002516897","9446.07290658886","7399.88850699904","8529.79303823974","6437.00247398227","7008.28171997556","8385.25858976533","8304.04242825767","9219.80339333238","9175.89257228992","8962.62325631033","9894.81949906257","8658.00697644634","","",
"Bhutan","BTN","Energy use (kg of oil equivalent per capita)","EG.USE.PCAP.KG.OE","","","","","","","","","","","","","","","","","","","","","","","","","","","","","","","94.9875832998183","","","","","","","","","","","","","","276.691507415332","308.219954220272","314.550260212075","359.542084843091","","","","","","","","","","","","","","","","","","",
"Botswana","BWA","Energy use (kg of oil equivalent per capita)","EG.USE.PCAP.KG.OE","","","","","","","","","","","","","","","","","","","","","","","","","","","","","","","933.106112523037","924.832809645353","1036.20295145007","1009.96722747675","967.997722997679","965.686795328275","919.406030956662","942.69977403279","1040.82117578293","1060.65518051418","1076.29894611858","1065.31507424359","1070.98263332341","1046.96232444977","1075.84312421235","1096.31104775422","1108.59481786635","1124.09478175505","1163.78534932685","1061.94099275505","1140.27710559605","1086.79671897531","1189.34918697362","1200.29802966499","1330.94509587787","1285.41275605001","1245.84246824176","1315.80107269841","1305.3130239183","1202.88221787146","1120.17283292873","1149.11419904777","1286.46723695541","1249.83080453765","","",
"Central African Republic","CAF","Energy use (kg of oil equivalent per capita)","EG.USE.PCAP.KG.OE","","","","","","","","","","","","","","","","","","","","","","","","","","","","","","","","","","","","","","","","","","","","","","","","","","","","","","","","","","","","","","","","","","",
"Canada","CAN","Energy use (kg of oil equivalent per capita)","EG.USE.PCAP.KG.OE","","","","","","","","","","","","","","","","","","","","","","","","","","","","","","","7641.54876651682","7529.00297774185","7616.97320016327","7782.92897388185","7971.05824834315","7995.23710734235","8070.95400503596","8069.49923971315","7963.20719845056","8117.62871957032","8224.74786425172","8017.16666642228","7943.44588697183","8303.4318789013","8371.02231862308","8369.95929648006","8427.44174185883","8356.30636250042","8098.35289361915","7696.33407281264","7660.75452103288","7716.24822782698","7637.78487245197","7668.79466344868","7780.1475931021","7690.40816617685","7944.50789345873","8175.19037647623","8161.77967501099","8125.58121311618","7495.07932297849","7524.86361233157","7575.25861568829","7342.36758732052","7160.67104355006","",
"Central Europe and the Baltics","CEB","Energy use (kg of oil equivalent per capita)","EG.USE.PCAP.KG.OE","","","","","","","","","","","","","","","","","","","","","","","","","","","","","","","3096.32937879539","2844.62251740774","2619.82875751712","2612.60198016026","2507.84753404283","2613.5509797867","2702.89757516476","2643.57991186793","2521.97659479724","2398.70518193016","2381.7789875388","2463.92432408414","2488.20279463695","2575.75689670154","2585.0570772537","2629.49750034566","2703.24241265251","2711.3043952263","2714.57232709977","2531.74340604357","2657.48197415251","2658.75435879536","2585.09598428927","2544.19963483215","2486.69110195474","2528.22006328076","2589.29903149768","2707.96339038787","2762.10272447413","2699.50660805025","2621.63600452965","2806.97546373865","2683.1570949953","2527.170728517","2776.30686099912","",
"Switzerland","CHE","Energy use (kg of oil equivalent per capita)","EG.USE.PCAP.KG.OE","","","","","","","","","","","","","","","","","","","","","","","","","","","","","","","3617.21670838019","3623.74654312174","3606.20840062565","3479.20943929761","3482.93560412511","3405.68478072749","3459.89061670209","3513.12639714122","3544.34495422887","3533.47941266544","3466.50613217002","3658.06649907658","3537.53750331779","3524.60535957512","3513.04226751483","3469.41664326823","3600.20599088199","3391.3409304186","3480.20255913467","3460.61144395548","3323.41218501892","3181.06687778874","3175.97090168674","3274.49948136129","3031.17447656808","2927.96015319396","2819.83095943189","2809.47945669194","2806.4991558403","2857.15819180217","2690.39023280182","2619.80556120156","2591.92141040481","2511.37154209497","2491.51225467078","",
"Channel Islands","CHI","Energy use (kg of oil equivalent per capita)","EG.USE.PCAP.KG.OE","","","","","","","","","","","","","","","","","","","","","","","","","","","","","","","","","","","","","","","","","","","","","","","","","","","","","","","","","","","","","","","","","","",
"Chile","CHL","Energy use (kg of oil equivalent per capita)","EG.USE.PCAP.KG.OE","","","","","","","","","","","","","","","","","","","","","","","","","","","","","","","1042.63924696805","1048.54685125944","1115.74449791436","1125.82760632048","1192.35792309529","1262.61937956632","1378.90684276783","1523.53564987188","1557.21131062443","1633.86338932833","1623.48012689232","1574.84475911504","1612.43130205148","1612.22953620512","1699.73240740445","1735.08874376693","1788.47442583539","1836.95620548021","1801.2828820239","1735.83895157902","1795.6817303266","1937.32339633854","2123.49178972428","2177.50491871487","1946.21181666587","1968.30286182049","2070.46958170364","2065.97571745805","2067.9764736837","2154.35451877758","1946.16760616995","2032.98120427379","2081.99751245711","2059.27616196845","2029.03299532593","",
"China","CHN","Energy use (kg of oil equivalent per capita)","EG.USE.PCAP.KG.OE","","","","","","","","","","","","","","","","","","","","","","","","","","","","","","","773.250116673841","740.586120549437","756.63514647117","792.633509359554","821.273750333988","872.82633002387","884.894160616361","876.489344673065","872.405987083978","880.738578841902","898.07500446721","921.506436459842","976.159336791292","1105.13742396493","1249.04415339994","1369.79197119649","1490.18647938836","1595.46606847798","1629.97754209383","1728.61645229501","1899.79996108685","2027.46525356855","2085.21872095825","2137.32572690907","2177.55011435267","2175.1544486832","2149.2047500244","2215.91139022057","2310.87757050979","2397.96868908473","2465.96954605987","2623.79959356116","2676.48200976111","2850.94152906511","","",
"Cote d'Ivoire","CIV","Energy use (kg of oil equivalent per capita)","EG.USE.PCAP.KG.OE","","","","","","","","","","","","","","","","","","","","","","","","","","","","","","","356.502117281303","352.461369088107","369.364695221915","367.602465008283","362.145601848293","346.984629535557","374.944288632764","368.164390395265","353.64180757645","408.120587715421","383.698511747895","359.274350379988","374.217410519231","345.063532585105","474.644512103845","479.367342054554","460.427068503443","484.162880249649","475.685968287363","426.33967683994","369.59298919728","412.202996239574","442.184553267778","446.309801337907","438.71877312695","383.889010732408","391.655583364613","392.588824263082","358.54922881191","376.743212908005","385.900911896689","475.7701142407","483.894918210023","483.503922762538","","",
"Cameroon","CMR","Energy use (kg of oil equivalent per capita)","EG.USE.PCAP.KG.OE","","","","","","","","","","","","","","","","","","","","","","","","","","","","","","","439.606062625838","431.11357000305","423.490408119425","425.855803438794","428.433215568987","424.113046017593","423.04888018603","426.60075345789","427.346733797867","419.366598563602","425.839473286279","419.668248263033","429.502648089236","435.147080636702","437.082365532497","428.539594062507","385.035153073309","352.800578879997","345.872865150161","363.545092180369","356.137612718812","363.156706967406","368.67461829541","375.371615915553","395.064505975311","402.819924200123","399.88337314644","392.866372374935","392.351717702361","387.38570034475","386.861060816622","378.003030105632","374.114620505852","370.718209068186","","",
"Congo, Dem. Rep.","COD","Energy use (kg of oil equivalent per capita)","EG.USE.PCAP.KG.OE","","","","","","","","","","","","","","","","","","","","","","","","","","","","","","","321.669866238426","311.51635511713","306.67618026523","301.831840128151","288.919935754659","288.923002560147","293.054190992552","293.452619115135","292.579860554724","283.698094549272","275.387991752247","275.762066091527","276.777259129011","278.852304991619","281.570244519871","283.637336009607","285.454693557021","287.041319589996","288.80618607177","288.416335052288","289.77384157959","297.445424445388","355.439956409565","357.441615003334","359.368090770924","358.543260233681","355.067722347843","344.271076945444","336.643068217732","330.73190986829","370.503266549066","393.949173556287","417.968903605646","409.433571513278","","",
"Congo, Rep.","COG","Energy use (kg of oil equivalent per capita)","EG.USE.PCAP.KG.OE","","","","","","","","","","","","","","","","","","","","","","","","","","","","","","","330.743815838523","335.659742797368","322.349269508601","314.902577029456","263.663445126073","292.673986038613","268.251017538648","251.271604579446","246.025608029408","235.74510235322","225.662303752435","243.309874139573","239.240008598283","274.55383829075","283.381960024439","293.789280034956","369.707983010852","316.058593347043","327.786840368286","359.405355169563","402.966040477004","456.09862417856","602.51471603764","493.826077603594","543.843526009452","572.255835438478","583.845565741622","552.518028240617","486.781245674934","553.078353158029","565.387418227773","581.818154474185","592.046625837502","576.049227168162","","",
"Colombia","COL","Energy use (kg of oil equivalent per capita)","EG.USE.PCAP.KG.OE","","","","","","","","","","","","","","","","","","","","","","","","","","","","","","","758.594011470617","751.902938320027","764.278377977952","780.625826171299","798.193720343948","794.967097625038","797.74746750655","762.008712622099","773.108534647068","684.04515970986","674.789373014303","663.457783116269","640.534397467261","644.213790055096","638.256874604387","659.017512793074","685.39143164947","671.974010763536","698.498635069449","721.723799554454","708.462118919431","718.539125799809","690.223937074854","890.995033650514","896.819737976178","899.746405476032","923.380646133256","870.764598847956","829.434495650998","899.552647463233","814.027717297433","880.466204307389","863.76322070814","872.633394703758","840.642725844963","",
"Comoros","COM","Energy use (kg of oil equivalent per capita)","EG.USE.PCAP.KG.OE","","","","","","","","","","","","","","","","","","","","","","","","","","","","","","","40.1415663905282","","","","","","","","","","","","","","58.5496225271395","62.4286078251729","69.4498415055403","66.4584302518775","","","","","","","","","","","","","","","","","","",
"Cabo Verde","CPV","Energy use (kg of oil equivalent per capita)","EG.USE.PCAP.KG.OE","","","","","","","","","","","","","","","","","","","","","","","","","","","","","","","77.3680226301714","","","","","","","","","","","","","","185.660345870622","204.075322346248","207.854452975987","207.581773111107","","","","","","","","","","","","","","","","","","",
"Costa Rica","CRI","Energy use (kg of oil equivalent per capita)","EG.USE.PCAP.KG.OE","","","","","","","","","","","","","","","","","","","","","","","","","","","","","","","537.209043385466","555.759825747086","699.747502406979","696.372672215343","669.457713366108","666.897511306574","654.286251523747","647.721666517138","630.181129897646","680.662081976","729.765643709357","721.224052506606","749.371708338678","788.059466397896","921.916666058511","908.919718136397","974.343838741737","1014.83038205","1006.22785721082","1002.15369604859","998.694530541271","992.84219730848","1017.65462461791","1060.1064484558","1064.11783400047","1024.45144520777","1001.15093508133","972.752740541664","950.307226341185","996.673606298647","948.979659241415","996.593947554107","1009.21522950084","1025.14935705085","1024.2571497977","",
"Caribbean small states","CSS","Energy use (kg of oil equivalent per capita)","EG.USE.PCAP.KG.OE","","","","","","","","","","","","","","","","","","","","","","","","","","","","","","","2378.96591901642","","","","","","","","","","","","","","4055.21834361878","4689.43000938639","5122.88564753561","5373.67067488637","","","","","","","","","","","","","","","","","","",
"Cuba","CUB","Energy use (kg of oil equivalent per capita)","EG.USE.PCAP.KG.OE","","","","","","","","","","","","","","","","","","","","","","","","","","","","","","","1518.54002009683","1232.77637847981","1070.77392634317","899.497551898824","923.076395365533","924.546750000952","1009.02603380397","1033.33720466157","973.421456972443","1013.3115733641","1076.5353394583","1048.45762651591","970.846511711936","963.215606214526","936.649449904607","897.369156004402","910.00338498737","871.117940798683","928.466364196819","900.455572436481","977.391285791928","948.027225603918","968.146630660253","919.534653808596","938.112097734289","958.502652326421","941.599587735624","904.82520614924","858.793763834873","854.4694562102","805.861387957743","791.974143484846","775.769412868598","775.831381587569","","",
"Curacao","CUW","Energy use (kg of oil equivalent per capita)","EG.USE.PCAP.KG.OE","","","","","","","","","","","","","","","","","","","","","","","","","","","","","","","8608.30836785935","8445.11110572973","8742.12627088561","7308.60266917117","6924.92911794303","7004.15398497971","7201.16150132982","13869.7244620846","16413.463829029","12084.9911562815","12904.030512551","13895.0280466907","13575.0539211644","12520.047041956","13073.9436709166","12034.9474260655","11384.1551661133","12940.0836120605","12036.4382304433","12565.8711015061","10596.7056374805","11603.9729624325","12146.766819572","11489.0494098777","12914.7045888894","13195.6385983341","10944.5106530346","8702.83319174078","7630.09927714791","3776.99982109798","3167.10992318672","3492.20664587289","3675.19934857976","3589.15943824479","","",
"Cayman Islands","CYM","Energy use (kg of oil equivalent per capita)","EG.USE.PCAP.KG.OE","","","","","","","","","","","","","","","","","","","","","","","","","","","","","","","","","","","","","","","","","","","","","","","","","","","","","","","","","","","","","","","","","","",
"Cyprus","CYP","Energy use (kg of oil equivalent per capita)","EG.USE.PCAP.KG.OE","","","","","","","","","","","","","","","","","","","","","","","","","","","","","","","1740.28410545305","1749.13818312402","1945.45068816727","2049.36379971898","2292.58037960181","1974.09617155896","2153.27326247657","2065.65425367285","2170.96782770879","2142.09657234761","2264.91863707719","2202.31996036706","2193.91481710233","2345.28181012039","2162.85328059404","2161.54002386306","2209.33213219678","2293.75458684904","2399.21662682596","2311.55219411824","2192.46748939146","2093.44029665285","1936.16516091053","1646.32678982431","1659.57813297538","1677.40248205105","1761.87442919766","1794.01732213218","1773.61456364017","1758.05457120745","1638.57191138119","1666.21660995085","1682.70492545045","1672.78575414138","","",
"Czechia","CZE","Energy use (kg of oil equivalent per capita)","EG.USE.PCAP.KG.OE","","","","","","","","","","","","","","","","","","","","","","","","","","","","","","","4819.65584902188","4387.26367444601","4268.64538718391","4130.59833806784","3986.81722728547","4042.6111862471","4173.39126046219","4210.18489983704","4077.81993207968","3809.01218474787","4021.61848184496","4141.00267465915","4201.38475973945","4387.20916861071","4486.66998957412","4431.36895897075","4519.45697588637","4485.47979116894","4360.02770432797","4077.69663054804","4308.57118358445","4144.39895277279","4109.54462324211","4110.99172821634","3984.15406100189","3982.18836315647","3927.72515918366","4089.51341285553","4081.41868670154","4002.2461173426","3764.47161158552","4056.31700066788","3895.62928915395","3509.34804885656","3416.31765167586","",
"Germany","DEU","Energy use (kg of oil equivalent per capita)","EG.USE.PCAP.KG.OE","","","","","","","","","","","","","","","","","","","","","","","","","","","","","","","4421.75298411525","4303.21110441046","4191.07717344268","4123.06429325007","4089.20711052609","4119.89234314538","4247.28041587343","4203.57228180046","4177.53862595182","4080.1161545149","4094.27901518469","4210.00080103251","4108.61729515583","4096.47794323132","4131.61083697","4109.8805864045","4235.93876578004","4023.73935857078","4081.87998694017","3821.62500577239","4029.83085754355","3891.87175356307","3913.43920397127","3986.18505186393","3794.44720253102","3780.85027551891","3765.21799936242","3763.19404182465","3659.22924485198","3570.88159282488","3349.19931383762","3467.03057027911","3261.8564081995","2928.19658713867","2824.59006117053","",
"Djibouti","DJI","Energy use (kg of oil equivalent per capita)","EG.USE.PCAP.KG.OE","","","","","","","","","","","","","","","","","","","","","","","","","","","","","","","224.414357643502","","","","","","","","","","","","","","160.992780744779","165.640450589692","167.102144983897","163.51677705002","","","","","","","","","","","","","","","","","","",
"Dominica","DMA","Energy use (kg of oil equivalent per capita)","EG.USE.PCAP.KG.OE","","","","","","","","","","","","","","","","","","","","","","","","","","","","","","","304.071610151234","","","","","","","","","","","","","","568.107328584539","596.502458754037","610.41188268465","624.573329266344","","","","","","","","","","","","","","","","","","",
"Denmark","DNK","Energy use (kg of oil equivalent per capita)","EG.USE.PCAP.KG.OE","","","","","","","","","","","","","","","","","","","","","","","","","","","","","","","3375.49333145812","3735.64154144855","3562.82145818303","3646.52089759252","3761.11016678955","3707.41092964335","4172.12941575212","3849.84990295516","3773.46075884024","3604.16901055628","3491.17168608231","3586.44822949877","3536.23974586372","3729.38314390985","3598.35312921664","3484.59359006274","3729.69717999863","3626.53224599977","3502.69455323849","3359.26672454922","3498.02225565498","3218.55317400981","3072.08722081193","3075.55142847176","2881.05250715935","2847.9879109495","2891.02688317679","2896.57067618882","2870.41628591658","2757.24986480703","2637.04300572344","2756.12264765988","2580.54319180783","2482.85667093368","2502.21881765196","",
"Dominican Republic","DOM","Energy use (kg of oil equivalent per capita)","EG.USE.PCAP.KG.OE","","","","","","","","","","","","","","","","","","","","","","","","","","","","","","","561.152919456484","554.104191409934","602.320301428522","572.287520735944","644.909410726293","664.774016514394","681.360544376303","747.226377275424","780.871349337232","797.563330655881","856.256386147598","819.653073657806","882.200793773631","783.89236996528","749.386905892802","772.037711488806","792.6097043369","812.279711429867","772.574772036856","743.587387722268","773.404254862996","780.082749539865","791.42994660033","762.355920346053","745.786212900828","797.923170664734","842.638249219176","824.396571608205","860.8644315883","927.882170823972","862.922281087901","954.921847557077","960.933551504942","1011.62393484072","","",
"Algeria","DZA","Energy use (kg of oil equivalent per capita)","EG.USE.PCAP.KG.OE","","","","","","","","","","","","","","","","","","","","","","","","","","","","","","","874.398446212665","903.129128362507","902.220501427253","883.920900907848","833.35888667661","851.702645830746","808.685420917717","813.381549041801","828.485785729723","872.199058779228","873.657787057718","863.498325342364","911.440557642084","955.848483496115","954.298409338891","979.326457769033","1032.63866815022","1077.66189233078","1070.72807038599","1147.30600554253","1151.13889665565","1174.26806450034","1258.83718458975","1273.72242693806","1358.04787814425","1414.49702064392","1371.20207705232","1380.3468180174","1442.30211193457","1463.50985736009","1373.67832094406","1451.44517709293","1499.50999958517","1503.41406578063","","",
"East Asia & Pacific (excluding high income)","EAP","Energy use (kg of oil equivalent per capita)","EG.USE.PCAP.KG.OE","","","","","","","","","","","","","","","","","","","","","","","","","","","","","","","706.131742431728","688.093184964452","701.325096463481","731.807539485248","752.640490508788","795.949757180214","809.43433346241","808.157516737374","797.014191137143","807.69453953982","822.765271422","840.18272171828","884.522369773311","978.029688903909","1087.31774136647","1175.19031939503","1257.91689575169","1330.14619725907","1359.23128009376","1427.30970563691","1550.29882898295","1632.54771196013","1676.90763687779","1721.14156332657","1753.08449625937","1744.61159587763","1736.64348544991","1791.00217684184","1870.61099890604","1937.10810351152","1972.74327928041","2079.09178730252","2128.39580071466","2246.31817940879","","",
"Early-demographic dividend","EAR","Energy use (kg of oil equivalent per capita)","EG.USE.PCAP.KG.OE","","","","","","","","","","","","","","","","","","","","","","","","","","","","","","","590.850705940113","602.779277772614","606.824506676262","614.581443102505","629.452755421024","637.999019060013","644.927579370612","656.366563992522","660.683639353964","675.934750148513","672.948595598009","668.568570549069","679.700018103877","691.037953465144","711.374658585432","728.724809042489","747.23539923469","766.499737570447","787.011942116007","794.168169805903","813.376549706283","823.518377642629","837.516201950441","837.011069300641","861.888058740599","860.79548113171","873.605922249648","895.059398209353","896.283480365817","901.377199586837","864.133213028563","912.754623482764","933.184042426177","954.95062377514","","",
"East Asia & Pacific","EAS","Energy use (kg of oil equivalent per capita)","EG.USE.PCAP.KG.OE","","","","","","","","","","","","","","","","","","","","","","","","","","","","","","","1009.55325227475","999.118014051373","1023.05807895728","1060.39303576598","1095.48603813812","1141.74758801923","1165.98470995211","1172.96257564741","1151.58346213356","1171.56467140967","1196.49276808486","1206.00464338584","1249.39086259535","1335.31445229886","1445.11514316108","1517.23093556571","1593.4956978621","1660.42354960652","1677.50088460962","1727.68212838192","1857.13577664061","1915.46474085199","1948.80215021393","1990.22103962021","2011.2789241599","2001.74575879334","1995.29563548998","2045.51931784722","2114.20952872501","2165.00705696613","2178.56835402956","2289.53492224628","2324.73240211175","2419.76967105104","","",
"Europe & Central Asia (excluding high income)","ECA","Energy use (kg of oil equivalent per capita)","EG.USE.PCAP.KG.OE","","","","","","","","","","","","","","","","","","","","","","","","","","","","","","","2841.89032896015","2761.94758953314","2456.90036275721","2209.35483493613","1958.92778315467","1893.57356283658","1822.90063856319","1779.60982350102","1756.10546234323","1713.54507410206","1740.08243555044","1699.03500030369","1748.01693648395","1824.53249658096","1897.49869858732","1884.80513608356","1957.9511563026","2018.86178832478","2028.50198402681","1841.56697957756","1996.9316000467","2056.75583409276","2011.70051311674","1967.78081248428","1842.73580697993","1765.81376257207","1818.37108881177","1856.49770738227","1898.14807868366","1882.90407173794","1840.24076277517","2010.43054045206","1871.98540065301","1884.59917291966","","",
"Europe & Central Asia","ECS","Energy use (kg of oil equivalent per capita)","EG.USE.PCAP.KG.OE","","","","","","","","","","","","","","","","","","","","","","","","","","","","","","","3749.00508477146","3712.71596920715","3492.64515276345","3371.55959775843","3185.37220676216","3194.91314874859","3232.81543434457","3168.12019872189","3156.38696488912","3152.53847633518","3177.72491572227","3220.81881420458","3222.0530374815","3308.82102220686","3342.90815056519","3344.43063306595","3389.0227988068","3360.66296270107","3368.40311465491","3147.62764026104","3308.26057052866","3270.12731674531","3246.96594523681","3190.96257669017","3075.64362979226","3049.9120125681","3086.77274325844","3131.61584558189","3163.39323742431","3085.28208440986","2947.50836666666","3181.06740134042","3039.02830641094","2931.82179165655","","",
"Ecuador","ECU","Energy use (kg of oil equivalent per capita)","EG.USE.PCAP.KG.OE","","","","","","","","","","","","","","","","","","","","","","","","","","","","","","","604.385185437681","621.669111509305","616.129973808237","562.965692222008","591.015739147634","679.11036362393","701.923963874189","715.356853475628","721.83171905857","640.345822140702","638.756054226183","668.563680952542","709.305743944436","770.215737177298","785.591926855098","837.891418715488","811.02739152362","875.476008346416","762.824711258849","830.344069134027","867.465226710609","891.346717905666","872.14170563726","911.670139950059","983.169096054705","937.035024847677","885.908943461603","900.097212296325","859.0065244756","904.417680495404","785.501430511736","886.251942198984","907.425347450976","949.273888855786","","",
"Egypt, Arab Rep.","EGY","Energy use (kg of oil equivalent per capita)","EG.USE.PCAP.KG.OE","","","","","","","","","","","","","","","","","","","","","","","","","","","","","","","575.627816051793","560.09244203582","560.197168973292","567.643027729985","535.527088500906","557.752927274638","578.994921620111","589.73786141318","615.903471310701","615.24506398418","569.881356092312","634.095104088458","636.526193894253","647.53985335306","692.141360028845","778.769640304157","806.402489163819","844.384421346476","859.150259001023","862.435116243687","838.166707475228","860.053119855617","866.240866672303","825.189960336054","832.772090858109","810.817127279737","872.581407763809","897.218073562482","870.813573488394","844.783013447093","805.259456646637","857.821938469275","902.48842991302","928.39494742708","","",
"Euro area","EMU","Energy use (kg of oil equivalent per capita)","EG.USE.PCAP.KG.OE","","","","","","","","","","","","","","","","","","","","","","","","","","","","","","","3487.29714507632","3506.19647139308","3414.93339648003","3388.50534506249","3371.31027707905","3476.21415550248","3580.5670172705","3563.88495259897","3615.97094313725","3599.76421379405","3634.01506896345","3721.22816305172","3706.34192769839","3775.18474156574","3806.74761686454","3803.14564813651","3800.95084084595","3721.09842870295","3695.10848620621","3472.7505427699","3588.4341146593","3468.62828191364","3425.57679884438","3389.206495259","3253.72066628666","3297.94766606394","3297.59159422871","3332.0240402318","3273.55901240362","3215.15473930477","2972.79521310255","3143.37894717685","2945.54432313083","2803.07535665532","2789.62558383149","",
"Eritrea","ERI","Energy use (kg of oil equivalent per capita)","EG.USE.PCAP.KG.OE","","","","","","","","","","","","","","","","","","","","","","","","","","","","","","","","","487.810505107134","496.324286728029","496.469608395975","492.68886637698","492.09707586343","483.954445898394","310.659081046161","317.384681009183","315.395535029609","322.668541220259","299.832707809687","330.949471726041","268.667667611852","264.190146723474","245.383387133755","244.433724354807","239.25916399818","244.677921933455","248.894956494924","258.760972689353","262.063036384126","260.936166552643","266.358094164411","272.036486003147","277.730097694676","279.100492502831","284.048243367687","286.133520690109","285.996406436595","288.025287685807","290.500531064104","292.343429731134","","",
"Spain","ESP","Energy use (kg of oil equivalent per capita)","EG.USE.PCAP.KG.OE","","","","","","","","","","","","","","","","","","","","","","","","","","","","","","","2317.97017574877","2398.21804948706","2430.88437246788","2319.50158512719","2435.94127282847","2537.01654979213","2489.29122824676","2634.70993203434","2756.25615027943","2878.01236592727","2991.49306471374","3048.84384472463","3095.99686843763","3145.4023925367","3226.28942874321","3239.54436471806","3190.72627710892","3168.95970956596","3015.00798974738","2749.85548907362","2735.18257337486","2684.34318918947","2677.18038552382","2506.25540520067","2458.57177736167","2552.40125248088","2563.00704379932","2690.49733287835","2666.26079715432","2573.90442450746","2303.51311623486","2422.46704705393","2408.92811488939","2293.70814634203","2303.6111637731","",
"Estonia","EST","Energy use (kg of oil equivalent per capita)","EG.USE.PCAP.KG.OE","","","","","","","","","","","","","","","","","","","","","","","","","","","","","","","6818.48447304429","6339.72373091907","4195.77321216626","3639.5461674343","4108.50204498328","3917.02322755288","4153.07801709925","4070.39889054806","3790.51957857562","3543.4730567446","3377.645508595","3589.37747318315","3375.56515275032","3680.05850823958","3952.3382123667","4015.42832630309","4006.73962643142","4690.13970340714","4142.50947696917","3360.6644887123","4419.42268300424","4311.6949178562","3984.06344804238","4435.56686367547","4226.20121103955","3695.11919135189","4579.42111654538","4444.84667060588","4282.71513259126","3661.49925395092","3368.23730668515","3427.29968051085","3559.04893160478","3089.39333905852","2708.7827664704","",
"Ethiopia","ETH","Energy use (kg of oil equivalent per capita)","EG.USE.PCAP.KG.OE","","","","","","","","","","","","","","","","","","","","","","","","","","","","","","","368.247986717548","366.903730823917","360.759293316477","362.729069533154","363.832192837619","364.887007146337","365.417427056509","364.138774400544","364.193348754706","363.234894582195","363.603550531224","366.971780860921","366.758089028477","367.63116772625","367.777166433932","365.389330954915","366.046138985671","367.675946638422","368.652913303335","368.44943557023","368.268746003103","371.320232525157","371.675426449938","375.85804849591","379.902875684312","379.764413056995","383.271232956714","381.746445734134","384.353883621329","385.847616822769","379.568149086532","372.343233834902","378.635522850201","382.175692692495","","",
"European Union","EUU","Energy use (kg of oil equivalent per capita)","EG.USE.PCAP.KG.OE","","","","","","","","","","","","","","","","","","","","","","","","","","","","","","","3426.49409240211","3404.54064485331","3301.4790566914","3284.30909377452","3256.61116988443","3358.30331649555","3465.23602990044","3435.4220004299","3448.71169200036","3408.71030576992","3426.83308666772","3513.05434688124","3509.85008081957","3580.34477017976","3610.4237630397","3610.55848940846","3625.76732649016","3560.87699096301","3539.98406145018","3325.85401389365","3455.72012945554","3352.9544484885","3305.80724919781","3267.65397107209","3143.88823335219","3176.28838380569","3193.84744220649","3244.3990547838","3211.86260683638","3149.89746458067","2933.9871843456","3109.88687759671","2922.75168024871","2780.2009151871","2821.39665655907","",
"Finland","FIN","Energy use (kg of oil equivalent per capita)","EG.USE.PCAP.KG.OE","","","","","","","","","","","","","","","","","","","","","","","","","","","","","","","5691.62343795639","5742.82671829269","5381.02847300418","5617.27677077652","5972.65301332318","5662.00742267697","6070.34663389252","6277.08095861145","6319.46583521513","6284.09468261203","6257.21912070832","6405.85272256556","6722.82613567459","7072.1791412038","7128.99567069435","6555.77647291287","7106.70978937984","6968.91134494832","6654.45363101075","6255.05051638905","6812.6019950935","6522.93869318769","6265.77228948066","6138.31405576065","6246.04153603753","5921.59681653244","6120.63301519281","6070.15750826277","6165.44402350648","6024.65366583164","5739.2544528356","5996.8929932427","5683.95102157914","5866.65173975112","5613.99170800082","",
"Fiji","FJI","Energy use (kg of oil equivalent per capita)","EG.USE.PCAP.KG.OE","","","","","","","","","","","","","","","","","","","","","","","","","","","","","","","369.58526656632","","","","","","","","","","","","","","761.694759402813","655.047320935788","627.8324058111","583.628117509735","","","","","","","","","","","","","","","","","","",
"France","FRA","Energy use (kg of oil equivalent per capita)","EG.USE.PCAP.KG.OE","","","","","","","","","","","","","","","","","","","","","","","","","","","","","","","3840.29284408953","4038.65106657847","3949.27198438536","3997.18558148783","3831.06683360221","3975.88904728611","4186.80246709718","4043.67394488538","4146.55454542881","4117.93049493822","4130.17270058081","4240.43326978854","4220.32024855816","4296.5464931216","4327.20397302417","4313.6963002429","4214.29234630039","4142.17819118209","4137.71989985562","3938.38637955439","4040.43918739374","3951.00450412595","3929.20601557226","3925.86545930191","3755.83244171123","3799.19260526718","3718.17053401513","3705.41111644137","3669.37065950443","3605.53190025511","3228.48915727036","3469.83398574773","3100.1897815932","3136.12237461475","3184.7895085475","",
"Faroe Islands","FRO","Energy use (kg of oil equivalent per capita)","EG.USE.PCAP.KG.OE","","","","","","","","","","","","","","","","","","","","","","","","","","","","","","","","","","","","","","","","","","","","","","","","","","","","","","","","","","","","","","","","","","",
"Micronesia, Fed. Sts.","FSM","Energy use (kg of oil equivalent per capita)","EG.USE.PCAP.KG.OE","","","","","","","","","","","","","","","","","","","","","","","","","","","","","","","","","","","","","","","","","","","","","","","","","","","","","","","","","","","","","","","","","","",
"Gabon","GAB","Energy use (kg of oil equivalent per capita)","EG.USE.PCAP.KG.OE","","","","","","","","","","","","","","","","","","","","","","","","","","","","","","","1201.08359172965","1207.03874856033","1256.01226770013","1294.00384259768","1117.36470549403","1194.21566119698","1212.43813569091","1196.8182090102","1241.26399218341","1177.82369057002","1153.06155311667","1205.62017172291","1417.03968600606","1621.16641537009","1829.65618455084","2074.20458463989","2263.43017323991","2419.6346592973","2578.18479820338","2728.50138573496","2957.4674143756","2295.78142116486","1955.40804605842","2771.53824040148","2602.65376634085","2550.96047927478","2489.24179859903","2263.59335681829","2294.91220106774","2211.81226516481","2143.31412266993","2106.98378794876","2092.38401880367","2041.86846663466","","",
"United Kingdom","GBR","Energy use (kg of oil equivalent per capita)","EG.USE.PCAP.KG.OE","","","","","","","","","","","","","","","","","","","","","","","","","","","","","","","3597.3010525851","3707.89443811568","3684.81144729003","3713.443124142","3733.80487842151","3729.55293237334","3880.31355582242","3760.81073205794","3787.50885825831","3784.31837908023","3786.40281086309","3785.6601241847","3716.62337347063","3764.06191688174","3697.50381825103","3689.55051742336","3601.05090812166","3443.58715993443","3370.1581117517","3144.00201324492","3235.05383786127","2973.83120573757","3028.77223348044","2962.343786375","2768.00471923628","2774.83945986659","2697.02109894886","2659.07639289685","2632.23008890609","2516.08673070511","2317.54743041471","2377.4766480833","2253.30282671333","2126.55279563942","2069.37917526374","",
"Georgia","GEO","Energy use (kg of oil equivalent per capita)","EG.USE.PCAP.KG.OE","","","","","","","","","","","","","","","","","","","","","","","","","","","","","","","2585.81272484196","2079.27159733069","1776.99680781127","1548.52250758043","968.80714712397","799.90460076894","834.097042101285","755.882765182464","716.288859651759","669.381104463705","703.790688330461","640.36762423724","639.469430603328","684.636577306364","708.052613597414","727.945648077707","781.34402083108","865.688124609239","780.788490925027","811.604883767971","824.605083052625","943.642090063012","993.847722414941","1118.86616651538","1193.781897604","1259.15997860484","1300.49894445527","1312.78610346067","1301.87728809329","1371.17934672286","1327.38644455455","1425.96785615054","1543.58379982411","1530.06712122186","","",
"Ghana","GHA","Energy use (kg of oil equivalent per capita)","EG.USE.PCAP.KG.OE","","","","","","","","","","","","","","","","","","","","","","","","","","","","","","","343.736504631431","346.842908215595","350.413755045689","358.208685416489","363.878561541399","371.979573023255","375.516649147209","383.784688131443","395.747512800287","401.340038042534","322.127334642966","313.165728366048","303.797214535662","281.217826361178","270.192103863779","261.893368449293","274.133659952501","263.025409302741","276.023736903457","274.268692555035","296.099589771501","302.776311436787","328.520151456093","323.671149524462","321.354700935333","325.604049227551","327.930479432879","351.113971311685","378.657496575592","380.421155062376","392.373098140481","382.191892428598","361.562855486466","369.331287865765","","",
"Gibraltar","GIB","Energy use (kg of oil equivalent per capita)","EG.USE.PCAP.KG.OE","","","","","","","","","","","","","","","","","","","","","","","","","","","","","","","2923.22790394466","3665.53595538077","4267.19992412107","4272.22693561271","4801.64517762102","4702.41218110907","4755.71576469717","4920.31899295722","5160.45347722492","5332.89101129507","5544.25207372363","4439.76842955483","4176.86385284769","4108.88604794567","4010.0159068124","3946.77631192923","3951.44120392052","4086.63211786173","4157.59766134873","4168.16039308088","4325.48940416993","4327.29015494422","4245.37041275207","4046.97385867745","3820.02031359863","3746.06615202835","3662.37944172123","3649.1217145717","3729.26886281879","4273.70904795529","3331.81210953576","3239.43414520829","3156.32988443902","3213.50201695807","","",
"Guinea","GIN","Energy use (kg of oil equivalent per capita)","EG.USE.PCAP.KG.OE","","","","","","","","","","","","","","","","","","","","","","","","","","","","","","","","","","","","","","","","","","","","","","","","","","","","","","","","","","","","","","","","","","",
"Gambia, The","GMB","Energy use (kg of oil equivalent per capita)","EG.USE.PCAP.KG.OE","","","","","","","","","","","","","","","","","","","","","","","","","","","","","","","58.5870250764201","","","","","","","","","","","","","","66.6127185884025","64.7856046386493","66.4616460917346","75.3210773292618","","","","","","","","","","","","","","","","","","",
"Guinea-Bissau","GNB","Energy use (kg of oil equivalent per capita)","EG.USE.PCAP.KG.OE","","","","","","","","","","","","","","","","","","","","","","","","","","","","","","","76.6529652274027","","","","","","","","","","","","","","63.7243315058282","62.9711526978072","63.5906233506182","65.4727199297581","","","","","","","","","","","","","","","","","","",
"Equatorial Guinea","GNQ","Energy use (kg of oil equivalent per capita)","EG.USE.PCAP.KG.OE","","","","","","","","","","","","","","","","","","","","","","","","","","","","","","","280.053730785481","271.834315537101","261.679745781367","258.032501247882","252.114582471287","246.344951358607","255.349223595514","277.798468827221","288.860727954079","297.691966348771","342.94581014711","346.083765897848","450.928237072084","453.514851450604","1539.1056670147","1487.70830249441","1434.67726360262","1526.68147418091","1468.22847098395","1443.33062367003","1408.82893129251","1508.54494003481","1488.71178654086","1727.48458399233","1526.63462289312","1370.90677563127","1554.8565612454","1338.09995530593","1413.00455925482","1275.65943710534","1116.56450555349","1295.32967648807","1278.54521201331","1271.35042221008","","",
"Greece","GRC","Energy use (kg of oil equivalent per capita)","EG.USE.PCAP.KG.OE","","","","","","","","","","","","","","","","","","","","","","","","","","","","","","","2102.69488021793","2094.63547017199","2129.91226887459","2090.7776810471","2138.26711244512","2147.14873218934","2206.11405582656","2284.8871389477","2392.93510906742","2393.20228327082","2512.02003858494","2583.56128087388","2603.6056227148","2672.75982215817","2717.47100440097","2758.67496021751","2748.70086926019","2737.50471822283","2749.77926334315","2654.84323438585","2487.52918925294","2413.16129816794","2408.75576544664","2133.12835852595","2128.79231677777","2148.04707916151","2109.41656684289","2148.0515638287","2089.36044213673","2058.5433840771","1839.48818892263","1923.83371318401","1957.62559519573","1874.9562305559","1921.30169085009","",
"Grenada","GRD","Energy use (kg of oil equivalent per capita)","EG.USE.PCAP.KG.OE","","","","","","","","","","","","","","","","","","","","","","","","","","","","","","","424.926688476045","","","","","","","","","","","","","","676.893242958938","719.922722219184","735.461025105552","732.885760301117","","","","","","","","","","","","","","","","","","",
"Greenland","GRL","Energy use (kg of oil equivalent per capita)","EG.USE.PCAP.KG.OE","","","","","","","","","","","","","","","","","","","","","","","","","","","","","","","","","","","","","","","","","","","","","","","","","","","","","","","","","","","","","","","","","","",
"Guatemala","GTM","Energy use (kg of oil equivalent per capita)","EG.USE.PCAP.KG.OE","","","","","","","","","","","","","","","","","","","","","","","","","","","","","","","488.840526784134","489.32506074394","502.681068259635","487.931596645511","500.751009723185","516.44742102637","517.245036950191","527.538464213906","559.049507337427","600.767330241403","615.959274265347","617.599110901996","691.772492475402","690.152455488135","695.807292588302","696.532556264608","686.766920471117","720.416037614003","686.741509274567","721.330649706263","714.079473957746","714.309783013341","734.097136106577","739.005957657715","756.3332181076","787.333802572449","833.619564464987","817.743037292834","833.896289644428","851.641218090737","823.816459269202","924.272879220565","887.900483971214","934.930920861207","","",
"Guam","GUM","Energy use (kg of oil equivalent per capita)","EG.USE.PCAP.KG.OE","","","","","","","","","","","","","","","","","","","","","","","","","","","","","","","","","","","","","","","","","","","","","","","","","","","","","","","","","","","","","","","","","","",
"Guyana","GUY","Energy use (kg of oil equivalent per capita)","EG.USE.PCAP.KG.OE","","","","","","","","","","","","","","","","","","","","","","","","","","","","","","","509.519852139102","","","","","","","","","","","","","","628.2642854707","650.533437418683","658.791039387799","660.623284856797","","","","","","","","","","","","","","","","","","",
"High income","HIC","Energy use (kg of oil equivalent per capita)","EG.USE.PCAP.KG.OE","","","","","","","","","","","","","","","","","","","","","","","","","","","","","","","4708.99245785823","4711.85049032323","4660.58519470747","4658.44464781828","4626.12442882334","4670.6591339369","4764.13698122659","4746.34194770803","4730.39041813027","4793.5082456068","4879.21188341269","4867.15021811401","4883.818609376","4939.48211737985","4997.65904566946","4999.25602581374","5006.16320656155","5005.04911515932","4945.87769609073","4710.37107015107","4876.65446772849","4792.49986591441","4744.16983154113","4735.77705328591","4693.1550195353","4665.77923054519","4660.47618450777","4676.55684500832","4722.61403972111","4651.5264384356","4375.93899311305","4618.53890983624","4561.92669801922","4430.26123729655","4178.25562177402","",
"Hong Kong SAR, China","HKG","Energy use (kg of oil equivalent per capita)","EG.USE.PCAP.KG.OE","","","","","","","","","","","","","","","","","","","","","","","","","","","","","","","1643.83924591339","1703.23035254986","1994.28603038223","1817.02187880225","1856.80780329279","1781.19266302718","1697.25887154868","1588.71002046421","2006.21136133719","2391.77782698951","2121.26333389026","2078.72020108504","1934.25829611026","2027.39386284231","1823.00666629868","1864.70663999897","1899.44680195877","2045.97032642374","1985.30653602798","2043.27170232303","1922.62411959812","2037.95845611292","1944.99681879757","1907.46340816256","1904.11999210825","2030.16882885741","2081.70251975178","1868.11658156736","1896.46705774813","1866.71307032154","1647.66314081469","1669.7851278249","1565.08910052522","1517.85567374711","","",
"Honduras","HND","Energy use (kg of oil equivalent per capita)","EG.USE.PCAP.KG.OE","","","","","","","","","","","","","","","","","","","","","","","","","","","","","","","477.827221914214","468.532678842673","474.956821287762","471.843222153003","476.121360771182","492.057826073647","480.292741769501","510.173822449021","533.431598723603","470.24981885708","456.244812117242","478.946954835196","488.702609745866","517.349761686349","546.865600910087","529.297368453255","563.815954585841","589.594179013274","585.573728824361","565.847197127184","561.818507536758","607.415805872968","611.212692944522","613.620494738777","604.093043217727","659.394073401803","616.39140542774","537.592382183152","565.077916293092","583.591911432311","544.573855679284","569.966470568883","573.344445082903","593.629550840537","","",
"Heavily indebted poor countries (HIPC)","HPC","Energy use (kg of oil equivalent per capita)","EG.USE.PCAP.KG.OE","","","","","","","","","","","","","","","","","","","","","","","","","","","","","","","369.47083044343","366.28583645108","362.912715004979","359.854693180175","366.011673830537","371.787004745926","373.907855604854","377.673927309504","366.383669704049","368.639884537542","352.84405575832","354.158680170072","358.457098295132","357.210640108547","361.057456781949","361.533960954162","363.691792057111","357.362837255025","360.013731802169","363.104377055626","361.466132096099","372.438258365717","381.140048833259","389.850085255733","392.019459357603","392.468380760901","392.64279508224","389.224210990669","388.243715756254","390.266603920469","391.128178708199","399.672551897777","405.173582062992","402.876972513581","","",
"Croatia","HRV","Energy use (kg of oil equivalent per capita)","EG.USE.PCAP.KG.OE","","","","","","","","","","","","","","","","","","","","","","","","","","","","","","","1983.33813559291","1722.21906242149","1613.31787517833","1637.31593715078","1576.32857698638","1636.96263245329","1798.12487711752","1849.47934080476","1878.16241183669","1934.78219488023","1882.60707106679","2033.21443990495","2081.90027621886","2229.34173996566","2228.32579300293","2260.50892445087","2247.14619166641","2335.40182770311","2276.1355193129","2199.79195573117","2181.04401120231","2137.20950653716","2020.48417283556","1990.54136695236","1909.83580091578","2018.54259233172","2057.18869470229","2159.96952184034","2127.63878608554","2173.19836034448","2104.84530641676","2212.49721053261","2154.95483266747","2237.23369863861","","",
"Haiti","HTI","Energy use (kg of oil equivalent per capita)","EG.USE.PCAP.KG.OE","","","","","","","","","","","","","","","","","","","","","","","","","","","","","","","344.596842473127","338.207250946452","331.358779073248","323.582526254313","300.176108676594","332.319868665114","338.044627180884","352.738954203208","348.126149548337","350.048460940539","362.508145870094","349.871957505523","357.41527100048","352.783841058475","352.982907010741","358.405661217114","362.87280089111","365.124802713523","368.507033755957","377.427344980307","388.995522336097","402.483924370114","408.929128657088","415.238817181841","400.500473183027","400.147897154017","408.57215553284","408.776230199065","418.129925118177","406.870862629457","391.184480630154","397.561128417168","370.317251693","323.971258718237","","",
"Hungary","HUN","Energy use (kg of oil equivalent per capita)","EG.USE.PCAP.KG.OE","","","","","","","","","","","","","","","","","","","","","","","","","","","","","","","2774.66774826857","2643.10681200843","2423.38957698369","2481.57741262502","2405.83433383392","2503.25869655795","2573.19416215561","2527.50156325078","2502.42675477679","2490.94017859145","2448.35399628198","2512.91908128888","2520.39755573852","2580.49625909654","2579.6047628527","2781.00595449852","2760.46242793694","2709.84388699596","2676.90840527171","2548.81278026798","2651.34338122621","2600.71787062735","2490.18578889625","2420.16949827793","2423.51498608604","2571.15090547951","2613.09354239281","2737.45332524366","2738.8272901507","2749.24131881139","2713.17923384455","2850.7057950255","2672.86765529203","2515.37052947518","2514.14445788748","",
"IBRD only","IBD","Energy use (kg of oil equivalent per capita)","EG.USE.PCAP.KG.OE","","","","","","","","","","","","","","","","","","","","","","","","","","","","","","","1062.08523770962","1040.65629425944","1006.777050695","995.847491063106","970.978417201334","988.612092840435","991.950985335683","987.304069738568","973.256439807699","982.211322322462","986.797421181498","993.056549364935","1016.8092671348","1073.43765214238","1139.41508866017","1188.32624290112","1241.75972572479","1289.02997701982","1316.10956226669","1326.03565411386","1410.26602234823","1459.43541432078","1488.51287686793","1504.34288860737","1520.09337950184","1502.70086361976","1506.52618277613","1540.32727394823","1581.83487684334","1606.90300675344","1585.63716320488","1688.96951899966","1713.17307933281","1770.86381110671","","",
"IDA & IBRD total","IBT","Energy use (kg of oil equivalent per capita)","EG.USE.PCAP.KG.OE","","","","","","","","","","","","","","","","","","","","","","","","","","","","","","","937.965720132712","920.192155137693","890.050879725642","879.291530827871","857.187132660495","868.024893611042","870.287736220784","866.01634967301","853.095777451323","860.189522732786","860.553151557583","864.638413057569","882.332288422477","926.093132194537","975.782931943437","1013.52651494728","1054.07433071861","1088.59814059592","1109.26532952381","1113.36798141523","1178.87568604311","1216.855383707","1233.48011968377","1244.34846611182","1255.12261595164","1238.79085739357","1241.23100542543","1265.38216867353","1294.18301274695","1310.70319037615","1292.42302928882","1368.52726216525","1380.78209986688","1418.53542546205","","",
"IDA total","IDA","Energy use (kg of oil equivalent per capita)","EG.USE.PCAP.KG.OE","","","","","","","","","","","","","","","","","","","","","","","","","","","","","","","392.589620225391","391.61666890187","384.558970509598","380.15530500817","375.347695704477","368.820299425531","372.853631015541","376.007723601914","373.269039572446","378.651053239758","372.112403586924","373.860946501531","374.547211543678","376.347122013616","379.065968860563","383.633361877649","386.154523672799","384.972987388315","385.068634894757","378.035446150068","388.771008820817","398.39063364356","388.861713457131","391.071027236436","393.757056078614","388.675766164485","396.176851188565","399.717476061125","399.834029497569","402.193238345756","406.181221300218","415.21063573691","408.03052359512","403.80037163926","","",
"IDA blend","IDB","Energy use (kg of oil equivalent per capita)","EG.USE.PCAP.KG.OE","","","","","","","","","","","","","","","","","","","","","","","","","","","","","","","508.645229157531","509.286734810907","503.328686411171","502.878089156468","485.850998616195","461.415118991821","469.213168971666","469.821651568647","466.984709394911","477.93393842893","468.783483639236","466.362077897975","465.941334331076","464.226420287646","470.582725422905","471.467338902834","468.756592314319","465.744714143996","458.817483963155","437.725583394373","463.592278010465","479.104182477306","460.610956979868","457.732706882814","458.071652222935","445.685868481386","455.391651083292","455.373172321882","448.593940658436","452.518255952367","460.710804259249","479.096313567851","457.896942536769","453.070993927603","","",
"Indonesia","IDN","Energy use (kg of oil equivalent per capita)","EG.USE.PCAP.KG.OE","","","","","","","","","","","","","","","","","","","","","","","","","","","","","","","461.47874965682","477.034665447769","489.759547327284","534.334769070592","524.021858215958","574.757187942779","587.218752078902","595.387791448216","567.577817932084","587.052743287001","585.786495774263","591.12494475388","606.322305750967","597.275615070065","634.752388297531","637.329758271386","643.624656628862","628.600516176574","632.507070175417","674.894542379565","674.428442918075","670.381187274325","685.571308766816","701.22584018312","710.040590892745","704.248178401597","724.416482652765","761.410391560642","832.361861659109","850.737725717128","856.09619536168","902.233603991512","958.649355730549","982.414925134717","","",
"IDA only","IDX","Energy use (kg of oil equivalent per capita)","EG.USE.PCAP.KG.OE","","","","","","","","","","","","","","","","","","","","","","","","","","","","","","","322.79022429351","320.134914706937","312.478225012278","305.549439203442","308.037919118348","313.289009363746","314.983269589308","319.564596617142","316.763397538429","318.662870042043","314.135915548627","318.207887162759","319.429771981071","323.221079689023","323.907680470494","330.535524180351","336.083108313774","335.837413517175","339.723991757288","341.156994654512","342.338884428568","348.135524524257","344.670205114464","349.929936740656","354.021701489744","353.386614626322","359.591204239907","365.395371675395","369.820706847704","371.296217954494","372.780512244514","376.149367192904","377.607118916648","373.826913042381","","",
"Isle of Man","IMN","Energy use (kg of oil equivalent per capita)","EG.USE.PCAP.KG.OE","","","","","","","","","","","","","","","","","","","","","","","","","","","","","","","","","","","","","","","","","","","","","","","","","","","","","","","","","","","","","","","","","","",
"India","IND","Energy use (kg of oil equivalent per capita)","EG.USE.PCAP.KG.OE","","","","","","","","","","","","","","","","","","","","","","","","","","","","","","","323.595830731166","331.222087309417","336.206818642044","339.038033254784","347.806182247067","361.640673294246","367.704650910734","376.185592059812","378.300390670302","392.976731815711","394.916803104241","393.38088619861","397.344252941148","399.699897139001","415.47995649887","425.369642526643","441.785886693878","461.201738250187","481.553027437162","509.446000134302","531.86706609011","546.675890208969","572.133085479526","577.254621645988","610.165371779455","622.339883988149","627.273531026365","648.014718317903","668.303370218852","666.977347524506","632.239828540427","676.814293488143","727.902200094024","763.197899394641","","",
"Not classified","INX","Energy use (kg of oil equivalent per capita)","EG.USE.PCAP.KG.OE","","","","","","","","","","","","","","","","","","","","","","","","","","","","","","","","","","","","","","","","","","","","","","","","","","","","","","","","","","","","","","","","","","",
"Ireland","IRL","Energy use (kg of oil equivalent per capita)","EG.USE.PCAP.KG.OE","","","","","","","","","","","","","","","","","","","","","","","","","","","","","","","2820.54349821097","2828.00013129952","2775.3720955257","2813.89487759353","2941.7994253214","2952.15018949796","3122.61177987901","3256.00582922267","3417.93754858216","3544.84050813586","3627.38542635217","3714.01794514649","3663.16912074715","3515.79431954715","3558.69801147061","3513.15701936975","3433.690849782","3407.88558886571","3311.73521178354","3173.7335600355","3149.89842034979","2875.40675480961","2858.91735604826","2802.60964399377","2726.60528005402","2825.9812059763","2932.30415263032","2854.85820468032","2820.44138030583","2747.90158131447","2633.97691248454","2689.36333693732","2600.15740643769","2467.73733963357","2467.50339120772","",
"Iran, Islamic Rep.","IRN","Energy use (kg of oil equivalent per capita)","EG.USE.PCAP.KG.OE","","","","","","","","","","","","","","","","","","","","","","","","","","","","","","","1187.74506046275","1281.45328831159","1322.50943975278","1418.82846840925","1572.39282151467","1627.53420707184","1553.03446677673","1716.87603038661","1724.62254985873","1928.76954619246","1852.32868023683","1978.89752444269","2030.52201096447","2075.2052424627","2215.26566937508","2404.72248381983","2459.98518383154","2560.85802626139","2711.04099566854","2672.02281312134","2639.53621273079","2658.74959959687","2740.80449432044","2758.63469172941","2883.56133864636","2737.21795051014","2861.01308462065","3026.76271438293","2921.43583957478","3177.85679111808","3256.87632117151","3356.96967009824","3288.17306422824","3399.10476404644","","",
"Iraq","IRQ","Energy use (kg of oil equivalent per capita)","EG.USE.PCAP.KG.OE","","","","","","","","","","","","","","","","","","","","","","","","","","","","","","","1140.06857395631","898.069023227648","1295.43119076746","1556.86859388652","1688.17518004057","1580.67937441499","1476.75565525716","1731.61875739311","1273.20991639156","959.845851088191","1089.27326383404","1181.99516468889","1091.28719492902","939.517629598492","980.249444124443","949.253481740859","916.179043545813","909.133658720632","962.301839872785","995.7798442565","1064.17152061051","1125.37331940921","1190.03229059907","1175.83271780348","1082.71904877674","998.349545341439","1076.45729137323","1185.88106304283","1287.11356086079","1319.49517610224","1142.9073605104","1275.91306536574","1415.17378116176","1506.04801552981","","",
"Iceland","ISL","Energy use (kg of oil equivalent per capita)","EG.USE.PCAP.KG.OE","","","","","","","","","","","","","","","","","","","","","","","","","","","","","","","9058.44053572426","8191.26809568401","7916.88186146098","8380.54983199382","8446.30688308021","8405.2559633539","8991.3157466613","8777.09866357746","9291.86510968838","10353.9985939822","11404.9435876155","10925.4513900466","11168.371424924","11092.6178434139","10892.7840096937","10877.230192953","13184.4771597611","15188.3777309195","17341.072624835","17936.5957485126","17024.5130942471","18161.5241113303","17633.6482755645","18212.7336453087","17947.0382271585","16910.7212326475","15701.4730096728","16234.9829641811","17346.7502731224","16700.5920009676","16083.6099695089","15779.653070706","15806.7848368996","15685.697957602","15996.6796098347","",
"Israel","ISR","Energy use (kg of oil equivalent per capita)","EG.USE.PCAP.KG.OE","","","","","","","","","","","","","","","","","","","","","","","","","","","","","","","2460.48176754989","2324.55598552647","2580.92968949329","2634.64593522424","2738.44186262608","2796.31041024382","2801.22764441017","2881.17071224801","2885.62324026661","2737.58342545966","2899.21092060716","2973.01751340231","2862.54444096904","2949.36140375621","2822.35591418715","2661.980099421","2883.01357713219","2899.35253797653","3130.72173959461","2874.86147474045","3043.56517574048","2981.37242150116","2968.58833913788","2662.60942480489","2528.01855666417","2607.84399987972","2569.21718310487","2481.51602271413","2490.06554012289","2407.97500275888","2453.62703150387","2432.5509270456","2501.42064264807","2459.62529465788","2476.65013076128","",
"Italy","ITA","Energy use (kg of oil equivalent per capita)","EG.USE.PCAP.KG.OE","","","","","","","","","","","","","","","","","","","","","","","","","","","","","","","2584.07898755354","2645.87384365211","2627.54011715057","2612.19400052933","2578.66204057136","2799.59479171327","2796.38058021046","2834.63680923621","2913.20022573948","2957.58654940452","3012.48356350836","3020.75373063924","3035.91851152815","3164.10814422149","3162.43494730256","3204.1351997897","3162.24131154867","3132.89653716264","3067.89962633863","2848.10100531328","2904.35856014464","2798.23628262725","2680.46208450702","2576.45615324387","2433.16257781775","2533.02354460955","2511.46353090755","2557.32535513975","2514.69811221783","2494.02659804115","2313.10006204514","2531.08698798735","2411.65172417311","2298.39093933589","2231.202099939","",
"Jamaica","JAM","Energy use (kg of oil equivalent per capita)","EG.USE.PCAP.KG.OE","","","","","","","","","","","","","","","","","","","","","","","","","","","","","","","1098.84826912252","1091.70766935258","1139.85406564567","1130.54025977278","1140.90644822491","1203.56731599874","1257.38194499192","1243.88202034055","1286.68442414829","1308.89611676077","1339.1099922275","1357.36284604569","1290.94473517758","1339.31816349938","1338.63104342676","1303.21146887141","1470.67499756086","1479.15825671767","1177.37176764598","943.351386149021","875.100676933436","923.899986298869","888.692854734165","930.085040039502","900.326456451242","900.563812989648","995.575511803592","917.139932009877","1029.18714024307","1072.41919341023","792.693861792288","877.903327788015","962.771870452418","934.891419269966","","",
"Jordan","JOR","Energy use (kg of oil equivalent per capita)","EG.USE.PCAP.KG.OE","","","","","","","","","","","","","","","","","","","","","","","","","","","","","","","903.937959777405","864.339117769909","921.019623317495","866.114519281372","885.138249298773","905.193588067655","898.412571409829","893.491630691812","902.814664165857","880.871567025474","903.243088042685","876.037093986667","900.964957727455","900.985989582586","1057.17652422962","1107.30679497061","1066.3573147471","1055.84777945071","1011.34553533121","1044.29967184826","973.413219547318","944.486189633114","1034.50305837685","966.849898090231","930.16049745624","903.433667037898","887.616759444148","917.041568368822","869.212005052558","811.583012032737","754.943831707803","741.997765695214","757.518049657458","767.635457519706","","",
"Japan","JPN","Energy use (kg of oil equivalent per capita)","EG.USE.PCAP.KG.OE","","","","","","","","","","","","","","","","","","","","","","","","","","","","","","","3538.39176035754","3560.89610232943","3626.46889746532","3636.46948341282","3823.87113500931","3915.67795216885","3990.47398761077","4022.0891472937","3938.28293836089","3994.22367709485","4067.03534426909","3990.10602386433","3992.91998129661","3956.90048891144","4085.4919552124","4066.44200433533","4064.36044717698","4020.80546615948","3867.13557310575","3709.02326188514","3900.21212768124","3620.18019068219","3536.70253450885","3567.33780517627","3445.81632921551","3400.59271053608","3370.8877963853","3391.05041453219","3343.05412833973","3261.62024942915","3046.85480668859","3196.03970960845","3129.65861717499","3039.14126131753","3005.89902824379","",
"Kazakhstan","KAZ","Energy use (kg of oil equivalent per capita)","EG.USE.PCAP.KG.OE","","","","","","","","","","","","","","","","","","","","","","","","","","","","","","","4281.89445289382","4337.69754409076","4549.12129193902","3799.01798234766","3411.22039446455","3122.78221073192","2762.82237678729","2461.86076122748","2514.04329382024","2324.27262615097","2301.832950293","2217.57862083109","2538.1420196136","2737.29872977182","3204.58811216281","3186.46182049893","3763.63490829315","4065.37338873297","4253.35380920843","3819.51468551316","4105.7018942109","4532.00308919896","4270.24340373999","4645.78037421422","3698.18319229425","3050.9438545054","3389.09731833891","3404.26707460291","3814.13873379292","3753.15793323889","3388.38789091494","3540.40029844449","3506.54555005386","3650.54759330848","","",
"Kenya","KEN","Energy use (kg of oil equivalent per capita)","EG.USE.PCAP.KG.OE","","","","","","","","","","","","","","","","","","","","","","","","","","","","","","","472.558588767998","465.13535378224","461.514800014424","457.162477874331","448.817790825803","457.701869210403","461.288541982308","453.644363435621","459.342548020959","456.367492363499","460.259557885245","452.428455522956","445.351766080328","435.103052843273","449.67502007767","453.624918249435","459.858505198544","456.223752941816","456.15344235827","470.588388726011","469.595821222952","472.715162690229","462.749845582612","471.435474475568","497.485664126512","530.458901047223","533.407778503543","538.606903918261","546.495296692888","543.883187157453","534.753957479746","539.778643234306","541.12804988998","544.940571966597","539.298427448329","",
"Kyrgyz Republic","KGZ","Energy use (kg of oil equivalent per capita)","EG.USE.PCAP.KG.OE","","","","","","","","","","","","","","","","","","","","","","","","","","","","","","","1704.87425564025","1520.68057915522","1102.81488453015","856.921127484997","618.884432070573","522.800473223725","595.726852092905","552.190080874864","578.932786343845","498.399308755737","473.380207144503","435.881289136656","485.300857386353","511.249605075318","497.875476414423","498.539409578874","485.424849059713","560.621207010433","593.947817714401","535.174330847579","503.615577108919","596.801790099001","731.356416357898","674.45237437711","691.53854362528","659.12770366868","624.353480068472","609.705598460026","707.081191051891","609.881986975567","562.289152674562","595.833222359916","643.202841236686","591.211507833659","","",
"Cambodia","KHM","Energy use (kg of oil equivalent per capita)","EG.USE.PCAP.KG.OE","","","","","","","","","","","","","","","","","","","","","","","","","","","","","","","","","","","","282.350097776989","269.715973671116","258.947253051872","268.346190136852","271.448297617757","273.111060087066","276.164207089023","272.095279032918","275.5985706572","279.272336910563","286.390391082312","289.726360027538","298.213771742013","296.389616055637","311.4624062289","323.255970747488","325.063800981871","334.025964498856","337.782036398977","359.954178458003","379.754746691075","412.761212260506","418.968475987658","440.512279217912","487.938920711549","513.179246292562","497.04212828098","498.311736725693","554.905182911585","","",
"Kiribati","KIR","Energy use (kg of oil equivalent per capita)","EG.USE.PCAP.KG.OE","","","","","","","","","","","","","","","","","","","","","","","","","","","","","","","95.0191036002939","","","","","","","","","","","","","","83.2596138835406","81.6035089508849","99.9830028895088","107.771289728416","","","","","","","","","","","","","","","","","","",
"St. Kitts and Nevis","KNA","Energy use (kg of oil equivalent per capita)","EG.USE.PCAP.KG.OE","","","","","","","","","","","","","","","","","","","","","","","","","","","","","","","534.251335575782","","","","","","","","","","","","","","1640.93706142718","1701.22962292999","1696.40748137173","1777.07360938637","","","","","","","","","","","","","","","","","","",
"Korea, Rep.","KOR","Energy use (kg of oil equivalent per capita)","EG.USE.PCAP.KG.OE","","","","","","","","","","","","","","","","","","","","","","","","","","","","","","","2088.02162760717","2259.93752469834","2545.85498921945","2824.86789707394","2968.99819252669","3234.29761074072","3460.92201688076","3675.46830349413","3374.34870324412","3665.80037287776","3952.36285253717","3923.08094343002","4093.47640135718","4137.64649746404","4255.20021526328","4324.50929706891","4337.55103463972","4487.98132629667","4512.96932152779","4557.69756825002","4920.34159542887","5114.96282558864","5122.94213308196","5108.23633855207","5136.98533019492","5239.00345362778","5390.84042635905","5467.82224967457","5531.77957372505","5334.67385872126","5195.91011087811","5513.62830573477","5411.97477731382","5336.92485966157","5438.79036783753","",
"Kuwait","KWT","Energy use (kg of oil equivalent per capita)","EG.USE.PCAP.KG.OE","","","","","","","","","","","","","","","","","","","","","","","","","","","","","","","5367.18159689961","1851.8612343751","5354.04474003878","7325.82199636988","8627.95769942729","8751.97609205067","8370.10996600455","8179.90510092248","9038.31883817753","9405.01207967701","9498.0243597846","9864.90676381762","9714.88959890999","10164.1792837198","10971.4644036465","12019.6254493583","10452.8038422143","9524.11402060719","10651.1238148385","10531.9040890245","11313.7461647106","10506.465965957","10426.982707218","9778.60747500995","8692.30403888948","9738.48954876555","9693.77926411987","9535.25160630279","9781.8532163362","8355.80189447324","8874.99125301981","8573.69391090114","9132.60590930826","8952.27483065729","","",
"Latin America & Caribbean (excluding high income)","LAC","Energy use (kg of oil equivalent per capita)","EG.USE.PCAP.KG.OE","","","","","","","","","","","","","","","","","","","","","","","","","","","","","","","1048.62316163293","1055.24489044507","1058.04788747169","1048.66868799657","1088.99831672733","1076.1343069504","1101.31494332251","1125.33065165085","1146.54528932066","1156.55100974017","1145.8422889451","1130.73218363898","1156.93738130481","1174.07448433061","1198.79564518802","1224.19926113596","1243.93607251148","1267.01773487968","1286.53992000874","1238.56041844171","1306.84296571883","1313.58373808289","1336.677422018","1379.72409144456","1366.68724223094","1343.4799957441","1315.57297057914","1298.91615547093","1259.02277349717","1261.40328098032","1174.84542612516","1248.03966170839","1257.50266253576","1278.56449162992","1468.50944118978","",
"Lao PDR","LAO","Energy use (kg of oil equivalent per capita)","EG.USE.PCAP.KG.OE","","","","","","","","","","","","","","","","","","","","","","","","","","","","","","","","","","","","","","","","","296.828433223862","305.203788340763","308.964836465676","314.0195746722","319.062906873054","324.856817488689","349.385020841441","377.461194811728","406.727596705488","420.273497499618","425.369477265063","424.226591651912","430.532264733894","446.111130889269","458.217462038915","602.367641501306","754.157912843683","811.939924879019","820.796381816976","809.255743180214","727.903699441957","753.830328331407","847.107470128767","880.598982763996","","",
"Lebanon","LBN","Energy use (kg of oil equivalent per capita)","EG.USE.PCAP.KG.OE","","","","","","","","","","","","","","","","","","","","","","","","","","","","","","","543.47917471359","659.143252262006","653.94720298252","921.551480821083","991.740634978759","1115.10083292304","1155.74538409296","1277.85654793545","1237.77380191676","1272.57004724448","1136.87014459546","1199.71023584992","1175.25346522376","1157.2988164132","1149.06001925911","1079.47193036728","985.785471251008","823.875004803328","1061.37912293521","1336.59416990092","1272.70442631431","1257.01533623898","1383.47674048903","1238.32383382097","1192.55300583176","1284.15018153506","1356.17702319106","1475.80821027467","1431.82553489945","1489.87217336526","1251.18116453599","987.597103750431","652.741369292341","780.330161504694","","",
"Liberia","LBR","Energy use (kg of oil equivalent per capita)","EG.USE.PCAP.KG.OE","","","","","","","","","","","","","","","","","","","","","","","","","","","","","","","","","","","","","","","","","","","","","","","","","","","","","","","","","","","","","","","","","","",
"Libya","LBY","Energy use (kg of oil equivalent per capita)","EG.USE.PCAP.KG.OE","","","","","","","","","","","","","","","","","","","","","","","","","","","","","","","2512.50761922772","2493.27596558056","2429.43954834655","2472.15011589683","2739.83662502434","2850.593104619","2937.61134533368","2932.65189453748","2967.3421329784","2854.88343059713","2976.83650740397","3074.78058753118","3089.63282765671","3033.31081378459","3051.03345536709","3114.98564274947","2733.38300724871","2363.56247489929","2578.95942858435","2784.55454632999","3131.50608317262","2631.72794552167","3101.47681342856","2747.59073791604","3550.5742819662","2942.78950702997","3350.14260585583","3698.16883501654","3345.56282924367","3691.94352087401","1411.0433394018","2102.63589527131","1543.81471951705","2662.16736616396","","",
"St. Lucia","LCA","Energy use (kg of oil equivalent per capita)","EG.USE.PCAP.KG.OE","","","","","","","","","","","","","","","","","","","","","","","","","","","","","","","405.635549881399","","","","","","","","","","","","","","730.642539226371","743.427017225748","714.118543678251","763.003850785059","","","","","","","","","","","","","","","","","","",
"Latin America & Caribbean","LCN","Energy use (kg of oil equivalent per capita)","EG.USE.PCAP.KG.OE","","","","","","","","","","","","","","","","","","","","","","","","","","","","","","","1053.22521173545","1059.98421230366","1067.85409046703","1057.10978372833","1096.80825751521","1086.45642589693","1117.15797803837","1146.61168846076","1169.91230738681","1182.93820054024","1173.302994439","1159.11996941229","1185.69506254308","1204.4436457167","1232.2358820466","1261.71402577284","1286.00237091256","1311.53320117293","1328.97938845481","1281.65060137082","1349.63979436017","1361.0357323875","1388.28863630784","1429.8227512821","1411.77100715066","1389.17438424302","1361.35144976447","1344.4694712992","1306.61219354065","1311.92164362326","1217.58009757001","1292.17550441525","1302.20665203935","1321.0279060947","1487.37916310806","",
"Least developed countries: UN classification","LDC","Energy use (kg of oil equivalent per capita)","EG.USE.PCAP.KG.OE","","","","","","","","","","","","","","","","","","","","","","","","","","","","","","","286.560689044827","284.202617304453","283.450900151537","280.472887787566","287.41252496166","293.253630463059","292.966820878156","296.059862349862","289.329981547568","293.185157122229","289.397586844589","294.682134137876","295.733872201302","300.366974722394","299.460179885738","301.520542869097","307.407472337942","306.691541350457","312.781398910364","319.402003687715","319.412585473533","324.442702675823","326.982027592494","340.710065930112","342.784673970963","346.137743265329","350.945074768139","357.726315027791","358.217849414812","361.186141281096","363.978423583269","368.228720153321","372.485294889227","368.270734290916","","",
"Low income","LIC","Energy use (kg of oil equivalent per capita)","EG.USE.PCAP.KG.OE","","","","","","","","","","","","","","","","","","","","","","","","","","","","","","","494.237202184097","485.701569233571","456.830480529057","436.870741533518","429.681587350573","428.686087055893","417.772574314367","418.451573858934","401.664059054602","404.177515226034","396.60725128496","400.964925436637","398.017059973811","397.925265763343","396.161589545456","405.926104847396","408.972502118059","391.727465003013","398.880144446774","394.754534294336","387.688926741664","378.852669793567","361.543831583483","358.981484137631","360.760990442644","345.549857947253","343.031968398419","364.692921156615","364.317599664362","364.04080844931","364.131187262231","360.809726888977","366.680907176982","363.161960972425","","",
"Liechtenstein","LIE","Energy use (kg of oil equivalent per capita)","EG.USE.PCAP.KG.OE","","","","","","","","","","","","","","","","","","","","","","","","","","","","","","","","","","","","","","","","","","","","","","","","","","","","","","","","","","","","","","","","","","",
"Sri Lanka","LKA","Energy use (kg of oil equivalent per capita)","EG.USE.PCAP.KG.OE","","","","","","","","","","","","","","","","","","","","","","","","","","","","","","","337.389592156601","339.935282876488","343.306435724888","355.839453713108","336.762484355537","341.957354306137","375.383200064147","381.706846886147","380.775218480436","399.123527120799","431.626121530964","410.76714173174","413.992678676583","435.238621381633","438.069918482433","445.300894859361","446.350685504025","451.980410920531","437.226211399681","441.046700924692","467.337028685651","472.049545062096","481.969963365297","456.611626872059","485.888973391929","501.51829450226","542.577379685228","514.23622858293","508.543364517116","523.467212401339","511.109950825019","527.156696517111","463.726722097872","466.718993611413","","",
"Lower middle income","LMC","Energy use (kg of oil equivalent per capita)","EG.USE.PCAP.KG.OE","","","","","","","","","","","","","","","","","","","","","","","","","","","","","","","383.781995007648","388.055420123119","391.393114904743","390.328568345558","395.405873801508","397.260483667535","404.775989158739","410.405740862122","413.783266393229","427.09599973949","422.627781870248","422.752361082572","431.341569241619","431.160234469737","441.90719356832","452.246380798275","463.134924550032","475.682798573963","487.707300663543","498.095952367113","520.632632542976","530.324420729874","542.670261327269","546.570680467864","560.584109208795","565.503912563485","573.488305958555","586.142251933523","588.060308540169","587.246517201116","563.963383437232","597.378037103947","618.800101723628","635.60809954612","","",
"Low & middle income","LMY","Energy use (kg of oil equivalent per capita)","EG.USE.PCAP.KG.OE","","","","","","","","","","","","","","","","","","","","","","","","","","","","","","","725.153563892993","715.797096452665","706.450014490382","707.113893302376","709.853128046055","726.043390096849","729.707542642556","734.360605225044","727.622181359231","734.091900103599","735.388704781312","739.487477398217","759.472780380703","800.945909900313","853.869925465275","892.893502542842","931.087472136468","967.14974857786","987.3623872957","1002.8662608913","1062.1826588316","1097.2599048385","1115.12471442456","1131.06215873886","1144.81787051303","1130.94083744477","1130.83238735684","1155.27566650676","1178.8399071322","1202.27930708286","1186.67802280427","1249.18965278159","1264.41956720463","1310.96659229949","","",
"Lesotho","LSO","Energy use (kg of oil equivalent per capita)","EG.USE.PCAP.KG.OE","","","","","","","","","","","","","","","","","","","","","","","","","","","","","","","","","","","","","","","","","","","","","14.2050571017929","16.8964238974827","9.76832112893001","9.72728780689593","","","","","","","","","","","","","","","","","","",
"Late-demographic dividend","LTE","Energy use (kg of oil equivalent per capita)","EG.USE.PCAP.KG.OE","","","","","","","","","","","","","","","","","","","","","","","","","","","","","","","1363.10431948408","1321.96719543982","1276.20622534601","1263.17078456626","1221.743321313","1245.66880876415","1256.7786289615","1237.46811566568","1218.7105707127","1227.95225319801","1244.1401789053","1270.68471115193","1311.51702175009","1412.25836651632","1519.94074093002","1605.97766898366","1704.67493915179","1782.16676120014","1827.14507781609","1851.45147964012","2005.6759830051","2097.76448526427","2145.44006695529","2187.1824748187","2205.99865229309","2188.09787142213","2186.72974571825","2235.22509136731","2317.81216604748","2364.1492621088","2380.15194542951","2530.23440557383","2565.67967523815","2662.60544375195","","",
"Lithuania","LTU","Energy use (kg of oil equivalent per capita)","EG.USE.PCAP.KG.OE","","","","","","","","","","","","","","","","","","","","","","","","","","","","","","","4344.38252198852","4601.93095385275","2978.47794398708","2472.2142849924","2220.47403471325","2401.16634284387","2610.08628191169","2493.7495603031","2637.51048470464","2262.27498039981","2040.58088590544","2388.28142241839","2578.77097536015","2714.29508589632","2784.89403569789","2668.04972447817","2669.90395839998","2927.72851407517","2978.8832571652","2771.81869908328","2276.51776090125","2412.97760145453","2468.16458396119","2352.91337348691","2376.27537817697","2420.60555053468","2504.98383829705","2653.39984329273","2711.1618678975","2707.60764686504","2674.06840356432","2774.31979458134","2453.93993260259","2437.04601158794","2602.99603179939","",
"Luxembourg","LUX","Energy use (kg of oil equivalent per capita)","EG.USE.PCAP.KG.OE","","","","","","","","","","","","","","","","","","","","","","","","","","","","","","","8874.23375252759","9353.56327219142","9262.23284271142","9267.14267111048","8823.41230283802","7705.6113924511","7711.39686819289","7410.05941588504","7067.1278332709","7267.21827016126","7682.15555208276","7986.41389470608","8205.47469644344","8553.03437986234","9381.20382071321","9429.92465262134","9172.05598332149","8779.506079749","8625.43333557115","7958.76292955031","8335.83500727028","8062.97911929005","7723.78432331196","7320.72167920662","6878.68145180459","6548.75962101678","6342.68337961913","6313.35371226953","6414.36478270833","6376.86696643123","5435.81570647944","5631.08725670864","4862.94740833352","4592.3797932503","4552.13864565813","",
"Latvia","LVA","Energy use (kg of oil equivalent per capita)","EG.USE.PCAP.KG.OE","","","","","","","","","","","","","","","","","","","","","","","","","","","","","","","2962.61535363742","2799.84977757419","2342.0864619507","2058.79946708512","1894.08737149381","1849.74049017187","1840.13310707981","1821.52503250191","1796.35474595888","1664.12048369325","1618.63984186997","1759.37012358937","1763.47087642626","1890.17674853578","1961.33307330101","2022.79776925294","2114.39349147162","2179.77647892811","2106.6010583897","2056.15424051112","2149.36312781374","2066.71476050433","2171.07870823934","2156.58828450936","2177.02968269444","2155.8522069549","2172.43884661611","2265.21693915892","2403.49981780927","2343.51581884881","2251.38250119088","2375.51850702838","2256.11904538867","2240.33649708375","2270.98428733588","",
"Macao SAR, China","MAC","Energy use (kg of oil equivalent per capita)","EG.USE.PCAP.KG.OE","","","","","","","","","","","","","","","","","","","","","","","","","","","","","","","","","","","","","","","","","","","","","","","","","","","","","","","","","","","","","","","","","","",
"St. Martin (French part)","MAF","Energy use (kg of oil equivalent per capita)","EG.USE.PCAP.KG.OE","","","","","","","","","","","","","","","","","","","","","","","","","","","","","","","","","","","","","","","","","","","","","","","","","","","","","","","","","","","","","","","","","","",
"Morocco","MAR","Energy use (kg of oil equivalent per capita)","EG.USE.PCAP.KG.OE","","","","","","","","","","","","","","","","","","","","","","","","","","","","","","","312.552309355182","322.844846891982","336.362709887227","343.585585268207","362.49138747337","353.725757494428","366.087252585757","371.741177925287","373.269132562206","391.11777764283","387.674326412744","405.385733553728","406.634838346005","399.736368353388","463.894860712269","484.797908832576","486.582730066603","495.471813588118","507.932323340328","504.85859762712","526.098528303577","559.353279063147","559.656539214197","554.322076671451","555.591040302721","563.603106638362","558.062023900473","577.582098917111","577.178572918036","614.502733565635","575.699296767116","616.051393306028","602.994477750907","600.64391286941","","",
"Monaco","MCO","Energy use (kg of oil equivalent per capita)","EG.USE.PCAP.KG.OE","","","","","","","","","","","","","","","","","","","","","","","","","","","","","","","","","","","","","","","","","","","","","","","","","","","","","","","","","","","","","","","","","","",
"Moldova","MDA","Energy use (kg of oil equivalent per capita)","EG.USE.PCAP.KG.OE","","","","","","","","","","","","","","","","","","","","","","","","","","","","","","","3322.28579289929","2767.59510258541","2296.83352783866","2048.93757145493","1715.88533850766","1597.87840142214","1376.04348286205","1318.39683316907","1217.56418384255","1063.33955654761","985.928952009192","1046.10154095215","1063.47434041597","1157.57082496873","1166.2119108417","1219.63334396967","1197.85781024639","1173.38914723484","1168.16512504218","1111.42197315364","1302.53378603286","1322.40704209495","1316.76859981901","1184.75017871064","1277.13936379874","1307.99462011084","1356.31269266323","1397.59909786185","1495.57314367291","1500.03948472062","1461.47443268889","1611.52792339614","1422.63575303914","1296.80089045941","","",
"Madagascar","MDG","Energy use (kg of oil equivalent per capita)","EG.USE.PCAP.KG.OE","","","","","","","","","","","","","","","","","","","","","","","","","","","","","","","224.501261378528","226.616300152812","227.136339437519","229.104724472778","209.554758065342","243.796187348118","247.046073613656","249.288041851042","251.87634649636","256.016791211411","255.709986506438","254.167832334244","235.904702374408","247.053924908213","250.245993304321","250.780807193194","250.834742473721","254.441517219544","259.197265939314","253.627612930936","255.486793083651","259.293314846996","265.242059456403","268.494073877684","271.281685784756","275.433586595012","293.328923828643","299.463517836282","292.831330128501","313.773309420624","300.285223048122","305.976255858139","307.480556797899","304.428884270017","","",
"Maldives","MDV","Energy use (kg of oil equivalent per capita)","EG.USE.PCAP.KG.OE","","","","","","","","","","","","","","","","","","","","","","","","","","","","","","","226.448154047392","","","","","","","","","","","","","","829.42673341893","734.264707322088","917.632889492147","921.47719883259","","","","","","","","","","","","","","","","","","",
"Middle East, North Africa, Afghanistan & Pakistan","MEA","Energy use (kg of oil equivalent per capita)","EG.USE.PCAP.KG.OE","","","","","","","","","","","","","","","","","","","","","","","","","","","","","","","937.352668654889","955.469459819143","1017.0986523153","1060.06247408757","1102.73578525461","1110.6859052111","1108.16500678239","1142.70851845512","1138.25000032196","1154.45854782731","1160.9258707253","1220.31123035632","1243.42877495781","1245.48711577734","1284.97342581549","1348.66609369523","1383.29533595144","1418.72877062474","1474.69203603717","1485.08860504921","1516.65032256889","1518.55491695988","1553.14604231383","1532.28365894471","1586.07765674964","1573.85806679745","1600.98189381486","1633.94658893986","1607.24654600744","1618.93316695343","1561.17181716059","1607.38683782763","1607.1068006948","1641.47789802094","","",
"Mexico","MEX","Energy use (kg of oil equivalent per capita)","EG.USE.PCAP.KG.OE","","","","","","","","","","","","","","","","","","","","","","","","","","","","","","","1502.65916196056","1547.4413301937","1532.05083523555","1529.66917943226","1536.71971480805","1461.03050354057","1467.31082127073","1518.26280329371","1536.12241939376","1555.69407717508","1541.32297457171","1563.12708165755","1556.55451556538","1644.23440955963","1651.99432971724","1718.63669370638","1723.71763802356","1693.77880726541","1678.23287321257","1616.79369985205","1581.82622504404","1632.53833582198","1652.16322037583","1633.00512016612","1582.66666115179","1539.13826670827","1525.3837445098","1478.43896510686","1493.47882156246","1469.65350320528","1366.42722558757","1417.70559078908","1441.98382794786","1467.10931902847","1558.75790867013","",
"Marshall Islands","MHL","Energy use (kg of oil equivalent per capita)","EG.USE.PCAP.KG.OE","","","","","","","","","","","","","","","","","","","","","","","","","","","","","","","","","","","","","","","","","","","","","559.942847212836","558.70226948715","577.011847976612","614.970692802921","","","","","","","","","","","","","","","","","","",
"Middle income","MIC","Energy use (kg of oil equivalent per capita)","EG.USE.PCAP.KG.OE","","","","","","","","","","","","","","","","","","","","","","","","","","","","","","","739.110557289387","729.765831304251","721.917535754275","724.089157139361","727.67110228225","745.133910504156","750.014158190322","755.182734320744","749.362135213349","756.375436816299","758.518058003468","762.893565980796","784.799460789975","829.575881679655","887.069457560193","928.721827803569","970.101390822678","1010.87461872636","1032.47262770379","1050.17116171553","1115.44151306607","1154.81421688123","1177.83941640292","1196.06617040992","1211.55026876183","1198.64631359295","1199.74371526036","1225.51915677931","1252.45692168689","1279.44443251855","1263.81573520859","1334.09221845322","1351.94429603802","1405.2413297829","","",
"North Macedonia","MKD","Energy use (kg of oil equivalent per capita)","EG.USE.PCAP.KG.OE","","","","","","","","","","","","","","","","","","","","","","","","","","","","","","","1200.33520705064","1180.71071946867","1328.90825402291","1380.86060621795","1241.00821478486","1251.21569847779","1468.03580163728","1345.47119614928","1439.11481014991","1343.5290379525","1316.52551296742","1266.25009844181","1251.05324515581","1379.16538502756","1362.18449664398","1453.50436062578","1486.59574899626","1550.39471481413","1540.69779663479","1437.83185635895","1475.24277459969","1619.7624762799","1549.52343072076","1441.72181001724","1404.88281081687","1387.97962391811","1408.22019004476","1438.49195928251","1370.12165061411","1503.51336885666","1388.54646388838","1455.08840227388","1476.13542564094","1450.14177456794","","",
"Mali","MLI","Energy use (kg of oil equivalent per capita)","EG.USE.PCAP.KG.OE","","","","","","","","","","","","","","","","","","","","","","","","","","","","","","","","","","","","","","","","","","","","","","","","","","","","","","","","","","","","","","","","","","",
"Malta","MLT","Energy use (kg of oil equivalent per capita)","EG.USE.PCAP.KG.OE","","","","","","","","","","","","","","","","","","","","","","","","","","","","","","","1961.64255614556","1846.46137238063","1807.04451982783","2288.9602124363","2056.33433361958","1879.02897380994","1836.61841201857","2047.39672720575","1792.79947947045","1943.41376343467","1731.67515154798","2001.30094235953","1851.86412884869","2071.44952722888","2066.57163915642","2101.87985022264","2095.17873042085","2131.22296210827","2153.74903793408","1953.4340878955","2022.68894914335","2002.2597001723","2102.78419805068","1822.11290174526","1793.37877402513","1448.8722651887","1311.66732595294","1451.209231349","1407.69637134225","1440.48279152041","1336.72896034906","1363.05571036865","1456.24524810948","1397.99606213865","","",
"Myanmar","MMR","Energy use (kg of oil equivalent per capita)","EG.USE.PCAP.KG.OE","","","","","","","","","","","","","","","","","","","","","","","","","","","","","","","270.114848590032","261.948984124126","266.972072857704","260.662306047636","275.945441497814","282.097722727462","279.43704579823","285.58634587287","288.916488733871","293.827912380694","300.384403811411","293.046759841775","289.552130188356","309.388790842642","323.062853179367","328.79146873793","330.712536691586","340.459198079875","326.247585626929","307.347004618195","294.988753738944","296.503467412827","320.165273861516","333.62574249482","361.886522573747","369.662579760019","396.465842761547","445.126530456612","439.293521533038","417.772748536392","424.430691877608","391.964305331604","398.28467505943","410.864214508252","","",
"Middle East, North Africa, Afghanistan & Pakistan (excluding high income)","MNA","Energy use (kg of oil equivalent per capita)","EG.USE.PCAP.KG.OE","","","","","","","","","","","","","","","","","","","","","","","","","","","","","","","663.191953133606","668.664413738877","698.743797009548","728.886990128086","757.880117400473","769.643005377334","756.270936269716","799.203666243486","782.525372978875","801.640320061961","788.108365348027","823.419333227439","825.933623305455","828.867269794712","872.414235044176","923.992642471051","936.131417662858","956.183478030942","979.129228260682","978.235684573102","973.702722071797","971.369224154521","987.831343599637","973.182909485313","1003.78625361364","966.405961557877","1001.1028469984","1050.19130798617","1038.18501713197","1065.40824896309","1023.01178913464","1066.10387982935","1047.29901778601","1080.49524707662","","",
"Montenegro","MNE","Energy use (kg of oil equivalent per capita)","EG.USE.PCAP.KG.OE","","","","","","","","","","","","","","","","","","","","","","","","","","","","","","","","","","","","","","","","","","","","","","1662.81204949987","1841.6794367328","1828.43393355741","1965.21593409043","1555.00501749061","1820.45249352265","1811.21612476135","1701.46827930736","1574.55136957284","1532.34279533634","1599.59389155142","1552.23307233486","1625.4960826549","1679.55976366983","1737.5931990158","1625.86284952725","1730.51151191493","1674.12860283285","1722.21524778677","","",
"Mongolia","MNG","Energy use (kg of oil equivalent per capita)","EG.USE.PCAP.KG.OE","","","","","","","","","","","","","","","","","","","","","","","","","","","","","","","1664.80043180131","1766.06640720646","1542.0604784637","1442.77425753746","1231.37810133983","1204.7148088211","998.213137216574","962.55391385285","956.911339181357","944.808268483125","1002.47714058571","997.635015463598","1054.50909985265","1016.89677530703","1035.46684996526","1179.79038264638","1330.28551273595","1370.9094435288","1354.84813719593","1382.98378739619","1439.58746701523","1548.68712928586","1579.8858221125","1770.46835690091","1783.41678595566","1535.52380464495","1606.45078831946","1622.10144215204","1785.11155532458","2035.62678478453","1793.27310831013","1944.5266435799","1914.21838085676","2176.26135692672","","",
"Northern Mariana Islands","MNP","Energy use (kg of oil equivalent per capita)","EG.USE.PCAP.KG.OE","","","","","","","","","","","","","","","","","","","","","","","","","","","","","","","","","","","","","","","","","","","","","","","","","","","","","","","","","","","","","","","","","","",
"Mozambique","MOZ","Energy use (kg of oil equivalent per capita)","EG.USE.PCAP.KG.OE","","","","","","","","","","","","","","","","","","","","","","","","","","","","","","","443.813072808251","432.848027122691","429.60033297268","424.528289065617","402.283081900844","388.824017354917","384.511585412105","386.520708983801","383.191402996293","383.704803126522","396.028040920619","407.145568802881","409.455047101302","421.130474837557","426.378945530351","424.491278226506","428.692521920125","338.466191317799","338.661664169014","358.879859852038","317.88123068391","370.87053828392","364.828669567004","380.585279971265","383.326340111166","385.152864890055","380.811701942356","371.745909306289","366.24803697211","359.758855458728","342.951858633404","353.113453155889","358.726924456932","362.823902471842","","",
"Mauritania","MRT","Energy use (kg of oil equivalent per capita)","EG.USE.PCAP.KG.OE","","","","","","","","","","","","","","","","","","","","","","","","","","","","","","","","","","","","","","","","","","","","","","","","","","","","","","","","","","","","","","","","","","",
"Mauritius","MUS","Energy use (kg of oil equivalent per capita)","EG.USE.PCAP.KG.OE","","","","","","","","","","","","","","","","","","","","","","","","","","","","","","","629.432901957499","634.458054457473","657.814523295738","678.879065998315","657.657570271165","697.031158951035","702.259962588413","712.616427509061","750.486166902522","775.920393683984","851.243682124642","886.792161463512","873.221713167187","909.089564102277","919.838083699622","945.754720316685","1006.02062916824","1007.59469875165","1026.70709293057","999.514481044517","1050.75767175161","1053.55801429009","1066.25424955695","1085.5501957804","1104.47535515255","1136.14919149846","1135.89802652029","1156.15517897714","1142.14424076921","1163.15179238921","1025.83744169656","1072.42945671071","1095.73879704883","1172.41643924125","","",
"Malawi","MWI","Energy use (kg of oil equivalent per capita)","EG.USE.PCAP.KG.OE","","","","","","","","","","","","","","","","","","","","","","","","","","","","","","","","","","","","","","","","","","","","","","","","","","","","","","","","","","","","","","","","","","",
"Malaysia","MYS","Energy use (kg of oil equivalent per capita)","EG.USE.PCAP.KG.OE","","","","","","","","","","","","","","","","","","","","","","","","","","","","","","","1188.84060189268","1433.30606817767","1542.61687062497","1630.7489319844","1582.13890684174","1671.57361488883","1806.8714056465","2055.0627709161","1904.8817638131","1885.28043320853","2104.61130534021","2138.33457477966","2156.94723368447","2256.65106815589","2373.57770275285","2517.46451671722","2474.39161833063","2586.98987893226","2681.00003448113","2485.91667427986","2531.67710637413","2593.27310292824","2589.31990369775","2871.7567101939","2883.13550906147","2708.66289491905","2760.83197397162","2619.44252695383","2841.11800656893","2879.89449600209","2719.43378264705","2781.735038205","3035.37257619634","3008.82419919301","","",
"North America","NAC","Energy use (kg of oil equivalent per capita)","EG.USE.PCAP.KG.OE","","","","","","","","","","","","","","","","","","","","","","","","","","","","","","","7666.66507085242","7619.78585433268","7669.79436658158","7715.53881576459","7776.52335528774","7784.12228399136","7864.30638748988","7849.38005908992","7816.47916801802","7939.46480400156","8071.78094843867","7843.18324558456","7850.58535716738","7841.66901013222","7926.97342577807","7895.19125658609","7766.54965254807","7815.10354466767","7545.29931805182","7116.88141779731","7211.89642943792","7079.73753411176","6901.74380894743","6966.20151723172","7002.00670430274","6879.60383224856","6791.82630935034","6750.27278196686","6882.61849874337","6846.62557092385","6280.79070604438","6557.24339669983","6623.13352212326","6468.40459312479","6447.94055864802","",
"Namibia","NAM","Energy use (kg of oil equivalent per capita)","EG.USE.PCAP.KG.OE","","","","","","","","","","","","","","","","","","","","","","","","","","","","","","","0","483.551572472443","496.93843253318","517.587543710864","539.201321342783","572.602837992365","598.281690492133","594.631924232453","601.710065796387","582.509974261707","576.388310166168","664.069605883698","601.572637198596","618.669197846635","658.926113805092","701.666342204932","691.75675421713","695.760250346294","756.433547702525","773.313825262112","652.922801520662","657.249780280871","667.06735494005","671.088313633417","690.152899703837","716.034708168673","758.531435436319","713.807141042403","733.174064124758","718.170370414919","677.763554079","680.382622029259","690.518956751849","696.975604825137","","",
"New Caledonia","NCL","Energy use (kg of oil equivalent per capita)","EG.USE.PCAP.KG.OE","","","","","","","","","","","","","","","","","","","","","","","","","","","","","","","","","","","","","","","","","","","","","","","","","","","","","","","","","","","","","","","","","","",
"Niger","NER","Energy use (kg of oil equivalent per capita)","EG.USE.PCAP.KG.OE","","","","","","","","","","","","","","","","","","","","","","","","","","","","","","","174.699857397864","172.94802619058","171.473462777452","173.389712172088","172.389752504488","171.001300797386","172.827585219505","207.387585398467","206.083107496534","203.371362869938","127.847880422107","127.088373451422","127.275972111665","128.262478581972","129.29994058651","126.031296295518","124.905224384617","125.874974531129","127.065414057313","129.776980682561","134.74599121352","112.879803532778","128.362752529408","154.81219945793","151.6969478462","148.786532469365","147.452096053348","143.831599652126","146.101584927786","148.12495085486","147.815374164245","150.08935016997","161.353257368424","161.259233880072","","",
"Nigeria","NGA","Energy use (kg of oil equivalent per capita)","EG.USE.PCAP.KG.OE","","","","","","","","","","","","","","","","","","","","","","","","","","","","","","","287.480711933649","298.659159161854","307.486931417379","299.654362920468","263.019074663051","256.918214458953","268.073571237971","278.489226833014","269.365010804453","272.180386890724","274.074132064522","283.010546626806","283.767136886797","296.852571416246","286.383177568012","305.406217610864","287.970022263625","281.735044345631","287.532726671296","260.777838499638","335.074608295017","376.552072943772","357.338084625584","351.718781805646","349.237811590683","320.318542380023","331.486140542982","316.730326522651","300.45746967174","331.04474710561","324.45517224141","334.476501487262","333.698006196423","319.900429211784","","",
"Nicaragua","NIC","Energy use (kg of oil equivalent per capita)","EG.USE.PCAP.KG.OE","","","","","","","","","","","","","","","","","","","","","","","","","","","","","","","484.754187000941","500.79486973871","506.068511846404","487.378987586227","464.727493798549","486.269281723357","486.096993195939","500.344638139612","495.703826305849","495.263536205559","500.37663075991","498.485902704745","492.629525956214","505.003838995301","526.479860068169","527.958879566356","538.914055514578","540.292720975214","533.812640193905","523.407935260916","529.008203293034","531.362815684315","566.819598589113","576.474133611862","586.817955989046","611.876331871945","626.823007449197","632.373947264069","616.516996174416","616.151129278106","584.320998473115","602.731073978591","603.83815029018","632.813009843745","","",
"Netherlands","NLD","Energy use (kg of oil equivalent per capita)","EG.USE.PCAP.KG.OE","","","","","","","","","","","","","","","","","","","","","","","","","","","","","","","4488.69599340726","4620.66814618483","4549.24415711085","4616.71602028756","4607.58662804011","4732.28641364731","4949.7817593583","4788.82912974708","4794.51173163397","4685.19177004479","4695.37009641521","4783.23806405221","4804.57738217673","4959.46581521204","4985.68017725458","4893.73296113648","4840.784340365","4812.3646510682","4755.09420293282","4665.86427744867","4978.86938849852","4611.91453819796","4599.20591866701","4488.60406405713","4215.35262065709","4298.59287050144","4352.44653138733","4365.20385335267","4251.16716726453","4129.40909477343","3975.37813564997","4057.79129205731","3570.12031994399","3418.13670132261","3415.76133096426","",
"Norway","NOR","Energy use (kg of oil equivalent per capita)","EG.USE.PCAP.KG.OE","","","","","","","","","","","","","","","","","","","","","","","","","","","","","","","4966.99576478242","5105.03280053314","5159.59171943113","5460.5481615252","5315.22229443427","5391.36648885496","5201.94925297777","5475.16675140309","5684.74560231404","5913.28022163827","5826.12232323722","5954.81911743802","5502.08929908871","5934.59079848361","6231.94030988748","6319.92545895993","6319.15452788829","5864.30044405949","6412.35151011432","6200.50244551882","6455.3166845378","5501.9559356258","5805.46758867551","6047.18057523381","5525.57603893844","4930.48137593923","5368.57647170474","5673.5093152418","5539.19011908654","5220.68866140147","5145.72221927617","5298.87662808584","4651.48670758657","4884.6175244586","4775.00280327143","",
"Nepal","NPL","Energy use (kg of oil equivalent per capita)","EG.USE.PCAP.KG.OE","","","","","","","","","","","","","","","","","","","","","","","","","","","","","","","296.559508082585","298.341310999664","297.109513542261","296.740681146242","299.664319618212","301.762333325266","302.272858547191","305.626953656836","307.463059161428","318.3985070166","330.352852506274","335.751960804757","334.357159841879","338.999985252938","339.548117309365","347.14074815228","343.806716763498","347.543463116947","356.963065860628","365.003138206114","373.445675517044","384.837268379341","368.897693637525","413.932378339392","430.959515103683","426.243113957284","458.169003537005","484.046667613807","504.508002947266","482.628345358362","524.455319847069","534.031692327606","429.222646170701","442.648852285229","","",
"Naoero","NRU","Energy use (kg of oil equivalent per capita)","EG.USE.PCAP.KG.OE","","","","","","","","","","","","","","","","","","","","","","","","","","","","","","","","","","","","","","","","","","","","","","","","","","","","","","","","","","","","","","","","","","",
"New Zealand","NZL","Energy use (kg of oil equivalent per capita)","EG.USE.PCAP.KG.OE","","","","","","","","","","","","","","","","","","","","","","","","","","","","","","","3894.97849090062","3799.72789540517","3845.05576712532","4008.71565940675","4093.40299715978","4091.52500895612","4173.39684739807","4305.04363779536","4204.70201485772","4330.2348149308","4467.21138613373","4399.14687852578","4326.22295420317","4180.76991429149","4224.87567596318","4074.1485914825","4034.75821834113","4057.16268229104","4100.75606551399","4073.03697683547","4147.30616096111","4108.26383266428","4280.5653723436","4298.71533674262","4476.80712476497","4422.74264118048","4265.93839527509","4200.71262692085","4109.2206852685","4170.80496267642","3862.58510163497","3907.64776650523","3764.50781429311","3660.60273680658","3557.46740633951","",
"OECD members","OED","Energy use (kg of oil equivalent per capita)","EG.USE.PCAP.KG.OE","","","","","","","","","","","","","","","","","","","","","","","","","","","","","","","4127.68789602882","4136.55217823261","4136.97810391263","4161.36613173466","4196.42436011633","4249.87954813939","4342.50378263287","4347.88694282081","4333.08529509387","4373.09749205461","4438.14629349391","4390.01425665331","4389.6556571845","4422.05129319158","4473.71992693498","4470.8018919743","4449.98026541734","4436.7903723393","4341.88586412138","4123.62297527749","4230.6986948398","4130.4711428871","4068.00572564171","4077.37090119797","4013.37645969923","3987.82525732532","3972.70323724034","3977.31906143906","3991.08720167784","3941.07297301365","3663.00927412935","3831.88056543111","3769.80780657027","3671.89136923676","3668.52526112559","",
"Oman","OMN","Energy use (kg of oil equivalent per capita)","EG.USE.PCAP.KG.OE","","","","","","","","","","","","","","","","","","","","","","","","","","","","","","","2390.49814598332","3060.92285020036","2758.17116672704","2960.73570757554","2892.26207066491","2877.3989517825","2894.09879212733","3064.27972813634","3040.69257448675","3126.10277169004","3286.26599451763","3303.97268173668","3469.43506166397","3565.24432327227","3658.50755395167","4030.08185259047","6138.77344250291","6889.71721193841","5927.85053888478","5912.23573208102","6736.89412726066","7155.54208650969","6702.98586928623","6349.13398503592","6076.73203947575","6027.98246531457","5557.82391970212","5765.68522906846","5549.37287503861","5120.9649038216","5718.76939147626","5956.40935867476","5920.00502494357","5908.4271000367","","",
"Other small states","OSS","Energy use (kg of oil equivalent per capita)","EG.USE.PCAP.KG.OE","","","","","","","","","","","","","","","","","","","","","","","","","","","","","","","2491.71029293497","","","","","","","","","","","","","","1744.82671266457","1733.6785132284","1912.28354358264","2063.28166697787","","","","","","","","","","","","","","","","","","",
"Pakistan","PAK","Energy use (kg of oil equivalent per capita)","EG.USE.PCAP.KG.OE","","","","","","","","","","","","","","","","","","","","","","","","","","","","","","","370.756577158868","367.121771650235","379.579213707596","387.504827835984","392.525740918468","397.682408796608","403.99573108234","402.965782669408","399.272943328572","410.681455271548","411.549930374513","407.99646563704","404.334238651861","412.836751547714","431.672759795812","436.061866708612","443.903367754097","457.205362427423","437.835189001934","433.272314472197","429.327792495327","422.842537376111","419.546153206932","421.580013785875","433.449973838963","437.198223010365","446.915365965869","456.107326373589","453.603126548778","431.604754942186","454.338436216576","465.115862856144","418.447652844549","414.952130205765","","",
"Panama","PAN","Energy use (kg of oil equivalent per capita)","EG.USE.PCAP.KG.OE","","","","","","","","","","","","","","","","","","","","","","","","","","","","","","","602.060012202764","639.378523762581","714.196355995605","709.578358405823","732.146910632932","728.190793925761","762.62938009797","777.077784028547","884.102722013778","854.249229477648","790.919387331221","887.107864697881","790.860132882429","774.416697085516","755.9909322211","838.635936361115","874.56606978567","858.048128734239","806.672089232316","871.526813807763","948.304837724795","1037.63156478608","1052.69925949498","1002.33596439162","1035.01293838968","1024.97759926054","1045.76582937315","1035.95086028489","1026.38990550231","1162.83608429865","936.065449427601","1033.31759264066","1062.69925631817","1019.98442115491","","",
"Peru","PER","Energy use (kg of oil equivalent per capita)","EG.USE.PCAP.KG.OE","","","","","","","","","","","","","","","","","","","","","","","","","","","","","","","442.190103300007","424.716318291528","404.725692410994","423.43055009833","430.040755246651","450.596166882078","455.442514177719","432.783525835008","495.125029470165","512.507313541697","506.014210706954","483.108294248133","478.098496757568","464.596377330113","499.923038960814","525.150774936013","503.267677520574","531.689082123698","581.639950576616","583.179748347996","603.514556773827","688.136449869059","732.071792113932","698.171569630996","728.772878760832","743.166479123214","764.235827890262","762.24633988882","784.027983193931","798.59712052539","678.51171228291","775.289508844919","826.458777086818","823.371374235583","","",
"Philippines","PHL","Energy use (kg of oil equivalent per capita)","EG.USE.PCAP.KG.OE","","","","","","","","","","","","","","","","","","","","","","","","","","","","","","","427.117860028084","432.402813931724","445.123985563461","415.058925173639","446.192042340061","459.521976498717","463.395880336417","478.61145040091","482.976812080329","483.923600710289","487.402779547692","454.323831320083","451.284468681461","442.568789118581","430.07575264053","434.471174614398","423.357079718941","425.625806041344","439.082917578862","420.718047255526","431.461435820742","428.330759054984","437.467121529591","443.270655295728","465.627497665949","499.072363832856","520.982417182237","544.477187986696","554.501992818921","551.879483141713","518.170627326086","531.045421495391","551.042784448026","580.1360554135","","",
"Palau","PLW","Energy use (kg of oil equivalent per capita)","EG.USE.PCAP.KG.OE","","","","","","","","","","","","","","","","","","","","","","","","","","","","","","","4814.38338030015","","","","","","","","","","","","","","","","","","","","","","","","","","","","","","","","","","","",
"Papua New Guinea","PNG","Energy use (kg of oil equivalent per capita)","EG.USE.PCAP.KG.OE","","","","","","","","","","","","","","","","","","","","","","","","","","","","","","","","","","","","","","","","","","","","","","","","","","","","","","","","","","","","","","","","","","",
"Poland","POL","Energy use (kg of oil equivalent per capita)","EG.USE.PCAP.KG.OE","","","","","","","","","","","","","","","","","","","","","","","","","","","","","","","2705.72692194049","2641.10358006456","2569.22878977271","2625.55495537132","2495.22317226992","2578.20837982237","2680.1080126261","2640.54587904468","2461.01864758147","2396.67141418898","2321.77643337011","2338.14293839845","2312.5947846893","2375.41153801546","2383.78041134423","2414.28237185953","2538.76112384258","2529.61907810596","2563.58518489618","2463.27043395388","2642.06881241023","2652.99080592091","2563.69089214526","2567.18208491979","2473.79770713362","2498.7740659386","2614.97160490538","2734.42727608835","2865.52683144763","2761.07246212926","2710.95606232103","2920.11352538648","2798.00774623397","2639.20385996686","2646.7365667251","",
"Pre-demographic dividend","PRE","Energy use (kg of oil equivalent per capita)","EG.USE.PCAP.KG.OE","","","","","","","","","","","","","","","","","","","","","","","","","","","","","","","383.866210264885","373.070831981885","393.65759758273","403.472967694554","403.355024618779","396.543659562695","396.219007622844","412.013515662811","384.663264709432","372.539032983334","374.204945541686","381.841179070562","379.877749009749","374.971623219658","378.954875197642","382.320107172354","377.537246911514","370.068672326895","377.58570659328","377.272847588079","396.886358862846","418.711610190456","417.822199915903","423.386917885991","418.093142487807","410.794573083656","415.724859886368","414.468749309868","411.61413991189","422.574368632835","414.31206835193","430.9023875515","441.983891676577","440.374030273201","","",
"Puerto Rico (US)","PRI","Energy use (kg of oil equivalent per capita)","EG.USE.PCAP.KG.OE","","","","","","","","","","","","","","","","","","","","","","","","","","","","","","","","","","","","","","","","","","","","","","","","","","","","","","","","","","","","","","","","","","",
"Korea, Dem. People's Rep.","PRK","Energy use (kg of oil equivalent per capita)","EG.USE.PCAP.KG.OE","","","","","","","","","","","","","","","","","","","","","","","","","","","","","","","1573.59529694869","1479.50194805821","1274.10438656311","1154.73272985627","1040.84302956634","969.810490164286","844.295603307261","796.809248807663","737.166689251094","783.429536707529","833.135926035272","855.308188837363","817.139377772628","831.404593215752","845.078255840803","874.547570755458","878.701770260996","742.749190277876","814.468872858035","778.335567143127","752.365886787198","563.185425780586","549.906642052429","439.807523596631","471.17031915804","372.798087935995","409.40016933224","768.533125595482","700.51333125908","763.672802269615","726.927801005035","619.354172479083","640.523349670569","664.865788978641","","",
"Portugal","PRT","Energy use (kg of oil equivalent per capita)","EG.USE.PCAP.KG.OE","","","","","","","","","","","","","","","","","","","","","","","","","","","","","","","1680.88286201382","1703.25479262559","1813.60280380135","1786.33794491445","1827.69065121281","2013.96965845437","1986.79149693102","2083.46205659678","2240.06330016631","2390.35284181731","2390.18870122638","2391.32113737669","2477.60275830907","2400.86139844201","2463.10248808928","2519.13901861547","2390.46374599498","2402.51066519403","2337.4925314705","2304.1784841547","2222.62833547109","2164.03219875257","2039.16999711033","2055.58816601984","2035.41142547114","2121.0872664787","2111.0971132123","2209.9813508898","2140.97558921814","2115.18570481977","1957.30550192994","1943.29269675495","1949.86496103932","1853.15672016889","1815.40132453961","",
"Paraguay","PRY","Energy use (kg of oil equivalent per capita)","EG.USE.PCAP.KG.OE","","","","","","","","","","","","","","","","","","","","","","","","","","","","","","","761.478510309836","765.519159249303","742.794117676138","751.970809780856","802.107643491508","856.423975305465","855.485926426077","909.588896194893","879.796557484584","824.241965931781","756.712974544407","756.521131169345","740.239930868724","747.213467666312","745.141305382425","727.726114470464","742.137810783961","748.808732851018","795.13978096029","803.842403165747","845.813455856112","846.378069858717","838.725851852828","834.864412287503","859.864131506698","925.193411629783","1072.60628446376","1116.33946333541","1130.48367815286","1105.56253694542","1056.5406299527","1094.06594460795","1044.98506765929","1043.9548570783","","",
"West Bank and Gaza","PSE","Energy use (kg of oil equivalent per capita)","EG.USE.PCAP.KG.OE","","","","","","","","","","","","","","","","","","","","","","","","","","","","","","","","","","","","","","","","","","","","","","","","","","","","","","","","","","","","","","","","","","",
"Pacific island small states","PSS","Energy use (kg of oil equivalent per capita)","EG.USE.PCAP.KG.OE","","","","","","","","","","","","","","","","","","","","","","","","","","","","","","","317.428244615833","","","","","","","","","","","","","","453.386455781781","404.694054761991","392.885398313871","377.988501802454","","","","","","","","","","","","","","","","","","",
"Post-demographic dividend","PST","Energy use (kg of oil equivalent per capita)","EG.USE.PCAP.KG.OE","","","","","","","","","","","","","","","","","","","","","","","","","","","","","","","4739.93199403091","4752.87026088545","4722.35606838999","4725.36248244362","4746.01871768074","4810.15047582783","4902.99063258482","4905.69495932128","4893.43413564983","4953.34082303441","5035.21243382012","4994.7917481281","5002.97471758747","5046.29573639116","5115.81855720057","5100.27269424514","5064.16820245263","5049.76030928317","4943.72996213776","4684.80864553438","4824.10547002877","4695.04802764348","4621.37229027219","4628.24199278033","4559.43089886948","4519.27186456178","4494.93090926179","4502.75450182073","4531.70077569408","4476.65799727623","4158.68414132694","4355.31630615881","4270.61843024531","4158.8134802405","4320.56550027098","",
"French Polynesia","PYF","Energy use (kg of oil equivalent per capita)","EG.USE.PCAP.KG.OE","","","","","","","","","","","","","","","","","","","","","","","","","","","","","","","","","","","","","","","","","","","","","","","","","","","","","","","","","","","","","","","","","","",
"Qatar","QAT","Energy use (kg of oil equivalent per capita)","EG.USE.PCAP.KG.OE","","","","","","","","","","","","","","","","","","","","","","","","","","","","","","","14843.3629157144","15893.6888637923","16086.8310811281","16177.5093140931","15753.4549066912","15853.7577398647","16354.5772565174","18253.2498878231","18012.5122369132","17625.6573136567","16853.5131028918","16740.6866104411","18009.6331286529","17779.7436857851","21557.4750763638","20198.1689051663","20140.3428752631","18323.3464644697","15946.7278040391","15063.2666244935","16779.9216747321","16473.4269691009","21456.0669284592","20642.1423232651","17814.5431104326","16427.7565434994","15178.8562114172","16718.237047918","16139.7708310186","15760.447244716","14869.1047902561","17103.3823019572","16875.5882360595","16343.0404045489","","",
"Romania","ROU","Energy use (kg of oil equivalent per capita)","EG.USE.PCAP.KG.OE","","","","","","","","","","","","","","","","","","","","","","","","","","","","","","","2671.36962946956","2220.46475650881","2020.96066672171","2007.21364485422","1896.34525995591","2054.45247554785","2115.50331778847","1990.18638099548","1825.71004452739","1613.96489981066","1615.33488235312","1666.72400767413","1755.33108643191","1841.57433869048","1807.04208024679","1808.18761844581","1881.71766548482","1900.48321448247","1925.09359481658","1707.81228256351","1724.69848692837","1771.70358553223","1736.57620479665","1590.19381302075","1579.40659793132","1598.69179785792","1604.62335040687","1693.37364201715","1717.11748022415","1705.25777604649","1669.6382293589","1787.09564245924","1655.23818974845","1600.61942333991","","",
"Russian Federation","RUS","Energy use (kg of oil equivalent per capita)","EG.USE.PCAP.KG.OE","","","","","","","","","","","","","","","","","","","","","","","","","","","","","","","5942.67811987717","5871.9943382327","5357.07699443819","5060.11636686839","4427.26643919973","4291.53342502059","4254.59294421479","4070.65837100817","3982.26585700237","4137.74703962256","4224.98951887146","4287.90829493258","4289.43957286052","4461.83176005763","4494.50152836851","4541.20863501769","4689.15108443259","4710.47452096269","4822.38136319959","4529.20319928613","4853.36753031766","5004.23439250465","5056.08323400834","4919.89870162422","4915.75746633152","4804.23014928516","4936.04266971322","5018.77352571388","5279.09416060338","5082.7299560342","5068.38550364971","5710.55279279027","5707.1572675389","5498.30525622561","","",
"Rwanda","RWA","Energy use (kg of oil equivalent per capita)","EG.USE.PCAP.KG.OE","","","","","","","","","","","","","","","","","","","","","","","","","","","","","","","910.047567497647","839.750045260046","758.600903679662","687.290818713038","857.187986944566","1148.23387240365","1006.69129845953","1002.58917457371","518.902996023515","529.142592608143","412.447351013068","408.921325852057","409.083073593481","398.625613363189","390.815363964243","356.546532493533","355.85273565133","352.766609707232","352.090704036979","355.065028638124","353.909116593946","355.228429766864","358.876407852789","359.526014729978","356.664550107493","354.428994022274","351.766771528562","355.180227607058","357.71621717478","358.460381878131","358.249550207672","362.679226062045","369.875267295998","371.93592669295","","",
"South Asia","SAS","Energy use (kg of oil equivalent per capita)","EG.USE.PCAP.KG.OE","","","","","","","","","","","","","","","","","","","","","","","","","","","","","","","300.088642832757","306.445640808855","311.210413690381","314.161236482405","321.943918053024","334.733364422093","340.351792076347","348.137250206427","350.144254750157","363.486860024881","366.028600098071","365.884052514958","369.330182812147","372.388009186859","386.207568743456","395.625855946391","410.716774250804","428.288209838353","446.491180914117","471.611450049472","492.49058573546","506.213679119934","528.989239051318","534.988418804067","564.929405853257","577.180149335876","584.677609249519","603.637618650025","621.31111888334","621.768218900534","592.370513170141","633.381629990765","675.790023000581","704.462550023437","","",
"Saudi Arabia","SAU","Energy use (kg of oil equivalent per capita)","EG.USE.PCAP.KG.OE","","","","","","","","","","","","","","","","","","","","","","","","","","","","","","","5451.71882279534","6050.38289786175","6582.97119687211","6537.84679475271","6591.02644141393","6316.7131696411","6494.45936719249","6019.93240274695","6169.38088980637","6054.28343091785","6516.00755562211","6348.58935367071","6826.99573187577","6631.81585672969","6375.54473048108","6447.07190249029","6605.44101687621","6696.94747279399","6980.05897029755","7125.05300494705","7965.26121862505","7979.3799657336","7862.42354103658","7401.17130265584","7959.81351652344","7786.91651664863","7521.58911581712","7707.05632967392","7650.76338796016","7669.39905417665","7172.00803547452","7467.02479068822","7525.25321185534","7148.58725115291","","",
"Sudan","SDN","Energy use (kg of oil equivalent per capita)","EG.USE.PCAP.KG.OE","","","","","","","","","","","","","","","","","","","","","","","","","","","","","","","482.757306781047","472.196993545664","462.480044376231","439.22493414856","496.439746631402","485.611785120867","486.421910396116","485.578928301363","478.711864498464","517.980162387418","486.895648884188","494.123605509951","517.547585761207","491.363979157765","481.357152467204","485.749820750348","508.243151523165","477.508307525311","472.804911242702","481.629873791934","444.591378410567","467.4243451203","390.663141094355","474.429516693273","475.69336165065","463.392093505504","448.495995599824","443.135534218063","435.189935766601","435.437972807971","422.271579792382","426.163230119972","411.876785876591","372.312971202034","","",
"Senegal","SEN","Energy use (kg of oil equivalent per capita)","EG.USE.PCAP.KG.OE","","","","","","","","","","","","","","","","","","","","","","","","","","","","","","","218.451849681138","210.722190985768","217.81353234851","211.181913648416","204.210840716291","210.782876892548","210.661913604609","218.163274180958","225.041071935715","231.69376452684","240.56962512208","253.79128464664","249.886211773534","235.81440136714","247.017188309568","246.435668804505","241.589611245821","253.743519677808","259.2346121475","304.736226945897","313.396782040786","317.49118236804","302.418621518753","271.06546719919","284.845981855555","296.775621300382","287.042022425235","278.019674604295","274.379032674082","298.559525125339","280.607903309744","294.173427358174","315.965932815121","291.050601075038","","",
"Singapore","SGP","Energy use (kg of oil equivalent per capita)","EG.USE.PCAP.KG.OE","","","","","","","","","","","","","","","","","","","","","","","","","","","","","","","3782.71772957552","4167.37343867502","4588.88701797782","5487.72262199385","6460.58950762107","5346.98780182868","5359.513368456","5818.45053429947","5083.35878222717","4587.57994680042","4634.81368272521","5146.02323865296","5066.19603486754","6217.05880619521","7371.02793327917","4925.75757554205","5128.30865666219","4537.4171693226","4958.46248257993","5321.08304981114","4856.84920025022","4086.3260711538","4787.02308838074","5273.75292208676","4986.32779651842","5242.6504334371","5449.41985010808","5799.39529471808","5692.66564748734","5565.91519291042","5538.12371561154","5966.32763521289","5785.04367341681","5282.7637359991","","",
"Solomon Islands","SLB","Energy use (kg of oil equivalent per capita)","EG.USE.PCAP.KG.OE","","","","","","","","","","","","","","","","","","","","","","","","","","","","","","","160.852052438638","","","","","","","","","","","","","","122.205342901871","120.062929535481","120.017738214868","127.960076456146","","","","","","","","","","","","","","","","","","",
"Sierra Leone","SLE","Energy use (kg of oil equivalent per capita)","EG.USE.PCAP.KG.OE","","","","","","","","","","","","","","","","","","","","","","","","","","","","","","","","","","","","","","","","","","","","","","","","","","","","","","","","","","","","","","","","","","",
"El Salvador","SLV","Energy use (kg of oil equivalent per capita)","EG.USE.PCAP.KG.OE","","","","","","","","","","","","","","","","","","","","","","","","","","","","","","","457.240592953815","494.00636935931","507.302975167018","526.988357274425","552.852651235905","583.227528030499","553.000781799593","608.277557924916","621.595123864483","641.247860752317","537.110967454389","568.00569056859","582.453658736363","622.386657178414","627.60446428589","643.90315216252","686.957827636037","694.537311720365","702.300695812568","689.42246753204","697.036927315506","692.505312990967","701.457404594185","660.094150213557","649.043175650273","674.353996656659","686.997805008996","674.665441622059","694.567755248769","734.799369844364","669.906894097857","722.144578885879","768.672020235867","793.53801922306","","",
"San Marino","SMR","Energy use (kg of oil equivalent per capita)","EG.USE.PCAP.KG.OE","","","","","","","","","","","","","","","","","","","","","","","","","","","","","","","","","","","","","","","","","","","","","","","","","","","","","","","","","","","","","","","","","","",
"Somalia, Fed. Rep.","SOM","Energy use (kg of oil equivalent per capita)","EG.USE.PCAP.KG.OE","","","","","","","","","","","","","","","","","","","","","","","","","","","","","","","","","","","","","","","","","","","","","","","","","","","","","","","","","","","","","","","","","","",
"Serbia","SRB","Energy use (kg of oil equivalent per capita)","EG.USE.PCAP.KG.OE","","","","","","","","","","","","","","","","","","","","","","","","","","","","","","","2474.74205425669","2180.94426022827","2006.92653842134","1706.63945425021","1570.44859262257","1782.19587927974","2141.60164822946","2273.72549644671","2273.87503539453","1657.59106297871","1801.4812028674","1965.15252074554","2097.94999221022","2211.04337201789","2418.7222777969","2152.46605224195","2293.67913246219","2241.56812781607","2292.38992431852","2073.56720979204","2145.49144722672","2241.32678165321","2023.83135868927","2082.01493164812","1861.59680519425","2080.59060078258","2165.83889288491","2224.78515305498","2200.40410311437","2201.72012144367","2291.6081874127","2355.24230805463","2440.9165854049","2378.08281785261","","",
"Sub-Saharan Africa (excluding high income)","SSA","Energy use (kg of oil equivalent per capita)","EG.USE.PCAP.KG.OE","","","","","","","","","","","","","","","","","","","","","","","","","","","","","","","539.288193072094","542.335937341369","526.966837922206","528.456946184805","526.573288407784","534.016847431131","537.276801834037","539.221296651983","529.163911467938","524.879605224117","499.6375450474","492.295556139855","483.269501963369","499.040909115958","508.507668966526","502.802704325361","501.355306205922","506.177214851826","520.702281887957","516.460182815676","513.383999941692","526.73755864389","511.545918003725","513.569338477162","517.937634864007","503.414832513788","505.405045747097","496.105146627956","484.620724652716","493.72892471979","480.431676827338","491.630188608771","484.618352161849","479.776598165151","","",
"South Sudan","SSD","Energy use (kg of oil equivalent per capita)","EG.USE.PCAP.KG.OE","","","","","","","","","","","","","","","","","","","","","","","","","","","","","","","","","","","","","","","","","","","","","","","","","","","","","59.2749172998602","60.5484890514934","62.1484252216993","76.3915617802014","70.8326893678568","69.9997248691173","76.5379792989698","75.6565715025962","72.079285924941","73.0642324619261","70.1247745415271","68.6604990272928","","",
"Sub-Saharan Africa","SSF","Energy use (kg of oil equivalent per capita)","EG.USE.PCAP.KG.OE","","","","","","","","","","","","","","","","","","","","","","","","","","","","","","","539.288421170665","542.335937341369","526.966837922206","528.456946184805","526.573288407784","534.016847431131","537.276801834037","539.221296651983","529.163911467938","524.879605224117","499.6375450474","492.295556139855","483.269501963369","499.040909115957","508.821002103426","503.068236146042","501.633559078844","506.395905595","520.702281887957","516.460182815676","513.383999941692","526.73755864389","511.545918003725","513.569338477162","517.937634864007","503.414832513788","505.405045747097","496.105146627956","484.620724652716","493.72892471979","480.431676827338","491.630188608771","484.618352161849","479.776598165151","","",
"Small states","SST","Energy use (kg of oil equivalent per capita)","EG.USE.PCAP.KG.OE","","","","","","","","","","","","","","","","","","","","","","","","","","","","","","","2179.9630117664","","","","","","","","","","","","","","2178.46966827917","2295.85886754677","2509.78820768153","2661.0334418885","","","","","","","","","","","","","","","","","","",
"Sao Tome and Principe","STP","Energy use (kg of oil equivalent per capita)","EG.USE.PCAP.KG.OE","","","","","","","","","","","","","","","","","","","","","","","","","","","","","","","190.727223938852","","","","","","","","","","","","","","240.956215719223","266.024907355279","265.639527161642","259.281084266352","","","","","","","","","","","","","","","","","","",
"Suriname","SUR","Energy use (kg of oil equivalent per capita)","EG.USE.PCAP.KG.OE","","","","","","","","","","","","","","","","","","","","","","","","","","","","","","","","","","","","","","","","","1279.91009868174","1352.00051071083","963.414526111558","1004.17207760767","1086.0286292677","1231.36166250567","1174.71907397922","1117.32432132435","1176.34643873161","1163.89303819747","1351.36214118486","1676.95221892351","1411.63824385599","1713.83746780444","1785.94876899071","1577.31172890225","1728.65071732658","1613.95464252908","1523.99899313139","1730.83708121822","1688.41378493841","1698.95174083857","1738.82345454805","1695.16378963307","","",
"Slovak Republic","SVK","Energy use (kg of oil equivalent per capita)","EG.USE.PCAP.KG.OE","","","","","","","","","","","","","","","","","","","","","","","","","","","","","","","4024.81924120157","3606.71088015124","3410.8847054131","3334.95440622162","3260.772839939","3315.20571732509","3364.39827750028","3362.06121032155","3256.7043135869","3271.60123215094","3292.7785560313","3456.89028050906","3484.03108632161","3468.93628503339","3416.39866050427","3504.64376060296","3469.4496050741","3321.10691268197","3406.38372204535","3107.87988439735","3441.25647593511","3339.0873887237","3220.5055262121","3260.4443972295","3013.30293850524","3131.86282925931","3159.56804668402","3316.8259702586","3269.57251976129","3128.36337933814","3032.64269516845","3305.89912789281","3089.1457459111","3054.72438218715","3010.73271048371","",
"Slovenia","SVN","Energy use (kg of oil equivalent per capita)","EG.USE.PCAP.KG.OE","","","","","","","","","","","","","","","","","","","","","","","","","","","","","","","2857.5644752183","2778.94137668064","2584.4192705647","2715.39579547481","2827.91079004598","3049.39407580553","3180.19926535879","3310.41012138768","3253.81791483993","3242.49734740677","3281.07859342385","3484.35932286801","3484.57090522828","3539.5091236842","3638.84380821082","3763.9044579396","3735.02431343807","3757.02712910831","3952.12209658593","3514.07527225462","3589.60869535534","3580.6936485935","3428.89786152681","3334.75901290152","3236.59020668788","3195.47512285174","3296.73500361863","3390.66281580197","3341.09971545865","3267.29671944784","3068.8193959428","3144.09351642077","3045.94458555582","2895.95134590199","3025.26160126192","",
"Sweden","SWE","Energy use (kg of oil equivalent per capita)","EG.USE.PCAP.KG.OE","","","","","","","","","","","","","","","","","","","","","","","","","","","","","","","5514.19827733048","5650.16283823718","5369.06986784062","5333.87357287498","5659.95258523583","5701.87027966891","5824.79922638629","5683.45838854063","5783.40686535687","5675.23773166234","5375.75151158851","5701.68206771918","5826.34189342548","5676.54834518443","5872.97554411383","5711.64214196537","5532.76265714386","5464.45613719356","5383.76479707233","4891.39219246248","5443.32366800687","5281.40096330574","5295.92806615816","5178.9349383913","4997.87990362276","4573.58907986933","4858.89940544006","4926.81117539334","4966.26111814633","4781.87568337501","4284.99805555044","4558.74420693219","4323.66572139304","4288.83333908122","4308.30881527016","",
"Eswatini","SWZ","Energy use (kg of oil equivalent per capita)","EG.USE.PCAP.KG.OE","","","","","","","","","","","","","","","","","","","","","","","","","","","","","","","1171.49550021174","1081.28914133949","1001.64710521874","905.448432502827","1008.44252718328","991.555793901495","896.12967223545","950.865935254294","952.546443383905","967.727417315292","913.698267523096","896.447007609265","895.040020351145","877.574503283173","855.622666347448","858.521707685069","900.421781084863","902.867073860652","888.920326582466","995.276783530389","835.880066783273","1001.70011797771","995.666754488616","1022.69222403959","1005.26401996395","1046.22425009831","1035.26962423589","996.63221583704","989.871023998823","1023.13885273742","1005.22300697872","964.692810769215","965.755573282102","1007.28228546529","","",
"Sint Maarten (Dutch part)","SXM","Energy use (kg of oil equivalent per capita)","EG.USE.PCAP.KG.OE","","","","","","","","","","","","","","","","","","","","","","","","","","","","","","","","","","","","","","","","","","","","","","","","","","","","","","","","","","","","","","","","","","",
"Seychelles","SYC","Energy use (kg of oil equivalent per capita)","EG.USE.PCAP.KG.OE","","","","","","","","","","","","","","","","","","","","","","","","","","","","","","","540.808839397471","","","","","","","","","","","","","","3103.97090027281","2751.69567211374","2872.34042553192","2410.82873707855","","","","","","","","","","","","","","","","","","",
"Syrian Arab Republic","SYR","Energy use (kg of oil equivalent per capita)","EG.USE.PCAP.KG.OE","","","","","","","","","","","","","","","","","","","","","","","","","","","","","","","832.018331508502","878.277231459512","814.819645402187","794.604852618065","805.004392109051","827.60077910839","850.454402791897","899.532946800197","977.304115507345","948.559637124059","928.43318140297","929.373810570742","942.482652914674","924.928080979621","943.040677936742","1105.30501136572","1101.63821463784","1084.27313710466","1066.1371934826","977.72847382215","964.455311154982","966.296535939273","755.976123025266","531.861041942622","536.298993007483","511.030835786674","498.91026275975","511.801241113269","542.076387571206","501.043369092778","456.630142518901","419.006558516427","392.316941457115","395.892260403832","","",
"Turks and Caicos Islands","TCA","Energy use (kg of oil equivalent per capita)","EG.USE.PCAP.KG.OE","","","","","","","","","","","","","","","","","","","","","","","","","","","","","","","","","","","","","","","","","","","","","","","","","","","","","","","","","","","","","","","","","","",
"Chad","TCD","Energy use (kg of oil equivalent per capita)","EG.USE.PCAP.KG.OE","","","","","","","","","","","","","","","","","","","","","","","","","","","","","","","296.85904442295","283.416267461582","280.779651859581","295.046910640164","287.388289567008","280.123377887456","278.130542417066","259.14633089256","255.782966270599","248.050783633877","241.652052714378","242.464236204338","240.376196903121","237.538539726345","224.324118812548","228.51576486102","224.010107053053","218.838867716358","217.080678711419","224.07076139036","219.108373918314","208.574030632524","229.36513593859","227.28696286183","221.144100146971","217.045899551856","212.850289286376","203.874468350738","199.975861950781","190.100756053018","198.303334598004","203.211499981214","198.929147409955","187.874009544708","","",
"East Asia & Pacific (IDA & IBRD countries)","TEA","Energy use (kg of oil equivalent per capita)","EG.USE.PCAP.KG.OE","","","","","","","","","","","","","","","","","","","","","","","","","","","","","","","694.455712344583","677.396127381656","693.575757138022","726.077715397496","748.730459348549","793.605999860998","808.965669875863","808.309607397385","797.813733579882","808.017778473164","822.627932842937","839.983029192927","885.408937233845","979.95442605817","1090.48859869943","1179.11719087192","1262.85688246498","1337.77600097984","1366.29782095469","1435.70372498035","1560.5887693572","1646.29179992623","1691.33216366343","1737.47790674847","1769.37452061144","1761.99648186962","1753.41939930364","1803.88852567319","1885.32879223898","1951.84827711371","1988.38241303273","2097.42798257012","2147.11216612442","2266.24454463031","","",
"Europe & Central Asia (IDA & IBRD countries)","TEC","Energy use (kg of oil equivalent per capita)","EG.USE.PCAP.KG.OE","","","","","","","","","","","","","","","","","","","","","","","","","","","","","","","3889.58245497745","3779.57383419258","3430.45836175353","3213.36560126689","2853.3100386849","2794.26963759874","2758.76089441801","2658.98098860978","2590.26990096579","2599.19289028767","2628.02337600356","2633.57225780979","2657.56823789203","2761.67828398444","2803.45806506989","2813.11483546873","2910.95610033702","2948.04429613771","2989.96424742756","2770.58900099811","2969.52655929068","3052.10159202268","3030.95165182138","2953.34194574994","2877.03968832691","2808.46542373678","2885.36838188231","2945.41614250966","3058.29598798442","2974.62152271941","2934.8820872373","3249.59052679363","3159.78342920351","3083.97827706336","","",
"Togo","TGO","Energy use (kg of oil equivalent per capita)","EG.USE.PCAP.KG.OE","","","","","","","","","","","","","","","","","","","","","","","","","","","","","","","340.176627808645","338.514914511471","333.077635704101","338.496290100497","381.211750487859","381.100535858877","409.314679054523","389.994960247488","406.532362624105","453.421600193328","441.301426364622","429.447312862818","433.959466060408","446.975970124609","440.809274768033","438.337921931694","425.257110392345","428.086226644872","431.7071407833","508.476265713609","492.754163423939","482.370402200008","469.739402643424","446.527802014915","456.216317695073","434.235666680401","461.383672709933","444.300392192651","455.178130923886","459.923928544613","472.88276813032","472.643155617547","479.274544547276","485.547945183566","","",
"Thailand","THA","Energy use (kg of oil equivalent per capita)","EG.USE.PCAP.KG.OE","","","","","","","","","","","","","","","","","","","","","","","","","","","","","","","774.494770138849","825.479872492741","865.704309113413","899.125553407656","979.262431000536","1052.28021147702","1160.58015021158","1166.79566594222","1079.80595351035","1138.84929761085","1153.04552225626","1174.20279195013","1286.14403684353","1379.29175743715","1477.38480877104","1508.58026062719","1525.12655757667","1569.87237319879","1596.82835450256","1578.76107269732","1718.62118368043","1704.82334080525","1818.19204308684","1943.92303978228","1926.22582617648","1932.67390968815","1985.00530928348","1988.13781529099","1951.8556356188","1989.81234226863","1884.35073727402","1848.06336093307","1867.46968312053","1851.27231424167","","",
"Tajikistan","TJK","Energy use (kg of oil equivalent per capita)","EG.USE.PCAP.KG.OE","","","","","","","","","","","","","","","","","","","","","","","","","","","","","","","983.163633027559","915.115339161753","733.41087948565","566.672491077633","427.103286964703","374.033375007141","354.100051986627","348.70138047649","364.417668012421","360.528858793095","341.873767516371","330.976128229369","325.679885054417","325.581474313824","345.261040280781","337.915937288384","341.863711848015","358.427683199043","334.362637299147","284.651561490729","284.331249350809","278.854522985683","294.855655829726","288.394960596269","301.614964923042","318.698277378179","326.569218788739","328.781768931872","347.711461590981","370.778875737531","375.367379182413","367.769041949913","374.547332126552","393.055077961309","","",
"Turkmenistan","TKM","Energy use (kg of oil equivalent per capita)","EG.USE.PCAP.KG.OE","","","","","","","","","","","","","","","","","","","","","","","","","","","","","","","4643.2261381727","3927.35763226489","2632.47699569568","2603.23450518965","3232.60398266795","3267.47130147645","2805.87501319643","2762.25376106527","2840.41772055215","3302.13223706089","3247.63669189299","2700.88344902373","2214.75044678139","3005.3530688227","3714.87522658173","3554.40116385348","3604.17462878634","3507.12790817277","4237.03618879217","3647.89054822676","4077.66790491897","4314.98528175453","4232.43008359245","3952.26848549516","3758.60667175271","3722.78312991377","3589.90954802381","3558.31901850361","3427.90624399814","3462.25492610399","3393.06371360237","5109.26062011343","4841.2803934463","4558.64639369573","","",
"Latin America & the Caribbean (IDA & IBRD countries)","TLA","Energy use (kg of oil equivalent per capita)","EG.USE.PCAP.KG.OE","","","","","","","","","","","","","","","","","","","","","","","","","","","","","","","1038.18964270813","1053.22881357729","1065.2724823783","1058.91034730731","1099.10790777989","1088.41880302433","1117.78403051873","1145.3099180459","1169.84240808593","1183.66195203647","1172.31780850643","1158.31541060943","1187.24370624698","1206.75607956863","1235.02930055745","1266.08787014591","1290.68623632175","1317.05517000637","1334.29400168806","1286.3506538218","1354.60638028746","1366.45494004557","1393.63169815336","1436.98596055797","1417.74068596418","1394.14975549639","1366.62105014675","1350.61620206623","1313.11499667301","1319.51989297689","1224.42504296428","1300.44540056818","1310.7928398059","1329.86358208238","1487.37916310806","",
"Timor-Leste","TLS","Energy use (kg of oil equivalent per capita)","EG.USE.PCAP.KG.OE","","","","","","","","","","","","","","","","","","","","","","","","","","","","","","","","","","","","","","","","","","","","","62.4277506420371","61.1613700568695","60.4138656989526","60.7032219478967","","","","","","","","","","","","","","","","","","",
"Middle East, North Africa, Afghanistan & Pakistan (IDA & IBRD)","TMN","Energy use (kg of oil equivalent per capita)","EG.USE.PCAP.KG.OE","","","","","","","","","","","","","","","","","","","","","","","","","","","","","","","663.191953133606","668.664413738877","698.743797009548","728.886990128086","757.880117400473","769.643005377334","756.270936269716","799.203666243486","782.525372978875","801.640320061961","788.108365348027","823.419333227439","825.933623305455","828.867269794712","872.414235044176","923.992642471051","936.131417662858","956.183478030943","979.129228260682","978.235684573102","973.702722071797","971.369224154521","987.831343599636","973.182909485313","1003.78625361364","966.405961557877","1001.1028469984","1050.19130798617","1038.18501713197","1065.40824896309","1023.01178913464","1066.10387982935","1047.299017786","1080.49524707662","","",
"Tonga","TON","Energy use (kg of oil equivalent per capita)","EG.USE.PCAP.KG.OE","","","","","","","","","","","","","","","","","","","","","","","","","","","","","","","254.218294884654","","","","","","","","","","","","","","542.490316071989","539.410055739039","536.455441258129","543.447707212863","","","","","","","","","","","","","","","","","","",
"South Asia (IDA & IBRD)","TSA","Energy use (kg of oil equivalent per capita)","EG.USE.PCAP.KG.OE","","","","","","","","","","","","","","","","","","","","","","","","","","","","","","","300.088642832757","306.445640808855","311.210413690381","314.161236482405","321.943918053024","334.733364422093","340.351792076347","348.137250206427","350.144254750157","363.486860024881","366.028600098071","365.884052514958","369.330182812147","372.388009186859","386.207568743456","395.625855946391","410.716774250804","428.288209838353","446.491180914117","471.611450049472","492.49058573546","506.213679119934","528.989239051318","534.988418804067","564.929405853257","577.180149335876","584.677609249519","603.637618650025","621.31111888334","621.768218900534","592.370513170141","633.381629990765","675.790023000581","704.462550023437","","",
"Sub-Saharan Africa (IDA & IBRD countries)","TSS","Energy use (kg of oil equivalent per capita)","EG.USE.PCAP.KG.OE","","","","","","","","","","","","","","","","","","","","","","","","","","","","","","","539.288421170665","542.335937341369","526.966837922206","528.456946184805","526.573288407784","534.016847431131","537.276801834037","539.221296651983","529.163911467938","524.879605224117","499.6375450474","492.295556139855","483.269501963369","499.040909115958","508.821002103426","503.068236146042","501.633559078844","506.395905595","520.702281887957","516.460182815676","513.383999941692","526.73755864389","511.545918003726","513.569338477162","517.937634864007","503.414832513788","505.405045747097","496.105146627956","484.620724652716","493.72892471979","480.431676827338","491.630188608771","484.618352161849","479.776598165151","","",
"Trinidad and Tobago","TTO","Energy use (kg of oil equivalent per capita)","EG.USE.PCAP.KG.OE","","","","","","","","","","","","","","","","","","","","","","","","","","","","","","","4782.47609016258","4715.65904317902","5145.25562349447","4759.58552332193","4796.41728202912","4619.7280481663","5651.92808881757","5812.91499969311","6250.90915615712","7068.10233527916","7575.58896313876","8336.82302254039","8990.73441697741","10077.8124597532","10262.1290415816","12423.5683148853","13820.6467519783","14651.4392568831","14167.2834575522","14193.29907855","15018.9097839263","14838.9882923701","14480.1691062996","14331.4985446827","14611.6182206133","14043.9759832685","12250.992693627","12330.86332127","12397.1007399961","12492.8984634242","10700.5967523814","11212.0075366802","10999.4620628815","10590.4282092029","","",
"Tunisia","TUN","Energy use (kg of oil equivalent per capita)","EG.USE.PCAP.KG.OE","","","","","","","","","","","","","","","","","","","","","","","","","","","","","","","594.318071319607","576.27872137721","627.509817106988","598.684728431468","635.54535664556","633.647279663274","652.843374404444","664.287432602087","714.89307010544","730.204372862909","748.273831151715","781.40012180483","783.697921952401","797.158334635846","832.55467184916","810.836929733225","845.985604662777","865.764456490386","894.304160812003","859.962925384995","955.707047372167","902.903041115908","930.16863461378","935.797099690451","939.769133002953","952.983955126789","955.176493865808","973.953481456321","973.074341333009","950.614263724593","896.515593998175","964.474882954034","956.041118887201","901.544846500177","","",
"Turkiye","TUR","Energy use (kg of oil equivalent per capita)","EG.USE.PCAP.KG.OE","","","","","","","","","","","","","","","","","","","","","","","","","","","","","","","918.261888219127","887.162812412747","911.309124510702","955.118552884009","927.181663056975","997.967536333338","1073.12750011037","1109.80579406891","1111.04759170567","1079.90999533335","1166.01412005443","1060.57071953568","1107.27991011855","1159.99665803769","1176.75430160118","1211.46561646669","1328.69230138979","1429.92300570179","1385.17801532797","1364.09730379872","1445.41016354332","1515.88033612695","1567.31606123672","1510.79118967025","1543.09095693879","1646.83631130339","1724.54363987712","1828.02986770908","1771.33742856964","1774.19625722275","1762.01062220058","1894.62719281739","1841.55630679263","1849.53592344542","1924.93815098993","",
"Tuvalu","TUV","Energy use (kg of oil equivalent per capita)","EG.USE.PCAP.KG.OE","","","","","","","","","","","","","","","","","","","","","","","","","","","","","","","","","","","","","","","","","","","","","","","","","","","","","","","","","","","","","","","","","","",
"Tanzania","TZA","Energy use (kg of oil equivalent per capita)","EG.USE.PCAP.KG.OE","","","","","","","","","","","","","","","","","","","","","","","","","","","","","","","297.576209956546","297.725749311482","296.366293451872","307.166428802667","354.136151874751","362.672242081562","360.800857832384","357.537942100619","370.868215295888","383.777082877497","394.214040984419","397.622993221394","406.285214233171","411.360806606838","415.138592227062","426.631879550634","429.770138653436","419.60961592123","415.330594456726","415.353590642635","421.07723472057","433.147775276653","425.199728698323","432.383123313066","414.956549694307","420.073127390291","416.6573892094","406.582586090679","403.246305480236","414.699802505225","404.414101040694","404.180640287945","406.559197479309","400.79903628363","","",
"Uganda","UGA","Energy use (kg of oil equivalent per capita)","EG.USE.PCAP.KG.OE","","","","","","","","","","","","","","","","","","","","","","","","","","","","","","","402.070944670397","402.554090043828","403.320202900991","398.844164570364","395.505352859269","398.140311696357","401.192438933421","399.682457178449","395.934295404902","389.821329413169","386.584595406427","386.089708214355","387.318100005704","388.381069147849","388.640131805598","392.282158904873","393.842691254672","396.630026221206","402.651273617184","414.735215121393","421.097969878538","429.225311843415","436.075835109515","449.340940009568","455.997609512825","470.526106943969","473.577742821637","468.530429181479","468.498653970229","455.42686850579","475.329485023229","483.427100082329","488.210616294079","497.390337772828","","",
"Ukraine","UKR","Energy use (kg of oil equivalent per capita)","EG.USE.PCAP.KG.OE","","","","","","","","","","","","","","","","","","","","","","","","","","","","","","","4841.71904895513","4837.21284356085","4196.07414505054","3716.77858553103","3183.56375925579","3168.70052622854","2927.92572780332","2825.73860259937","2693.73243816097","2702.79946004914","2700.10061007166","2730.9849933122","2786.00498673634","2914.06696251373","2957.98499344051","2964.77701596962","2866.6234732695","2961.88351682898","2875.89657843683","2453.43957426865","2848.78160077932","2732.88427034676","2650.99861590717","2517.91132267143","2298.60778628289","2027.641681734","2007.97794185628","1967.83535233788","2068.75608372619","1987.62473314258","1932.92182292303","2096.06217562326","1479.47224953939","1508.27791300021","","",
"Upper middle income","UMC","Energy use (kg of oil equivalent per capita)","EG.USE.PCAP.KG.OE","","","","","","","","","","","","","","","","","","","","","","","","","","","","","","","986.517914567446","969.448446312429","955.632193251083","962.117564862379","966.73028306495","999.127911546975","1004.40565594524","1011.56963358107","1001.21397031655","1005.82164524043","1015.96401851124","1026.26665205362","1061.27161271137","1144.30838814077","1242.80212838935","1312.94594768882","1382.63889259171","1450.51301462308","1483.09730299502","1510.75739521618","1616.0161105466","1684.69300580979","1720.58363395867","1754.83598702145","1775.17390775425","1750.55403844201","1749.09335400781","1789.75464660165","1842.27567665019","1897.90056950954","1893.86306228947","2002.77736154791","2023.7423581447","2117.85715745782","","",
"Uruguay","URY","Energy use (kg of oil equivalent per capita)","EG.USE.PCAP.KG.OE","","","","","","","","","","","","","","","","","","","","","","","","","","","","","","","724.623158851083","781.653529839595","858.94549973557","796.48972768896","757.037323551894","805.45638430458","884.16196125255","893.586695122511","914.894632558476","994.912620386541","948.595701266831","831.884484463778","772.008348325172","774.971327216851","884.970363414793","916.698612830821","990.488024294237","985.905732498087","1274.16949472415","1254.7362886566","1226.9840852731","1327.77878788273","1407.51757319789","1378.79092656473","1397.55777562001","1491.04897158511","1550.98299580242","1512.8381875657","1560.97897875852","1540.78251179675","1531.60055590501","1643.32575440656","1623.8204512773","1771.52729208681","","",
"United States","USA","Energy use (kg of oil equivalent per capita)","EG.USE.PCAP.KG.OE","","","","","","","","","","","","","","","","","","","","","","","","","","","","","","","7669.4512686363","7629.84715395512","7675.63655553518","7708.10161116809","7755.08252133275","7760.89035266192","7841.59288605808","7825.23663798017","7800.439490719","7920.05392329598","8055.14548852416","7824.24393877407","7840.46095949898","7791.30391526846","7878.53717143427","7843.3910574627","7694.40657948116","7756.0141894981","7484.83268900712","7053.35846690965","7162.55933024159","7009.64607964907","6820.46062064875","6888.38143742637","6915.64165280321","6789.64733291075","6663.4963294418","6590.83509745633","6738.27272433986","6700.93033990565","6141.5241450627","6445.82621225492","6512.09816744798","6364.46726343838","6361.4447017904","",
"Uzbekistan","UZB","Energy use (kg of oil equivalent per capita)","EG.USE.PCAP.KG.OE","","","","","","","","","","","","","","","","","","","","","","","","","","","","","","","2315.79830531938","2291.7728480695","2098.83132080431","2130.91862562729","2062.21084114324","1713.58068520437","1744.87031595541","1746.59887028463","1789.4682125784","1842.93905906342","1871.11315536747","1868.13081503421","1912.25629372757","1827.88704189006","1784.51336428919","1666.13498733072","1699.2589205417","1638.45360927609","1660.63763265876","1492.27478472651","1596.92372277593","1607.25299014153","1391.81210442549","1354.11120586417","1242.64772787674","1167.29385071423","1211.94608494188","1255.97754648177","1276.08532865176","1289.0781755237","1351.14123572996","1465.18513514935","1381.80517132593","1394.09046714259","","",
"St. Vincent and the Grenadines","VCT","Energy use (kg of oil equivalent per capita)","EG.USE.PCAP.KG.OE","","","","","","","","","","","","","","","","","","","","","","","","","","","","","","","263.244571244589","","","","","","","","","","","","","","584.924890326583","595.820364606492","624.921884764404","627.628193058432","","","","","","","","","","","","","","","","","","",
"Venezuela, RB","VEN","Energy use (kg of oil equivalent per capita)","EG.USE.PCAP.KG.OE","","","","","","","","","","","","","","","","","","","","","","","","","","","","","","","1997.56479057799","2037.30182520885","2226.55481105961","2027.59967205093","2299.11785137022","2111.33770063193","2203.62644762536","2149.90770739915","2218.43187719732","2399.16210710328","2391.36796026802","2188.40606705914","2648.88652521803","2432.12630470112","2305.02805179379","2371.58340737061","2377.64028480756","2391.33788149518","2346.01163837283","2231.75458660546","2621.20702328211","2309.9066118944","2310.75269478151","2529.2097489945","2173.57093050952","2098.46944015591","2009.0681450604","1933.19114696252","1451.3949056587","1379.73439965","1093.43160664363","1409.82623845927","1364.68351163595","1331.23284099658","","",
"British Virgin Islands","VGB","Energy use (kg of oil equivalent per capita)","EG.USE.PCAP.KG.OE","","","","","","","","","","","","","","","","","","","","","","","","","","","","","","","","","","","","","","","","","","","","","","","","","","","","","","","","","","","","","","","","","","",
"Virgin Islands (U.S.)","VIR","Energy use (kg of oil equivalent per capita)","EG.USE.PCAP.KG.OE","","","","","","","","","","","","","","","","","","","","","","","","","","","","","","","","","","","","","","","","","","","","","","","","","","","","","","","","","","","","","","","","","","",
"Viet Nam","VNM","Energy use (kg of oil equivalent per capita)","EG.USE.PCAP.KG.OE","","","","","","","","","","","","","","","","","","","","","","","","","","","","","","","272.780251085134","270.748866586584","276.933206862751","294.74751383968","289.677004526493","304.058538367664","315.960539910077","335.565681064978","352.512759719206","358.075426214906","372.486738202477","393.081627304938","424.572449525025","441.331501223992","485.432705372372","509.245126631649","515.075042472671","544.673183366382","572.099542305108","615.142147070174","670.10802910064","663.574440140704","664.347312614103","674.678165107275","745.633531778112","679.445923972947","738.879533385899","757.479979941312","885.646841787765","987.27147244039","991.281232485165","962.199524881189","1023.0571362687","1018.06940422163","","",
"Vanuatu","VUT","Energy use (kg of oil equivalent per capita)","EG.USE.PCAP.KG.OE","","","","","","","","","","","","","","","","","","","","","","","","","","","","","","","157.460297305877","","","","","","","","","","","","","","145.835662652945","142.342000379579","143.56969845732","158.173502774815","","","","","","","","","","","","","","","","","","",
"World","WLD","Energy use (kg of oil equivalent per capita)","EG.USE.PCAP.KG.OE","","","","","","","","","","","","","","","","","","","","","","","","","","","","","","","1626.37845623453","1611.38545069691","1584.49149218595","1576.8046400127","1564.26789239845","1577.55122303344","1592.84671503443","1585.16251082644","1569.0964722265","1580.15449756085","1590.69457919484","1584.5550183748","1597.43234985114","1635.68461598611","1683.06000630655","1708.80721636457","1735.66352418723","1759.90529064015","1761.0075730573","1723.12041193371","1797.791324261","1804.64350455921","1804.39336976616","1811.44471897213","1810.37090097922","1790.65674725323","1786.11677409809","1804.7451296215","1827.8405798596","1829.83708515689","1763.03007378467","1852.54433235952","1852.6195423046","1866.43382235569","","",
"Samoa","WSM","Energy use (kg of oil equivalent per capita)","EG.USE.PCAP.KG.OE","","","","","","","","","","","","","","","","","","","","","","","","","","","","","","","255.773358100354","","","","","","","","","","","","","","300.672755289961","304.848698777396","303.661518627237","307.27988429323","","","","","","","","","","","","","","","","","","",
"Kosovo","XKX","Energy use (kg of oil equivalent per capita)","EG.USE.PCAP.KG.OE","","","","","","","","","","","","","","","","","","","","","","","","","","","","","","","","","","","","","","","","","856.943688546918","1044.87065723301","1035.03652986506","1091.49742065686","1099.83250794257","1070.06721463477","1084.46350103884","1131.46798118969","1230.09754239368","1356.38701251086","1394.78002150113","1410.72541685059","1310.3856620955","1296.69455079673","1219.31522053323","","","","","","","","","","","",
"Yemen, Rep.","YEM","Energy use (kg of oil equivalent per capita)","EG.USE.PCAP.KG.OE","","","","","","","","","","","","","","","","","","","","","","","","","","","","","","","180.981566779694","211.975677187661","222.881497111698","185.806376377869","186.966315782925","204.1397676512","201.531838800768","207.425455422355","214.74880211605","234.96098673933","241.884502378759","260.291246901483","244.765880104457","264.070554409773","279.891332102562","289.030753712905","299.542924935684","283.812949035491","289.811528650795","311.080562559356","291.861999994351","240.192428627502","210.827759194461","281.953182312038","259.815942651214","119.994093431265","71.6879642059413","150.570498789289","204.235450557521","199.221869757581","183.540233811968","166.825172838285","171.249370425335","154.996261405398","","",
"South Africa","ZAF","Energy use (kg of oil equivalent per capita)","EG.USE.PCAP.KG.OE","","","","","","","","","","","","","","","","","","","","","","","","","","","","","","","2238.59314975903","2247.25101078796","2104.60311343692","2197.40025902621","2255.95489604194","2357.97344794861","2395.08882561738","2418.36525437478","2434.78353341314","2365.70130153691","2269.37063464901","2180.26593384169","2072.05766349373","2300.85052603256","2478.00378605228","2374.43550245537","2397.99082240112","2576.78503956652","2738.08467369962","2735.00618529644","2518.44190314477","2536.41417638413","2394.39798705356","2341.17923180198","2438.67891656885","2257.19467617813","2311.76901865151","2283.45815447669","2184.87777550689","2231.91074710296","2037.46194166103","2124.62297436572","1938.30644693274","1938.50916018053","","",
"Zambia","ZMB","Energy use (kg of oil equivalent per capita)","EG.USE.PCAP.KG.OE","","","","","","","","","","","","","","","","","","","","","","","","","","","","","","","698.99099589317","700.924646643897","694.862241028751","679.43941531731","668.076358195867","663.32497167535","641.707557085146","652.331608511085","641.720228004232","629.370875610787","596.194955485878","597.043898716208","604.562505071608","611.860768536862","612.389510440671","608.665948992328","605.125481169068","598.061137082855","617.614330213647","620.767195294646","629.592553854004","646.451392811859","662.555204548739","671.765266354406","682.457632858367","686.131690105645","682.992655103275","701.837454109419","725.345366775352","740.779623928295","757.478817707939","768.86430207545","791.621385622627","804.223060174856","","",
"Zimbabwe","ZWE","Energy use (kg of oil equivalent per capita)","EG.USE.PCAP.KG.OE","","","","","","","","","","","","","","","","","","","","","","","","","","","","","","","917.216330393847","947.267411212407","950.926998400787","896.550056675906","889.068847985188","896.802808791501","878.324342885053","853.413365011755","856.364413103571","898.603754248396","555.920693046092","540.270613966905","519.581800171555","477.200797479578","449.272021527134","479.190598403953","494.434799986055","473.016821989703","416.111250264098","418.04242583891","420.109046848771","444.80696274803","454.708020211244","462.865283072286","460.33369823579","453.584519266008","423.264031970289","413.687239283497","441.902461438581","439.67637546171","394.919240708643","405.004500691653","447.385982833743","472.22895786097","","",
