"Data Source","World Development Indicators",

"Last Updated Date","2026-07-13",

"Country Name","Country Code","Indicator Name","Indicator Code","1960","1961","1962","1963","1964","1965","1966","1967","1968","1969","1970","1971","1972","1973","1974","1975","1976","1977","1978","1979","1980","1981","1982","1983","1984","1985","1986","1987","1988","1989","1990","1991","1992","1993","1994","1995","1996","1997","1998","1999","2000","2001","2002","2003","2004","2005","2006","2007","2008","2009","2010","2011","2012","2013","2014","2015","2016","2017","2018","2019","2020","2021","2022","2023","2024","2025",
"Aruba","ABW","GDP per capita growth (annual %)","NY.GDP.PCAP.KD.ZG","","","","","","","","","","","","","","","","","","","","","","","","","","","","17.5932059495681","18.3046873736158","10.0669319753621","0.134479696268457","2.81343465185566","1.11185560632529","0.49219478038809","2.75152351032429","-0.292643137693034","-2.73386429761131","2.97839664366641","-0.487159557964318","-0.12596572599432","6.51922376579444","3.21240568796392","-1.62809915245946","-0.0338394415310148","5.02691151582482","-2.93082349408309","-0.673257700327071","2.32267757939195","1.06177235220186","-12.2749362798142","-2.95695264975568","2.61052505937265","-2.4846479774957","4.85525795729174","0.351129288189497","2.556217861775","0.469912651203259","3.48581549286742","3.0485184481057","0.955684591453277","-23.5085810660208","15.779443924071","11.0099466413272","9.46637557708961","6.18175077559285","",
"Africa Eastern and Southern","AFE","GDP per capita growth (annual %)","NY.GDP.PCAP.KD.ZG","","-2.18271899202236","5.07542912679675","2.79618086072317","1.79146192351749","2.22501450202672","1.92258454772218","2.38433702827156","1.18891807977678","2.12739093231224","-1.76651946355082","2.48087892944326","-0.11628666824906","1.60970619489656","2.38095919588692","-1.54448385364167","-0.594005459110164","-1.71083284703045","-1.50843267957727","-0.243309867774272","2.33698989613656","0.763072293765603","-2.86548506585918","-3.02273452921243","0.315757916173197","-3.04982222062205","-0.739305392023027","0.870023398272053","1.30066708449021","-0.194365355091065","-2.70803135835918","-2.81641207118932","-4.9584952949583","-3.54757354743944","-0.752746167021584","1.67950821777936","2.74481800650386","1.2277140389366","-0.828207629496021","-0.0228632100298825","0.537452922147111","0.858397630284628","1.24193215095558","0.346408929145753","2.88100545486438","3.38831264636777","3.82815757987287","3.86883047212268","1.63317109322863","-1.80600961701633","2.49382116351491","1.04190827835093","-0.827397152064862","1.79755555426182","1.14400714688763","0.195047809492067","-0.373426659266414","0.001542071800543","-0.0640051941255848","-0.801354122244689","-5.51611083521335","1.72157250545655","1.01471726677123","-0.594614604893195","0.277358647887979","1.17018148257519",
"Afghanistan","AFG","GDP per capita growth (annual %)","NY.GDP.PCAP.KD.ZG","","","","","","","","","","","","","","","","","","","","","","","","","","","","","","","","","","","","","","","","","","-10.1194841059326","22.0201902696299","2.34567163632688","-2.14821228495553","7.38337728197978","1.13248505528998","11.6923032922081","1.6772791560615","17.0438963216074","11.0550305527288","-3.21329500579925","8.27936899310519","2.0520682606117","-0.939984755736006","-1.66505744749013","-0.300121027406746","-0.195569548342789","-1.71374269254262","0.856294729087764","-5.38251464221077","-22.5844818732987","-7.57666891152213","0.10609280092082","-0.975915304703463","",
"Africa Western and Central","AFW","GDP per capita growth (annual %)","NY.GDP.PCAP.KD.ZG","","-0.251184694001111","1.53846961579976","4.74044820428104","3.09134775898028","1.83693002638556","-3.68059298172338","-10.9757118035624","-0.701131358202801","12.3467064043877","14.5116965352547","7.771338018891","0.669693696077587","1.33435906080285","7.09605762174061","-4.60050152637916","5.55277830574639","1.75806214936162","-4.61754868319973","2.09911268790471","-0.975957245893383","-9.26045818290284","-6.02886670285615","-8.79831337956884","-2.11151916111201","2.48687997555245","-1.4715146548117","-1.32752696960358","1.92189254115394","-1.05633664162958","2.82767593697399","-1.51915256244767","-0.491410989325018","-3.95040943930857","-2.84645838754254","-0.895422462359932","1.8048238033667","1.58406258152732","0.799016402218882","-1.21137782630254","0.999259502939267","2.34332989659511","6.89670708186827","2.69562168057567","5.0593080412028","2.83694211341692","2.35271467955923","2.50903560180902","3.24513185503825","3.21119767785272","4.0522852338199","2.00094533366727","2.25119702126244","3.19663766359375","2.85364068079778","0.201687513875925","-2.45468067370471","-0.335939423564639","0.336503639808257","0.798449950611996","-5.9882592891983","0.158044421755463","2.08027089264411","1.20760367386683","2.11770319005143","2.21394778961708",
"Angola","AGO","GDP per capita growth (annual %)","NY.GDP.PCAP.KD.ZG","","","","","","","","","","","","","","","","","","","","","","-7.819537670774","-3.61121699593038","0.398925562456355","2.14350685089642","-0.238221364131547","-0.756799921119139","0.529253267498845","2.57767901918209","-3.31670877387505","-6.67052697297498","-2.34465271192013","-8.87134518935972","-26.3741958813538","-1.8930680113733","11.2224490335076","9.76893815297632","3.69291015065598","1.24533172766135","-1.13079878000084","-0.302928309017702","0.769184669108554","9.85780236283283","-0.0654379872422197","7.48604694407922","10.0673593264113","7.79557532887192","8.85163544291423","6.67888592419779","-1.80906009330889","1.31579076620976","-0.356512141669299","4.37008778613288","0.921826358320473","0.821220988941135","-2.80470818378251","-3.73813083448252","-3.63762547583934","-3.88378811597828","-4.35122089958229","-8.31907910122797","-2.07481613044689","0.35327155797566","-1.75357049644875","1.80585033622316","0.0844684076458151",
"Albania","ALB","GDP per capita growth (annual %)","NY.GDP.PCAP.KD.ZG","","","","","","","","","","","","","","","","","","","","","","3.64864854723079","0.79584007109321","-1.01680217228541","-3.30749720231947","-0.290595348322213","3.61465554406625","-2.74949637948959","-3.26252233446826","6.92361728508746","-11.1879052989609","-27.566820834883","-6.62255120696442","10.2299493392305","8.96976165854495","14.0244959350984","8.00551384353483","-11.1576605254893","8.99380682261059","12.9639268824224","8.14996793452505","9.89019357107392","4.94262296313663","5.72810598121802","5.70712308403314","5.67025027957055","6.68998139667232","7.30798262922809","7.73056161381389","3.38511539501225","3.48564808644622","2.73953255678821","2.5545386692104","3.28889031489732","3.83017022939833","3.81743447071763","5.52482598081943","4.88935288088643","5.28357949627288","3.64975808463876","-1.81016536329729","10.6641494274411","6.45698822084806","5.7396783820155","5.55729254637092","5.00582719956736",
"Andorra","AND","GDP per capita growth (annual %)","NY.GDP.PCAP.KD.ZG","","","","","","","","","","","","-2.50058905847796","1.01262363185526","0.905266180764357","-0.876786144946138","-5.40568774889164","-2.53240665067025","-2.65439397848357","-3.61402424680732","-4.53971970772865","-2.00736097927725","-3.85913536256933","-2.91946873272366","-2.74825922222037","-2.32782592052799","-1.30213488514967","-1.05661369805985","1.29670922958218","1.34490703710843","2.33371642842843","-0.119515604880633","-4.81916904530696","-4.99409016591666","-5.83663168981438","0.259838841219207","3.8829592914651","4.53197827144704","7.86067895733267","2.11836793796665","3.57945484802578","3.56776571144128","7.84516813384302","3.51828473360374","4.03270748560267","1.09540001410325","1.18302768739022","1.95883002800001","-1.2896115123411","-7.38929878788132","-5.74648545856505","1.88988084312282","3.7495175357235","-3.80075429834201","-1.44394540350855","4.52989381717444","3.63079793724701","3.69962046811506","-1.80605703312767","-0.30211930399588","0.265352820614368","-12.2238384935431","6.92704485233561","7.72123800096536","1.1232590791063","2.47782130029728","2.65776092136174",
"Arab World","ARB","GDP per capita growth (annual %)","NY.GDP.PCAP.KD.ZG","","","","","","","","3.80125709250481","7.64320435988863","4.38758097786601","19.4550684440578","4.46552869058461","10.736607708896","10.0134980546109","7.28891106057628","-3.05793838942657","10.7243303471032","3.30024944482585","-0.377237942793258","6.83172246634234","2.66250904516434","-2.31305635966766","-8.84471731127677","-6.73976352585547","-1.8780354260704","-3.8481844543649","-3.74344935844545","-2.69425975423614","0.457348373524738","1.05421595217381","4.34609962979017","-2.96256868206306","3.88405240603566","0.425071054396668","0.558861030356866","0.240290555196893","2.28691234933345","2.95945332972063","2.26566737659282","0.347644218848941","3.79848131815213","-0.302783165520793","-1.10209392913329","1.78073866579463","6.57881858398423","3.10241221994015","3.76799825944971","2.02973818546926","2.94388275607452","-1.77742408482605","2.66756149995162","1.47986834629215","2.99674440011191","-0.018419233108105","0.20994989882179","0.840584401735526","1.19964765471723","-0.681450995163544","0.861357587521155","-0.147542137815066","-7.25739207603073","2.86183497876445","4.5665417527059","-0.618659094254539","-0.170393051350842","1.46471292301749",
"United Arab Emirates","ARE","GDP per capita growth (annual %)","NY.GDP.PCAP.KD.ZG","","","","","","","","","","","","16.8394317490106","21.0226998042105","55.8235293190942","2.16348157119559","-4.29406042029954","2.71261438937486","5.30784875282244","-13.6362492630725","7.30171206223589","11.2285666509993","-3.34860852551871","-12.0387055475196","-10.0616230969845","-1.61310548126046","-8.6263783833507","-20.143124453657","-3.63616872517201","-8.84619793792895","5.55589491749082","11.5724168448179","-4.58876380694964","-1.93768038450514","-3.63144943782228","2.02484576672445","2.02194448982083","-0.836433108678165","-0.251957864765345","-7.06408032031879","-4.20554133560286","3.63205780500195","-4.86473065890998","-3.60458348660198","2.68559850249295","3.71559553188652","-0.445692154808313","2.28740527695417","-8.10762969870919","-7.90937300755436","-10.9561860297587","-0.804617487902945","3.21044717047995","0.619820807088118","0.805426598522857","-0.124043269981982","1.47472912196567","0.57481122939582","-4.1521758396202","0.195833797104513","0.208979855084152","-8.25883323246956","2.65161941845433","2.18067106977496","0.234310330355683","-0.766014064229807","",
"Argentina","ARG","GDP per capita growth (annual %)","NY.GDP.PCAP.KD.ZG","","3.69719814247078","-2.48121195562244","-6.85164319621322","8.3710623352716","8.85345574605236","-2.16954271817043","1.62972299154983","3.23085080817873","8.00868538956887","1.45058523570245","4.00782333157468","0.0320089147512164","1.16290357603461","3.81225224716344","-1.62320618621685","-3.53995334802055","5.25406554729264","-6.0207877961285","8.47665216535873","-0.0856397028385061","-6.69655885721481","-2.31535975378387","2.69083801550656","-0.0338209216825902","-6.66838660626058","4.51505097092362","1.1301429501441","-2.61112478271322","-8.56786939027158","-3.91119229289714","7.57513507305919","6.45332357113911","6.75211494763417","4.42731162216963","-4.10993598659498","4.20805017284493","6.80582114293425","2.63654066984506","-4.49306655170841","-1.90684139222867","-5.45263903304014","-11.8423138177008","7.71839038006088","7.92951713016532","7.73898107569444","6.94185160089025","7.93261011269163","3.00856892610517","-6.9103121153056","8.96819672899282","4.88127252804149","-2.0383253093713","1.39351266056681","-3.51326421042003","1.66091253843923","-3.02450095578762","1.91639608148853","-3.41553683867816","-2.69506723533574","-10.3361096878518","10.1485599877349","5.79747980169367","-2.13703473540124","-1.68352700528746","4.01402236988311",
"Armenia","ARM","GDP per capita growth (annual %)","NY.GDP.PCAP.KD.ZG","","","","","","","","","","","","","","","","","","","","","","","","","","","","","","","","-13.2111499901537","-41.1137635319795","-5.66973360505507","8.17931421395623","8.74315812160908","6.79679451868454","4.35375293195368","8.56710543978232","4.64095231749397","4.13075887426186","9.91735475361723","13.6245265308361","14.6197014940959","11.1144901880771","14.5697018806234","13.8986537041733","14.4208244850475","7.60294775074826","-13.5088421403002","2.91158696816194","5.28437530828725","7.33470454115984","3.37178358702843","3.88187670110254","3.51599547257022","0.611877151180408","7.96544606461424","5.56850117850011","7.83608438672164","-7.16866452731679","5.77142760758333","12.3383335576379","8.47902034166535","3.48421625230606","5.35238280364143",
"American Samoa","ASM","GDP per capita growth (annual %)","NY.GDP.PCAP.KD.ZG","","","","","","","","","","","","","","","","","","","","","","","","","","","","","","","","","","","","","","","","","","","","1.12678985497159","0.68022053736145","-0.0545952701160815","-3.68497685539259","2.32559828018989","-2.16041177422564","-3.6489098592902","0.84468159199173","0.606612624100549","-3.62202258510453","-1.62801355404956","2.79061243809868","4.29662336687659","-0.488137584297121","-5.79936404816848","4.03850712136055","0.897584681397618","5.3517874262504","0.297884820349225","3.59327606262792","","","",
"Antigua and Barbuda","ATG","GDP per capita growth (annual %)","NY.GDP.PCAP.KD.ZG","","","","","","","","","","","","","","","","","","","4.09662815534941","7.68260225929458","7.76127835512368","3.57042439618608","-0.268580068501166","5.12204706420198","10.2535226083518","8.12880918168268","12.0400709213822","7.17639021932308","5.74727601654992","5.74760641106589","3.43486298151443","1.6594153249851","-0.43883830028318","3.38094182895334","4.67192490428931","-6.24765118209551","4.42573962263424","3.33223171042644","2.76572360104406","1.94235195854947","4.43708445751554","-5.99992111346744","-0.235736724833515","4.91622766558386","4.64519467801469","5.28070690333209","11.3196408319242","7.84344693304287","-1.47076894898352","-13.2817680568047","-9.0794536101368","-3.10800074739414","2.27378133147778","-1.50846791062001","1.39120573166151","0.691094824520249","3.47228425039911","2.1461875762954","6.17448976886325","2.67761319425004","-19.2945462845167","7.58367481372255","7.92395469957276","3.33568914888815","2.04180224398706","4.51099369921818",
"Australia","AUS","GDP per capita growth (annual %)","NY.GDP.PCAP.KD.ZG","","0.461907273703787","-1.14543513600115","4.19678819635753","4.89875635634509","3.92086428494349","0.0699690591845439","4.97344570831932","3.25734337802564","4.83035616153123","5.08382058838998","0.544201826656504","2.01446321197041","1.06162772647569","1.50451470944581","0.098681908405382","1.56435628568006","2.43177916273716","-0.271138184658298","2.93317958655169","1.78622666488002","1.74096259685159","1.55263603794884","-3.5547506280931","3.3166427647013","3.88854366204454","2.47666322407724","1.00854231476922","4.04503594783567","2.13527239489717","2.05133530941588","-1.64629276060377","-0.685109221290034","3.12440890934566","2.98223871616621","2.73953092805972","2.61251726692284","2.79958588575271","3.63864607453812","3.88549898573662","2.73354609011429","0.729781869182801","2.7740361493122","1.91232481392237","3.11057041061613","1.90739095765275","1.39339848998918","1.91249613831002","1.56811983624921","-0.124768741461196","0.632264496011231","0.981771621515961","2.15339832775771","0.902732553895234","1.08218148890933","0.704511799724457","1.16312811538609","0.62251098729871","1.3466306507712","0.695209563773375","-1.35774770320791","1.86332687000336","2.91752727950202","1.09251403364293","-0.618565861462017","-0.191544720344581",
"Austria","AUT","GDP per capita growth (annual %)","NY.GDP.PCAP.KD.ZG","","4.96071689337595","2.02146916136823","3.4714664070703","5.41933573141662","2.81001241312468","4.90447902203863","2.24100937127145","3.93124144500578","5.90949579938591","6.74943472590654","4.64694258702778","5.59238102009265","4.31090644461429","3.76537315680999","-0.0990304305082361","4.76336934989831","5.03964822542808","-0.129830444595243","5.5364479723966","1.73137769291853","-0.398620558135931","1.938121352414","3.13962788748358","0.0575734873694387","2.45056602359712","2.23640193792993","1.29304520975597","3.14974642661939","3.42010175394032","3.55354808185622","2.41398616813638","0.976092051303695","-0.298753799856229","2.00876130503556","2.51091305108029","2.07784870159793","2.03015241563726","3.3793812628262","3.56023814714031","2.94168464206538","0.929888060915275","0.986311683800295","0.650068295894712","1.93089688878541","1.62565909591297","2.75962370061296","3.43938549159965","1.13621131218787","-3.83849307623562","1.56453337880819","2.5811033185299","0.170488694211613","-0.836906795346636","-0.0285805465757676","0.174259722821304","1.01887723192984","1.56430689663536","1.98626296400239","1.30350317565873","-6.70639361073974","4.4669658436443","4.32849751156559","-1.76308859891033","-1.15937778694629","0.285965556994498",
"Azerbaijan","AZE","GDP per capita growth (annual %)","NY.GDP.PCAP.KD.ZG","","","","","","","","","","","","","","","","","","","","","","","","","","","","","","","","-2.01238310352751","-23.7612021557258","-24.2568641648081","-20.7755585486808","-12.8134294386306","0.280213889570334","4.78428235238688","8.96088676293809","6.46158407611676","10.1910292674816","9.05182203818752","8.62535106573642","9.37646036430615","8.30153847939059","26.6600947700296","32.9970665765516","24.0486787589595","8.29339095519384","7.12223856098808","3.54945543779385","-2.84718268648209","0.85388594737168","4.48320316777964","1.52243135535144","-0.147024760133903","-4.14117487259738","-0.824348468311783","0.62488437469257","1.61582943287135","-4.85235140794201","5.15148935903709","4.673317967871","1.23267992863603","3.65914632279566","1.01259270392453",
"Burundi","BDI","GDP per capita growth (annual %)","NY.GDP.PCAP.KD.ZG","","-15.9019652409847","6.3318748882984","1.96499713773683","3.28867021830364","1.13032095040056","2.12302317412258","10.9686441322188","-2.64849014689527","-3.57614475347991","18.7193093811323","0.279710021469654","-6.39979892230961","7.04106910814075","-3.18211193978914","-1.76931158421134","5.55134642737933","8.64448041839579","-3.76126591931222","-0.830806952552152","-3.15980759837527","7.68491382091901","-3.49220029296362","0.973082536740648","-2.24212742745944","9.39438422223908","1.33043364051353","3.12328954639813","2.7300748439757","-0.620899444131396","1.36304401339021","2.84668515883749","-1.65473544627476","-3.24124864614819","-4.45293293605653","-13.2699852268517","-8.06350047055535","-1.5824774393535","2.76802982431101","-3.35382029606878","-2.89542791949714","-0.469619802706177","1.54204707066606","-4.2953882781394","0.997721140754805","-2.77894802793541","1.68473642542624","-0.311187520314832","0.668760370648471","-1.33995105464051","0.287652254263818","0.368535841377152","0.762376963720541","1.2220776240641","0.765722877623617","-2.63843207790325","1.43842310958158","1.41976304054418","2.20950781978466","1.08494176938687","-2.56910007414477","0.462596737226662","-0.413741362511459","0.476410170270753","1.4565402745951","1.7611109501225",
"Belgium","BEL","GDP per capita growth (annual %)","NY.GDP.PCAP.KD.ZG","","4.63025697348969","4.79403417171878","3.57435365102342","5.94913962516399","2.62444500497776","2.46146236126535","3.29157601694416","3.78504417250348","6.32828394205053","6.2478456902402","3.79648865623842","4.88408816782433","6.04748854154225","4.23677802982603","-2.24882996195586","5.46414014877136","0.501978435124244","2.74599011598598","2.24912760560818","4.32900829107655","-0.276653761516926","0.622329065147227","0.319812571005968","2.46792120866535","1.62151904693751","1.78646985792142","2.21947823908795","4.39079485847489","3.09399911803459","2.8302678771237","1.45537186156888","1.11956566849732","-1.34799947777529","2.90931869867012","2.17055024299408","1.12365026891848","3.54280305613241","1.74434797656973","3.30568109675036","3.46547823151502","0.752467698420773","1.25199428184297","0.615852527269695","3.1239312841995","1.76045646457337","1.87817418916214","2.91838151983706","-0.343476136908251","-2.69253471722568","1.77618341639121","0.613616927857308","-0.403775116080638","-0.166173060728624","1.31477462306464","0.887876358046185","0.682454832714654","1.08431151262542","1.41528937457539","1.89071932044187","-5.20244011003201","5.8180102265206","3.18730563990106","0.701377653356133","0.427122650657566","0.279800186935191",
"Benin","BEN","GDP per capita growth (annual %)","NY.GDP.PCAP.KD.ZG","","1.45114408357531","-5.11105170438546","2.82528075783458","4.63548010020787","3.2347817246031","1.50086168721739","-0.986093720140261","1.67436552121521","0.682677457774645","-0.128531727614345","-3.68732525193842","4.01165780455808","1.30726050101147","0.907300354118718","-7.18018223829337","-1.59445639492239","2.34673007253691","-1.33472073423174","3.7395567852373","3.87849215726132","6.87596456703679","-0.674353710936487","-7.08354719040462","4.82079328816913","4.39975049700094","-0.831611571775994","-4.42457315499306","0.30652753344971","-5.78117364233306","5.67842480823693","1.05989406490245","-0.174577693605642","1.24312443544126","-1.72472268031545","3.82668355558341","1.62986021443862","2.65891588399134","0.80483062510794","2.1324003787548","2.65043149973154","2.16452439056758","1.50964025698303","0.336976510869505","1.28077994352564","-1.51043339492205","0.750089697773319","2.9001757042866","1.77647069609412","-0.703743155603306","-0.888244805144353","-0.0571230167535077","1.74647753021327","4.076668026964","3.26077217060734","-1.18432043750336","0.361166139903119","2.67041720047298","3.73701554279164","3.98211326561793","1.12020264806804","4.41335435119757","3.58043408047179","3.70332512754182","4.84017869082697","5.5081087133525",
"Burkina Faso","BFA","GDP per capita growth (annual %)","NY.GDP.PCAP.KD.ZG","","2.55023265344265","4.58749878804011","-2.73014695828537","0.72143838526857","2.11732800572504","-1.09580812913819","7.01689650698381","1.31516494204224","0.276666588750047","-1.61623152218708","-0.322395573174092","0.563182490208192","-1.32950738728137","6.25587535382763","0.943213343373543","6.23539748425739","-1.94188225017315","2.03269818912379","1.01443822481875","-1.87246341521055","1.44648885946128","6.57803533543047","-2.45706355273177","-4.57317259505054","5.4289492547686","4.95223507393075","-2.92901265412704","2.99068268379408","-0.526129444179062","-3.18766193398135","6.33847249922952","-2.20972690363685","0.920491455019118","-1.20776072545993","3.04032535754941","8.20998110484305","3.61102243460883","4.38231550291239","4.29384816238002","-1.10710660159205","3.40975770830711","1.17736897014072","4.49294688106092","1.24360966999572","5.29574030906821","2.98889211912471","1.00131276742226","2.73663676272773","-0.000227773519867469","5.31934915891263","3.51633623623128","3.28878346500349","2.66508275857795","1.27047655599692","0.888259827767996","2.9035090911533","3.21640521697573","3.76772678322459","3.24391866186016","-0.443420002406739","4.43100540861892","-0.693015914774818","0.688770925071964","2.50565566182472","2.99493943486739",
"Bangladesh","BGD","GDP per capita growth (annual %)","NY.GDP.PCAP.KD.ZG","","3.11041971905573","2.43477384125657","-3.31559302385679","7.76033319575897","-1.31822516540159","-0.372470692121908","-4.72039172988215","6.313411168743","-1.61576476400852","2.92079667006378","-7.11748025644755","-15.6125172381123","0.409364379671672","6.5326988625076","-6.57057421501683","3.01376173963934","0.149792973513058","4.49252820443358","2.30715778158729","-1.56496896529997","4.51854466481316","-0.629252594549101","1.13444624118337","2.14633009039818","0.828029751172664","1.75594933819035","1.4749596769563","0.260566560580443","0.752490665566441","3.54080541439843","1.52679628840617","3.47383819956345","2.7790785666494","1.98156571211732","3.18589383291992","2.62954460746047","2.57102378007102","3.20995244419584","2.70069249240193","3.38671358983686","3.34027882244948","2.24286058481829","3.22632477639362","3.81635685042457","5.20131368672413","5.44042881455881","5.91320275589507","4.96057170242533","4.07076421640669","4.65046297355514","5.501503282369","5.50548020192592","5.02341839695075","5.09905460197942","5.60449539732434","6.16181560014782","5.68710307010265","6.44197494702485","6.97264399779152","2.58647816564581","6.07069417020969","6.00847462887278","4.4907040939439","2.96499837954917","2.23843076756387",
"Bulgaria","BGR","GDP per capita growth (annual %)","NY.GDP.PCAP.KD.ZG","","","","","","","","","","","","","","","","","","","","","","4.55114607461147","2.03229305097511","3.17252242910919","3.15480693588532","2.6849512108283","4.23524193406284","5.8986130495541","10.8200905113965","-2.15169094575204","-7.46320674046325","-7.53406929487494","-6.2712632979555","-0.691213367198486","2.16435943061855","3.36166301814281","5.74945681889749","-13.5909190240849","4.48401803484153","-7.881069661526","5.10505581146323","5.9111581316571","8.19521660591987","6.07406091995806","7.31740326884231","7.86550187137007","7.61685289651042","7.4414860834102","6.87712697728189","-2.72241640378013","2.22608184788542","2.74691105411546","1.33406575233641","1.48365880262806","2.18296570880787","4.72028599415447","4.37288142099703","4.1152402016823","3.74323659397713","5.26898074561532","-2.15683346351801","8.54724289833413","4.76332097858048","1.97332517178712","3.47015020389682","3.22647677659302",
"Bahrain","BHR","GDP per capita growth (annual %)","NY.GDP.PCAP.KD.ZG","","","","","","","","","","","","-1.00158981075438","5.85135349848397","8.0310734621964","2.94132346845394","-13.4068775816101","24.0721335465394","7.61285509034586","-0.957468007430705","-1.17342345830538","-1.85494661016521","-9.00391241881118","-10.7713482626281","2.73304290430794","1.34961001401166","-8.12303760275989","-2.42823907607398","6.44724314575416","3.19312676440913","-3.14702885262435","0.893819936325329","13.8269392087557","3.92058393511722","9.93939920516908","-2.84120790487738","1.2311327478419","1.40416077716732","0.411529525314464","2.06527153677192","1.58798229607446","2.55964691370853","-1.18735356761402","-3.81287513307996","-1.20657192911173","-0.710582645687865","-1.04880316974081","-1.47038032480991","0.0756469326690166","0.0637144631576234","-3.97919772562874","0.0771669589062469","4.78747209697194","2.60578123430011","1.5766868455926","-0.560855463138182","-1.66329278716239","-0.0791098754103388","-0.457057166110175","1.91849572888873","3.38274086937953","-5.17307400932464","2.11919822497499","4.76451212539493","0.42885937985659","2.14506863901964","2.72509987815381",
"Bahamas, The","BHS","GDP per capita growth (annual %)","NY.GDP.PCAP.KD.ZG","","5.34190503045808","5.03996022525013","5.12904592754285","5.47259346808362","5.6309736668166","4.19702466554497","4.60474580689618","3.43569724018798","4.14921820208349","-9.22052020394058","-1.50177965770737","-6.05590801214298","5.03040328662334","-18.5992072340605","-16.6476256741461","2.92212033284149","6.83592798874075","11.8302166080684","23.6693465364009","4.52774396336473","-10.7947081234762","4.92512069760862","1.86802114455067","12.2603670641799","3.05230906313199","0.0649144081291979","1.25497231137513","0.576822781492382","4.86574711954306","-3.29619175946311","-5.81532737138369","-5.57330907482256","-1.55554108245764","1.3503874431031","2.66415684647076","2.5876999442699","-0.222584467419338","3.23454357427582","5.72071861955573","2.79090551843051","1.37353399953901","1.5348629318823","-2.44284894921039","-0.353931310699963","2.1597593545269","1.197964733166","0.0223161568588637","-3.62901783567871","-5.41414044702256","0.248837037553542","-0.537416355238307","3.47892776270808","-3.756252482479","0.955837779605616","0.198544914739557","-1.84653148444181","2.728115494957","1.8159781736959","-1.33052999956263","-20.3291813559269","17.434844816468","10.5529690990486","2.55756046187126","2.90387123462988","",
"Bosnia and Herzegovina","BIH","GDP per capita growth (annual %)","NY.GDP.PCAP.KD.ZG","","","","","","","","","","","","","","","","","","","","","","","","","","","","","","","","-9.54507356752423","-1.49369908365956","6.08947143721052","16.4737626872484","16.2756717164714","47.8454192395156","31.7790126800649","14.587985745824","8.43574245195533","4.66760703832642","1.94134419076346","4.81267516142945","4.10275862847334","7.28905393914994","5.02566097156414","6.27585979363216","7.1739207271968","7.20155128475226","-1.31069341204288","2.67372042856877","2.83942425948602","1.11532015786369","4.02941435250273","2.45997274934615","5.65603511201289","4.59597025623206","4.57868807789549","5.10677209046635","4.16109545157208","-1.65750707667169","9.19342480517756","5.53111118093285","2.62616849156352","3.90600654036231","2.91433522626807",
"Belarus","BLR","GDP per capita growth (annual %)","NY.GDP.PCAP.KD.ZG","","","","","","","","","","","","","","","","","","","","","","","","","","","","","","","","-1.24556719322608","-9.79838350074243","-7.80377013813873","-11.5955750793052","-10.1088526843034","3.14668598096435","11.8639521970984","8.88936445502398","3.86637869492188","6.29963628199231","5.26389218814623","5.71608251433059","7.79491781867831","12.2126184264071","10.1497671646981","10.6755867171242","9.09946004068696","10.581305038428","0.446705717445226","7.98573283435519","5.7975501732946","1.86726973670382","1.03749004802856","1.59406202466224","-3.9572512636508","-2.61191381567238","2.64480751685403","3.36999150781449","1.6513675093432","-0.251224685296094","3.29081749370279","-3.88854008026519","4.69120797390816","4.87181326291299","1.819968531776",
"Belize","BLZ","GDP per capita growth (annual %)","NY.GDP.PCAP.KD.ZG","","2.29999307935888","2.26056117997575","2.12580899656064","2.003957924091","1.85104139469397","1.63372027186317","1.73948048913384","4.14657371261259","2.14391360170669","2.46736787927455","2.20794823562061","8.56426893311841","3.87799240415742","12.0185070842507","1.84332941732113","-2.07090877900737","4.31159874677208","5.72213652901029","5.26693343794875","9.49348189473658","-1.39799187421009","-2.57020069390337","-4.49456516300411","-0.411300256333874","-1.30728393908063","2.20253142884201","8.28155427142181","7.38062987711756","10.5330297874368","8.92908092614448","9.40974058942497","10.4086919637307","4.00371351909538","-2.12657838875785","-1.75976504320663","-1.85800125948006","0.813912719992345","0.327844039583852","5.72065023666906","8.63286312471467","1.78938135201594","2.25779720240918","6.43447208603128","1.73082295725253","-0.719879317857163","1.55376134075311","0.469905572241231","-4.29751566746636","-3.07491344525414","-0.999227091889964","-2.28218512422295","1.73206971753382","1.86924052413502","1.71986752597024","0.623344723744751","-2.31386521552362","-4.06828153670182","-1.04044004654376","2.74257530356437","-14.6255152617956","16.6367646067625","7.24662103489808","-1.54675916595728","2.02408347328358","1.32658870222943",
"Bermuda","BMU","GDP per capita growth (annual %)","NY.GDP.PCAP.KD.ZG","","2.45886043672175","1.83457609967974","-1.38430238750236","8.54831716087978","2.44014244791484","11.8352607237812","11.0330569236983","0.302356940952734","1.61793205509613","4.6438966830252","2.48781057867869","1.43476923988881","1.20958580422221","0.668046202643495","3.62553710416722","8.77271355263606","5.67500401139121","1.24581939624842","1.98382302727114","7.63018738277752","1.76663252896176","-5.96459459057529","1.28264780416285","-0.23256408613058","-2.67035531914217","6.01394430785905","3.05667377226135","3.25973110527164","-0.312179174586618","-0.727990781411421","-4.24143727520426","-0.783533833664436","2.2922568686562","-0.042793868031282","3.81687306796867","2.10816879918625","3.96729398940536","3.10840062782201","2.56233774996586","8.56055025926008","6.67303905692422","-1.91378569899915","3.00625355551543","2.04483377809146","1.4212811702547","5.33726015507226","3.05647529695661","-2.31554307454078","-6.02013631834608","-2.74767294578886","-3.75482688131365","-5.17585752397146","-0.166771480196203","-3.63285540773872","0.878744268938576","-0.633720640096868","3.40119187834931","-0.827444988688441","-0.124745932153232","-7.36898527070605","4.3339140849598","6.09120821281877","4.41671735689361","1.98596161949381","",
"Bolivia","BOL","GDP per capita growth (annual %)","NY.GDP.PCAP.KD.ZG","","0.0249947459172404","3.42321551120968","4.5900464977892","1.783842069717","2.69764176427296","4.88010875329759","4.01327670777007","6.14636426814231","2.16293690409803","2.89765667530102","2.72829821232219","5.56938616555121","3.38711014285656","0.638403546500285","4.90760338374334","2.2470901580419","2.57738378331752","-0.264150198024211","-2.12022342626696","-3.56480336895466","-1.9248374768233","-6.0134744165937","-6.08597774427207","-2.31057153866044","-3.73470517630113","-4.60038364097161","0.324802543244047","0.751404531935179","1.61587634304188","2.45834978447405","3.09553408586112","-0.406134679730869","2.22139750906945","2.66087165952555","2.71949597329531","2.44811783258328","3.07606049924196","3.19121970043321","-1.31118061777946","0.762647496539714","-0.0171004400534258","0.785766518369655","1.00515836386165","2.43501168548734","2.67600660486002","3.02573623361984","2.79100340272169","4.37162981176147","1.65007711976043","2.42845712945092","3.51064972680194","3.45406363162328","5.12847091137223","3.84418415353171","3.27865156316338","2.72220716291487","2.6837284349174","1.40411994190022","0.0889440250061426","-13.7898619967426","8.91320528866063","2.54653335522636","1.11808728662825","-2.47074604396363","-2.90063448441337",
"Brazil","BRA","GDP per capita growth (annual %)","NY.GDP.PCAP.KD.ZG","","5.37233941645053","3.46591076186584","-2.32140190832382","0.450644645425385","-0.445326274798447","3.82403827848321","1.48235786793778","7.02283124189177","6.7879284838472","7.70310527998387","8.65032390145559","9.24930773621521","11.2426303275996","5.59267280331055","2.69442153091077","7.66231519452694","2.4596571731236","2.49490746263923","4.2525775151834","6.65338211481858","-6.4539452195249","-1.4420711455688","-5.07417099498288","3.12069396131707","5.57647245248828","5.29820398316059","1.49867169856199","-1.9510165069396","1.27526278524948","-6.04327176300885","-0.686503405708166","-2.18850140379996","3.23867795103922","4.21094030332965","2.63205630347598","0.67296877612381","1.86924434979963","-1.143603910048","-0.984800297986069","2.96222045087984","0.0770005174179715","1.78204308366739","-0.0458328311687239","4.57169367299971","2.07730833836257","2.86752083975395","5.00147015838483","4.09221626720056","-1.0163236214624","6.62782994932327","3.13169854409105","1.09733293821196","2.17333080532316","-0.303163572499983","-4.30639755912077","-4.01012719354725","0.587668928736335","1.09040860447158","0.562970837578547","-3.83550546659214","4.3179316171849","2.64631532411505","2.83370012861097","3.00083291892194","1.89458783745351",
"Barbados","BRB","GDP per capita growth (annual %)","NY.GDP.PCAP.KD.ZG","","6.65489240850489","8.09822870233732","-6.01062700790673","3.95420560983612","10.3044843174269","2.90855869677198","9.69809022366535","6.29846203410811","7.12875165425311","9.53443250762993","4.00405393540977","1.07503210758013","1.07188575702379","-4.82383903230431","-2.05544461307403","4.2493935001899","3.56641801799663","4.90820839954573","8.01409681058935","4.26724933727161","-2.18984863095606","-5.2109277138603","0.146322174140167","3.22323163924467","0.742566225121564","4.77732628524356","2.3273907799562","3.31103086007293","3.46112223905372","-3.48446373308893","-4.1929800229244","-6.01646078213255","0.499602142580684","1.77955972284978","1.85087808025122","3.87935130812093","4.69699278396935","3.71107309137055","0.303697764045239","4.62813462345788","-2.50014530996479","0.129979696257749","1.54960929677372","0.834158257525331","3.41073802053506","5.56141194035619","1.59529257370816","0.107255997096644","-5.50548934989462","-8.4547528569926","-0.398444637384998","-3.13823714957955","-0.0670156985556787","0.559968073840309","-1.00095793249055","1.19578953850676","0.448798759502438","-0.443969056511889","0.0642920087754248","-17.5498930398064","7.84797752187261","15.875092547021","1.80770713344864","3.31901066583377","2.64331268678124",
"Brunei Darussalam","BRN","GDP per capita growth (annual %)","NY.GDP.PCAP.KD.ZG","","","","","","","","","","","","","","","","-4.04825476867771","16.7833606306051","6.25175091161782","3.58796682578473","20.5218585781723","-12.4679873180703","-24.7564134201952","-0.892989076325676","-2.82531288665643","-5.56827268914583","-6.12623933511351","-8.57124115256731","-1.13139335881442","-4.41851192945219","-5.53034900541753","-0.263026647451184","0.0482383620452822","-5.72104855607357","-3.19233201409052","-1.53838455173792","-1.12517717451318","-2.40064278413038","3.88335184862585","-8.76195618128142","1.96732640011037","1.2515924816352","-0.64060526761881","1.8968766451203","1.62971827418733","-1.67510542923259","-1.67695306815315","2.45784696303623","-5.37503174884661","-5.66095294794741","-3.72462679896589","0.808737769071328","1.91129549119837","-0.62162371685136","-3.46841841572171","-3.80575468176978","-1.68097052571925","-3.69864300009469","0.109331621558866","-1.09895909064488","2.72616506285996","0.0657353317528475","-2.53123842091919","-2.41660968862067","0.339025318690261","3.20430381881549","-0.109535164452723",
"Bhutan","BTN","GDP per capita growth (annual %)","NY.GDP.PCAP.KD.ZG","","","","","","","","","","","","-0.759182925944728","-2.22239038601879","-1.93024131443221","1.63859307448013","-6.54626151284373","5.29903163061701","4.27852758482614","3.53027693727199","1.30201808422963","1.56727256680405","11.4123542413704","0.163366515154365","6.96747037877745","1.30528264426644","0.834782225993933","8.00745745286568","25.1788050049129","1.67712807389364","4.24861837427115","7.44206315606186","-2.15086741379645","8.5856077926902","6.23389087430508","4.98481583399588","8.34574582313611","5.41224511341356","3.5041831485531","3.91677951253379","5.54766474341531","0.881596585426465","4.8804269584859","8.03559524029754","5.5461872466835","3.07510668161098","5.10597951676202","4.23383383576189","14.7631409986349","3.35523609267926","6.48266406090858","10.7124208428696","7.30476940871061","4.006257825918","0.614996700864396","4.74506543590765","5.58370603464722","7.42464056841786","1.21137239128886","2.76296102776938","5.05479153201512","-10.8226112381065","3.68935319221934","4.47661599603487","3.90421520589868","6.80062352055369","7.30576455805061",
"Botswana","BWA","GDP per capita growth (annual %)","NY.GDP.PCAP.KD.ZG","","3.97104422565002","4.24893268151148","3.47302666538545","4.32310983029652","4.26761564409675","5.75475870754094","5.36533773983349","9.9927938200797","14.5154959849797","16.4719075297211","23.6949670354989","21.910493717295","15.7250538090994","3.55351825263722","3.18757520780461","5.08545359266064","6.25911861544024","7.64641696359863","5.6188527408687","7.71723539697769","5.40937065802333","7.80091059815022","9.15920771421975","4.78687227057497","3.46975249506856","4.56560684847278","8.28830337418344","15.9394934317422","9.96224637065322","3.87620060854523","4.57073178203704","0.0625321470667757","-0.960421541128198","0.795369761855596","4.25881194607905","3.27499725471586","5.86002742979099","-1.75710977151495","7.32308245266344","-0.163772714868571","-1.79114300046759","4.09320837350506","2.80097379395592","0.920692081948033","2.69660633056192","6.36142559180612","3.7618955229655","1.1992313160418","-15.8997149078875","7.82114699392078","4.75557328946104","-1.83175900387364","9.43871073960261","4.17099012944411","-6.19995412245493","5.69319455388396","2.6459126098983","2.72071433079989","1.57639094067899","-10.0332383222742","10.2596472128547","3.82363084321453","1.52893817984001","-4.3568819642385","-2.32173162960181",
"Central African Republic","CAF","GDP per capita growth (annual %)","NY.GDP.PCAP.KD.ZG","","3.0031837642328","-5.54001494435076","-2.63156435254359","0.0537927960757401","-1.10975097625821","-1.46604280307963","2.41472208599004","-0.854278962128973","4.66862388144997","0.0891249899070345","-0.94510488147084","-1.93873848907192","-0.0444254830098316","4.30863076950688","-1.52933268765479","3.87700094616103","2.74040696827412","0.152767707165395","-3.50467253706556","-5.52099764656569","-2.6514936510095","6.47111564181645","-9.21361481564811","8.15142186918453","2.63570726856844","2.26761415846777","-6.18183220833238","0.0308390935576313","-0.58702401433186","-5.14384284646127","-3.61601860351969","-9.3499022024904","-2.81054491449957","1.67643599170786","4.3152308340197","-6.45635774727835","2.44553463232529","1.89780136644271","0.804779828695573","-5.13401462675454","2.17071826482889","1.37690566221247","-7.63416642788093","3.72625182811642","-1.35012540536219","2.64652651726671","2.61065388109087","-0.0996463174017777","9.30502220176477","5.47038096593693","2.55065326927321","4.00963689358869","-36.8245466038613","0.497506544343594","4.19878078824811","2.87598768927953","2.7861131027974","1.9780319759616","1.72290159793216","-0.744488614542561","-0.705468755505223","0.730965726740934","-0.362884514707787","-1.89436423949913","1.03862629845366",
"Canada","CAN","GDP per capita growth (annual %)","NY.GDP.PCAP.KD.ZG","","1.12134627382237","5.44826552207256","3.354068215803","4.66361623121709","4.4099953748072","4.78936462730918","1.22749144089767","3.32765578255665","3.6480178699757","1.49009088430785","0.996931976073682","4.30183076108925","5.43170389566711","1.92490386403719","0.0741861903960768","4.50510435079661","2.33026513515004","2.70845218978704","2.70369571183471","0.867987108024522","2.14738046463559","-4.31128443854706","1.55343278168164","4.90355423972262","3.78497415596264","1.11138107778466","2.7091738969748","3.06576128891155","0.517573873637716","-1.29644133757819","-3.30029999690473","-0.296709512920273","1.53574567835715","3.35581447529287","1.62528130298871","0.631530878229199","3.24897482432046","3.03423773364632","4.2898366032472","4.16394850425988","0.77451943124467","1.88796483475868","0.895018577517163","2.13581556968643","2.23757664033788","1.60290147984234","1.06414483533945","-0.093342723123186","-4.02008815189166","1.95144743974238","2.13607718389216","0.658841996943821","1.25359012132115","1.84840950153425","-0.112369151907927","-0.0982963673716881","1.80946447841099","1.28092656218273","0.429657594374362","-6.06240641639141","5.36528783461416","2.78626569235895","-0.844530120415982","-0.954212030330638","0.791681826896635",
"Central Europe and the Baltics","CEB","GDP per capita growth (annual %)","NY.GDP.PCAP.KD.ZG","","","","","","","","","","","","","","","","","","","","","","","","","","","","","","","","-10.6514625236275","-4.62626791424128","0.272219013894798","3.70764312884882","5.86313670862488","4.71307040347394","2.42593095930317","2.80633916855868","2.06679624052735","4.53384669377081","3.75911997051541","4.22026823155539","4.32419131817817","6.16524254096342","5.19661103320537","6.91221515543346","6.73616028834196","4.33536357522961","-3.43701704815558","1.90703503663352","3.84661785855246","1.07524304117976","1.01726952998634","3.55146004249337","4.3120641222167","3.13298217976458","5.42597031137817","5.22409901899552","4.24672117209575","-2.68153713428568","7.64692428388101","4.17906033122961","0.607893264663147","2.21955805173253","2.62070412976104",
"Switzerland","CHE","GDP per capita growth (annual %)","NY.GDP.PCAP.KD.ZG","","3.61081769500386","1.64928603587735","3.10027245296509","5.06860254734538","2.62942914382312","1.02939647140381","2.09254438490878","2.34161411156227","3.83390680196538","5.70727554651806","0.416284611184324","1.51177350214549","3.20328892545281","2.64394560252121","2.59772699632505","1.63740262405709","-1.26209299446187","1.74241229423005","3.63169202292224","1.29694752448594","-0.0932222528927724","0.658802058071629","1.46463658730383","3.85590625214911","1.7103881437899","2.15831412470149","2.70669564715887","1.80805116454879","1.8281521245393","-0.274653779945453","-2.37378939453812","-2.24235468563295","-2.95347094001151","3.18989163839343","3.40110616231237","0.117035851287611","1.8519686097496","2.47118239831801","1.19629769781075","3.0524783594406","0.951381195545636","-0.376071813230695","-1.02129563329808","1.88413812470986","2.29468015372771","3.48286502643637","3.05804556705532","1.23705292875356","-3.15259444849458","2.190693084472","0.286375468408821","0.05606067958675","0.671837728442554","1.29988872743645","0.306157484449557","0.804739182018849","0.478338226837309","2.56908414233095","0.396618811151228","-2.966852612279","5.3665512260086","2.6785993140471","-0.441833465877266","0.0757783600805908","0.332425570126517",
"Channel Islands","CHI","GDP per capita growth (annual %)","NY.GDP.PCAP.KD.ZG","","","","","","","","","","","","","","","","","","","","","","","","","","","","","","","","","","","","","","","","","","","","","","","","","","","-4.28117501896055","0.438026517384117","-6.37565059386247","-0.133468759749221","1.8297582773701","-0.0726855379298144","0.948076599842508","1.5363504960191","0.736021076194476","1.15023329351136","-9.22341035779262","9.60318203511517","5.0433512927915","3.42060523333167","","",
"Chile","CHL","GDP per capita growth (annual %)","NY.GDP.PCAP.KD.ZG","","3.34640006200324","1.82384341341766","3.57681333197451","0.463701102108359","-1.23260501621641","9.41443342353779","1.73531298518171","1.76912924900685","2.32265859451304","-0.0104849141995942","7.7719419764128","-2.32226217340738","-6.55933963735458","-0.344988907097871","-13.6362549356415","2.01125750988263","9.45988719207391","6.41042954246262","6.83809301483191","6.58595453296824","5.16367443112149","-12.7828094615131","-6.32588185760476","2.43691015051672","1.98564660313194","3.78423839368109","5.05944880092105","5.62260077265265","8.55804238316513","1.88581611632009","5.97914025557384","9.71844044949243","5.03866265296217","3.50625803516114","7.66762918859645","5.61243124571355","5.96496367578787","2.83546295262515","-1.52035804686301","3.72361873178446","1.96875181903661","2.06991885847773","3.63301530196716","5.60291985486168","4.79182839139716","5.01952135827457","4.14386212927862","2.75755699285021","-2.11061042692428","4.79363748014636","5.18104033334399","5.14158431251035","2.32789256098182","0.783002086375433","1.11370445947465","0.52983351729867","-0.235110167425177","2.14988195463914","-0.952396500724504","-6.97738648556296","10.8469342332232","1.55914868965226","0.135205921667691","2.25410739557456","1.96836668792395",
"China","CHN","GDP per capita growth (annual %)","NY.GDP.PCAP.KD.ZG","","-26.5276436063691","-6.35150486433241","7.62225446093558","15.468995418925","14.197889011518","7.608403928295","-8.16149758528853","-6.57145161430678","13.7793403435182","16.0503992929066","4.15917620130968","1.29010597100438","5.32729301395436","0.218005667350923","6.81644050625665","-3.08132198489825","6.11400167606095","9.84712009643518","6.16909471555913","6.49729406965412","3.77697891086211","7.43053410407046","9.18274938247932","13.6906069747567","11.8943958853723","7.33530986061663","9.87903623382846","9.44451484164723","2.62235859030879","2.40879373505875","7.89340902881477","12.9054122880499","12.6238858280969","11.8117788799513","9.81575006667488","8.82663191414676","8.18469305732251","6.8929171395732","6.81238630667758","7.72142235903391","7.54005288797013","8.50661398311242","9.43008751939767","9.48820783119425","10.7999508064974","12.0478875638328","13.5561478146964","9.10828477328671","8.86328559816117","10.0588648070302","8.86552016620182","7.12864747408331","7.06293206554041","6.78578256558413","6.36137631292877","6.16357090866066","6.24623915563534","6.25969538838069","5.69178029552671","2.09618372204399","8.47352592384939","3.14736528950196","5.52547619540933","5.08754856303446","5.13829164139675",
"Cote d'Ivoire","CIV","GDP per capita growth (annual %)","NY.GDP.PCAP.KD.ZG","","5.99461548115963","-2.52815767861404","10.1713603588897","13.1580774784306","-6.78308326844027","7.34524241238725","0.627023698007619","8.256614775383","5.27344694856279","5.90122199628114","4.82140589752017","-0.328982186808318","1.22493763996148","-0.33158369310037","3.42453359950802","8.41025764206348","3.44524962590836","6.8077849740796","-1.48168984848949","-14.4069419618659","-0.562326375567451","-3.75122186685714","-7.6809941303711","-6.51004627759795","0.442451456249174","-0.700892854841626","-4.11920012990711","-2.66415690762632","-0.95726163000495","-4.9093999603687","-3.85610474106537","-4.14732494866662","-4.08453429777113","-3.07844096219641","3.02718524731407","3.63603752351062","5.51590083803082","0.404815446696844","-2.07680883648156","-2.98789209303686","-4.73706957562547","-5.21173930372343","-7.07101837658274","0.712925866714116","-1.38664840401142","0.421959618326611","-1.22415870474471","2.42600024388695","1.32618518113594","4.5193074547668","-7.40424970030114","5.39583595248281","8.5732243032672","6.75169825092141","4.14232947521536","4.10858359182184","4.42161228468103","2.05334874793748","3.96244737490909","-1.81621061689408","4.4463193708041","3.75602084659074","3.96403768524576","3.46791305721162","3.96926488985672",
"Cameroon","CMR","GDP per capita growth (annual %)","NY.GDP.PCAP.KD.ZG","","-0.365494072590366","1.12404670359109","1.49905060205057","1.28931190798191","-0.235078965206341","2.23836086930811","-12.9990149262665","3.76755010762579","2.27038725833759","0.433470229032736","0.752051370916206","-0.0784165028948109","2.49785376682739","7.70293237323871","8.18407213130715","-7.99324847143026","10.8434696175958","18.7226571361491","3.104612790611","-5.10455591015526","13.043422758453","4.98805869201293","4.70153397148707","4.52904486852626","4.88990022893367","3.60245672331487","-5.07549988153178","-10.5343154495332","-4.654742471761","-8.83238750824871","-6.57350502462501","-5.83737588435096","-10.5166043582515","-0.943945008602924","0.107723326425074","1.4475466909911","1.79214014657076","1.98875448721377","1.77511312312416","1.13442792226186","1.61992408023583","1.71295981541175","2.61581878981131","4.14782057634264","-0.550411134631503","0.995178501621496","1.44056500100977","-0.054684354254718","-0.318334274636157","0.000136421484427274","0.496174364645441","1.723811615485","2.08714719116143","2.56873406379989","2.40123368709621","1.45711722669677","0.647004976201075","1.11514946861584","0.636415290549962","-2.43476031121681","0.631351991581198","1.04502997524601","0.652417560279119","0.854978148597212","0.590263610869485",
"Congo, Dem. Rep.","COD","GDP per capita growth (annual %)","NY.GDP.PCAP.KD.ZG","","-13.1140646242232","18.0843023641037","2.46136136082029","-5.01641944581635","-1.74073156630351","3.77366630730698","-3.83265618856133","1.31773186206605","6.21018175785377","-3.05376345948986","3.14619844521395","-2.46721894456714","5.28119026232623","0.410907264212781","-7.46727438222024","-7.7256956323522","-1.75532961728734","-8.23737671781109","-3.03862557435551","-0.95886985540298","-0.587498769914134","-3.40014199743922","-1.75283708294673","2.07207086656189","-2.80901413565682","1.47046036376909","-0.511748731546049","-2.69674798062162","-4.33799099147294","-9.61748597659816","-11.4194977983546","-13.472989774905","-16.5071139544342","-8.34247342999042","-3.39481121545575","-2.90765166443452","-7.12163669732936","-4.2608811333717","-7.43165883231666","-9.84965913432067","-5.15214146648994","-0.150938086630475","2.53825002982666","3.64120168825156","2.92453150441195","1.91803613632446","5.34752781053874","4.24171595779457","-2.51860845278931","5.21103758230342","-3.61710580676336","5.10047276903202","13.5855917153835","3.72497982298587","2.90483865777841","-3.09891686152069","0.498126250776636","2.57995294310305","-2.58176822938702","-2.41880983949436","3.03871005349485","5.84381468903847","5.05273224713814","2.71725564861343","2.42596784907103",
"Congo, Rep.","COG","GDP per capita growth (annual %)","NY.GDP.PCAP.KD.ZG","","5.5872755559119","2.48184375707561","-6.55502405879515","1.02850314621725","0.838471636514953","-1.46789726752979","-0.77122621202686","4.53871776978127","4.40315299919531","3.20372143223121","4.50774581647985","5.29801304293069","4.89945684288551","4.57041078633043","4.76979764471767","-1.51657522816552","-11.1044942073124","3.89431000620701","7.33056431962336","15.034236029519","15.0547787720662","20.9664378594288","3.68887287185078","4.34352251846796","-4.0542987808677","-9.55347437557265","-2.6954798697673","-1.13959383100648","-0.322827326724479","-1.84268984995809","-0.475490065299297","-0.248600824528538","-3.86655032881671","-8.25141208282898","1.09899574840317","1.43771518416713","-2.72655328399637","1.48155360506634","-5.17796321884211","3.53179165255042","-0.041524211389671","2.1400863574699","-1.96564823937744","-0.000136349476449027","3.9415931821321","4.01799119733973","-9.96945133776909","2.86698415150693","7.26428280496805","5.47046970435608","-1.06295910259951","6.91517273107118","-3.09694323656935","4.1002792779107","-1.98214587471384","-10.8700508595295","-7.86139425991523","-4.6581397485937","-1.27988440285151","-8.48578578986992","-1.37465389510481","-0.927744025174505","-0.528875412706213","-0.319535900925317","0.674917226843235",
"Colombia","COL","GDP per capita growth (annual %)","NY.GDP.PCAP.KD.ZG","","1.89646467365196","2.21235000803928","0.179781805885455","3.01524652693574","0.568603228415853","2.23404869496953","1.24976875790061","3.08645828962429","3.35663361979847","3.55492172107171","3.43926264882479","5.19958134529315","4.30500467747746","3.39268107532517","0.0826946618422113","2.47143444323312","1.87544234123106","6.04906359638626","3.04448464320417","1.73932430012557","-0.0539162798288118","-1.35966538334341","-0.78443379786755","0.989006834442279","0.902605416728733","3.66134032721335","3.22574243598631","1.95465446599053","1.3125231207928","2.14817587559615","-0.0271315908869099","2.00413314386418","3.30195850247352","3.74840675934975","3.21251345205344","0.213941191632387","1.59578906492865","-1.21587529995685","-5.85488076514964","1.25270223212341","0.0920725777672828","0.939608606713477","2.36282939630979","3.79715867736165","3.37111077766936","5.31174394421016","5.39446786231066","2.04799051810861","-0.0317051022677077","3.31434936742798","5.80823503363762","2.87569627540904","4.14129387844136","3.5703066542077","2.06923227113727","1.08114925712198","-0.101221554133033","0.695264947238812","1.36014067984289","-8.50949477621059","9.5929782838861","6.18779953705864","-0.282233597731121","0.408620603822158","1.60595920382266",
"Comoros","COM","GDP per capita growth (annual %)","NY.GDP.PCAP.KD.ZG","","","","","","","","","","","","","","","","","","","","","","2.52899372102837","1.21505444994503","0.259381817607945","1.29672868132171","-0.0566384062004772","-0.732021611211536","-0.688091056043021","2.17063009876424","-3.52874997551089","4.5640560053973","-8.42445752716004","5.15205555476597","0.69224429706334","-5.67123709606638","3.81904316440117","-2.20890470843038","2.62767770668948","-1.68271371705167","0.88368341102192","-2.88945143643761","3.27352621774114","2.40756578317429","-0.011062920777249","1.16411909687749","3.53060047143931","-3.71626145355258","-1.18558697748325","1.91937430669343","1.2079203319485","1.73513066388675","2.08263580496299","1.11391111554475","2.28116402689325","-0.0905995194762568","-0.96541889629961","1.22281058132006","1.76762596404485","1.63821442372796","-0.178239892265168","-2.13462938280972","0.0455645511488143","0.486994503714811","1.22101405059583","1.36481294621163","1.84834438727457",
"Cabo Verde","CPV","GDP per capita growth (annual %)","NY.GDP.PCAP.KD.ZG","","","","","","","","","","","","","","","","","","","","","","6.94807494345699","1.31753289013552","7.92166519671882","2.31335740950426","7.12207008814126","1.4269826540267","2.85230662441553","4.52624066687233","4.12485024834635","-1.35290150988138","-1.01055136482147","8.44798979477743","6.39603048677317","16.782010354077","12.0601838641087","9.39028619703035","9.26550233677044","10.7299407310629","9.54503889861623","12.5710382620585","0.682276166499946","3.72907261625122","2.78169096285627","8.82078735562469","5.64634152921253","6.74862061785244","13.9029028555293","5.93628669264135","-2.43495532260619","1.10867941118087","3.58680088003479","0.983345735610456","0.579092309567969","0.676815488926465","0.922631249857901","4.24816232606327","4.48221093147532","3.60152349643896","6.80449531732363","-20.8937523404244","6.62540765957627","15.1545081084513","4.2751322057766","6.46991608888079","5.80332221747327",
"Costa Rica","CRI","GDP per capita growth (annual %)","NY.GDP.PCAP.KD.ZG","","-1.84892293350333","1.64167206421328","3.13560952829692","0.121033546130931","4.6268469888393","3.57971572310687","2.43551681284939","5.34280447968538","2.57073509389667","4.59930003786566","3.97467342501967","5.40367237753038","4.99526020138762","2.89029162591079","-0.489413430286319","2.81277818792364","6.07689194805107","3.4762072766422","2.143441659882","-1.95137558258219","-4.88765262852235","-9.78883050608906","0.0746781222387369","5.09057323467835","-2.00772124488137","2.71459943765286","2.03077450785212","0.804476560644147","3.0372287991605","0.969665370569132","-0.304259137596446","6.47188895218298","4.45187818901431","1.98449372413157","1.67754012990416","-0.997395682702958","3.1197778144747","4.79190926716646","2.01034545340086","1.80819157520567","1.65293200355205","1.72295969081905","2.72728707655179","2.90067536924128","2.48427891885412","5.83402518356301","6.7597950880332","3.32734138007224","-2.18936700680091","4.06134321043838","3.18309276687559","3.66596872237885","1.36003474738322","2.43499508652508","2.55664326251552","3.15607053449173","3.17871988571305","1.9267557137394","1.85075764226454","-4.803591296633","7.6692169270473","5.00925936176895","4.3041987782517","3.5881668120543","4.09282266939263",
"Caribbean small states","CSS","GDP per capita growth (annual %)","NY.GDP.PCAP.KD.ZG","","7.30994676384799","3.1869541120584","-0.0583209147532244","5.89128404873931","5.0434157723338","4.85471003776847","4.72700835992124","4.25620176119395","4.10684766981639","0.584652338079408","0.927705004528818","-0.146275137333376","1.51761758895259","-3.76241771965465","-2.52383281175125","4.4924834018893","5.85325943457403","7.11269142489766","6.67176355400845","4.38944781621635","-0.416013789069254","-0.271425028774658","-4.27777029501914","1.18592195774443","0.276476466554826","0.537573801646275","-0.571400095290343","1.04258827609702","2.51065617086049","-0.902857716657607","-0.693517192350427","1.22420373743167","-0.305679272603072","2.5443209758586","2.20628196511939","3.99950967434421","3.73475752643093","4.05383586387285","4.19658407752499","3.87018281578848","1.29493805381942","3.15227269062193","5.2420892174536","3.89033671450154","5.19545531013348","7.20483482650496","3.18384924816124","1.05232469729881","-3.90868854825267","0.542414635361752","0.247458454934588","3.44106475940104","0.871241055399167","1.90649605074414","-0.704416193082665","-3.69329542885677","-1.31455852532122","0.355868797009421","0.0597363324265814","-9.60221451017202","6.76081374499473","14.2784672783565","8.26125371691218","12.8498912691004","7.56041212197263",
"Cuba","CUB","GDP per capita growth (annual %)","NY.GDP.PCAP.KD.ZG","","","","","","","","","","","","6.71303935231944","3.16297317162646","1.96559203969984","-0.29588768768626","8.25756484504619","4.4199047403729","7.83970875990205","5.89860114814994","0.556254941334288","-5.25160677302651","19.1472814084795","8.22203902302428","4.58488277642482","7.04820772969525","0.757183025934978","-0.754948780795104","-3.2623931374327","2.7388918714524","-0.282037912069939","-3.84822465768245","-11.4079878056485","-12.1393705305651","-15.3118366893073","0.300685045533882","2.08826431237451","7.47822503827842","2.44769000630836","-0.174678072264157","5.8289371168088","5.56315407850497","2.86074719657753","1.12278132692103","3.49676185017218","5.49410195800384","10.9666851161532","11.9069237505458","7.17925242550075","4.07542754472641","1.42474509664487","2.36597236588088","2.76444210196216","3.00028175038565","2.79314623294214","1.15852883229009","4.53753785531039","0.597183645134152","1.97075471516408","2.43656837458022","0.0532186639248664","-10.7383538682124","1.74778827156759","2.34839091134221","-1.5743835905819","-0.699961142159495","",
"Curacao","CUW","GDP per capita growth (annual %)","NY.GDP.PCAP.KD.ZG","","","","","","","","","","","","","","","","","","","","","","","","","","","","","","","","","","","","","","","","","","3.00794601323111","0.274293371213943","-1.75868169706047","-1.50534018302206","-1.85843997498654","-0.940961791444465","0.466173824147887","0.910342294763453","-1.17689651776027","-1.17626862745298","-0.90956664776219","-1.1725619495316","-1.75580782515972","-1.96746652701209","-0.858779914555939","-2.11116210733545","-1.59116272960222","-1.58863051943423","-2.04109664387006","-17.4108327282771","5.22183871931962","7.34318830024098","3.30385721875324","4.14273671054548","",
"Cayman Islands","CYM","GDP per capita growth (annual %)","NY.GDP.PCAP.KD.ZG","","","","","","","","","","","","","","","","","","","","","","","","","","","","","","","","","","","","","","","","","","","","","","","","0.141681726123494","-3.20928610347219","-9.78775091467642","-5.37886645271013","-1.57276020805743","-1.48099828738833","-1.34351961199967","0.0864584263895267","0.360803236980843","0.85449283996779","0.889645893903833","2.04407129171315","1.77641822923059","-6.83262897536278","2.73935936787683","3.47204149366522","3.70821524263701","1.77902437118955","",
"Cyprus","CYP","GDP per capita growth (annual %)","NY.GDP.PCAP.KD.ZG","","","","","","","","","","","","","","","","","21.2448705756902","16.3479757119071","7.37835387901976","9.05434830861364","4.61063602710614","0.828828672231708","4.77450967139947","4.7150443523613","7.35775195023427","3.61523782627688","2.52140537633036","5.90727258493816","7.50078629746844","6.41951308866611","5.13997001219491","-1.83474308662072","6.52783779751871","-1.70263122109378","3.73220287690552","6.41553956973846","-0.352429769131803","1.19626199107205","4.81777679624574","3.82959819557441","4.84416050602792","2.83811951306716","2.54108667123634","1.38363254964506","3.63073785684536","3.35375226035941","2.98125084368819","2.88426389868701","1.07674041142521","-4.61048255739776","-0.357614019094044","-2.1129375771815","-4.90738549673117","-6.48031760121023","-1.48883694697456","3.19512275980128","6.01835711404337","4.85340888107815","5.05105337795295","4.46826562163456","-4.51403585865228","9.74651161533515","6.73560400602804","1.64038753278454","2.29692471382049","2.3484337138903",
"Czechia","CZE","GDP per capita growth (annual %)","NY.GDP.PCAP.KD.ZG","","","","","","","","","","","","","","","","","","","","","","","","","","","","","","","","-11.4025060254434","-0.608213629619769","-0.0420531080889361","2.87214353749437","6.28655461872729","4.28988759442122","-0.48866001797569","-0.298733210762791","1.4819978336992","4.3027395227283","3.30462712952885","1.7094695893478","3.33040637361914","4.70446820099657","6.22798628216121","6.33483268224242","4.87504670244317","1.76470872925512","-5.33917399896316","2.41582948883936","1.56218619113156","-0.909418387644408","-0.0749629946207335","2.13762755318902","4.75262406436026","2.3840542545404","4.8945501951199","2.48698770067625","3.15874802851988","-5.53491969820153","5.93106968937249","1.24409473190281","-1.71985869478267","0.870762995860048","2.75148320535214",
"Germany","DEU","GDP per capita growth (annual %)","NY.GDP.PCAP.KD.ZG","","3.49857628356122","3.70741300558251","1.78848585022484","5.78431913043119","4.35005055069382","1.95772159468103","-0.784914858236817","5.19988913817238","6.56966308529672","4.75408790195095","2.94365020816905","3.80247597428654","4.44801721617243","0.850760282845769","-0.496434276997888","5.40021216950142","3.58143707197259","3.09818166076312","4.10433133910932","1.19869391626099","0.376242518401","-0.300057777160561","1.83903415602119","3.17898722012832","2.55688354526657","2.24053503516963","1.24649964678072","3.30286374223702","3.09618001325789","4.35163907238731","4.34522003553894","1.24089739849393","-1.62189255701904","2.24160813771532","1.20710412450657","0.745819197608739","1.70540495204754","2.08015247927638","2.06358047476192","2.73729010710275","1.46530767364665","-0.395859338643859","-0.584856140854797","1.18405124273107","0.942782582208039","3.98390753495501","3.0267913002332","1.07991595041742","-5.30491661723096","4.29429269623485","5.69928311502757","0.275091009850499","0.12338547838786","1.75510660613023","0.786705244581157","1.40038690062336","2.4144426920242","0.832212527052548","0.750266426253219","-4.21020011825779","3.86602720371127","1.83161439976671","-0.999929288913975","-0.769070552658818","0.270006343901656",
"Djibouti","DJI","GDP per capita growth (annual %)","NY.GDP.PCAP.KD.ZG","","","","","","","","","","","","","","","","","","","","","","","","","","","","","","","","","","","","","","","","","","","","","","","","","","","","","","","5.28018025983934","5.45836831293627","5.33331529745931","3.73971530980459","3.10861540140996","3.91378440928256","-0.306867602824667","2.91169899255628","3.70080389886223","5.33919577490653","5.53622497099775","5.11452662845488",
"Dominica","DMA","GDP per capita growth (annual %)","NY.GDP.PCAP.KD.ZG","","","","","","","","","","","","","","","","","","","10.052406431878","-18.62224909723","13.1908047871058","10.9766257302428","4.55457723388749","3.01407635769644","4.6434766110028","1.86199208214235","7.58018788266652","6.88083722710458","8.45031747886911","0.45620630412111","6.21436795036516","1.83186797642074","1.98673248763679","2.00251375869615","-0.0288746186022735","3.0427308230102","3.1918365192295","2.34930373458376","4.0369538099694","0.724194338825384","2.8764856526242","0.262506178015016","-3.19940574714551","5.5517552208191","3.91890401306556","0.790489438557572","4.29152770069501","5.29519443966164","7.11042175462228","-1.15010790521457","-0.0983573113798997","-0.238324807305119","-0.2512858516139","-0.851878257402049","1.37836503321573","-3.42415928778391","2.6190351438682","-6.04609004192379","3.45033107598908","4.3983147374291","-15.323436855213","5.96160559948913","11.0179611001056","4.14467889969342","2.52288551933697","3.57496672818243",
"Denmark","DNK","GDP per capita growth (annual %)","NY.GDP.PCAP.KD.ZG","","5.63874349296383","4.84744688156285","-0.152610068385613","8.40011926059461","3.74368491253287","1.91919797827072","5.05468553455073","5.21048795550377","6.21015842819288","1.09350098028396","2.46332872865116","3.20557957964051","4.08838515008192","-1.42430005031177","-1.69369478529879","5.72732123458806","1.66829531304036","2.09938385951698","3.7980268048252","-0.872046504442324","-0.712787651436997","3.96848147503196","2.72531731589652","4.39400889972002","4.11088238008001","4.59344206518372","0.335785646373267","0.224236933429594","0.636785441701889","1.49524829012768","1.1952189616914","1.68600814422976","-0.411249992824509","4.93970794392429","2.50262818967406","2.31508116508303","2.74063896703012","1.95536592147863","2.62716376228171","3.37790720232864","0.588959728591007","0.13609648331196","0.168251992521974","2.51108744805822","2.07801485327876","3.47585987311464","0.540321532272571","-1.00055940971312","-5.48158280998165","1.13266938250023","0.894526404293345","-0.380977125445526","0.970845909690212","0.765766155124069","1.38566632188861","2.27180151789635","2.39559065097636","1.35619600199787","1.34779245340653","-2.06613837683189","6.03966577353796","-0.344058639271637","-0.138322294600371","2.95776259160623","2.3772870123953",
"Dominican Republic","DOM","GDP per capita growth (annual %)","NY.GDP.PCAP.KD.ZG","","-5.35100129947251","13.4582979902958","3.28696812168607","3.58168615235215","-15.0185757034423","10.1974866239212","0.332269289415009","-2.61266920995595","7.78417731017196","14.9411974682653","7.8095721748908","7.36491664077927","9.81868573884464","3.15523820385775","2.4298225377941","3.97508145591705","2.31471836049224","-0.415491865184109","1.95428616342619","5.34262179623968","1.80250555730879","-0.648782133718242","2.24282496835141","-1.02994061516465","-4.27424270185108","1.30378450277615","7.79925636612437","0.0218847754761811","2.21539132123172","-7.42253842418627","-1.11194103186752","9.03255738016968","5.28712763371406","0.644106083307577","3.73796115811189","4.05142622944865","7.01862158352682","4.95595590327112","4.25234098357188","2.96955695961634","0.870183146599885","2.9290209406912","-2.75964568450404","1.18538383413113","8.00660714348427","7.81376318948548","6.11794398001162","2.00088270726057","-0.268926599782176","7.02231182986095","1.89038252427819","1.50210074555162","3.66423400861591","5.84760695663518","5.76452490966611","5.54040978660888","2.80931921775627","5.95314205477773","3.81572682273033","-8.88467221699831","12.8319080410071","4.2328919676722","1.28564825764879","4.06915239840208","1.293661274082",
"Algeria","DZA","GDP per capita growth (annual %)","NY.GDP.PCAP.KD.ZG","","-15.1207305043075","-20.8548956878044","32.28091690407","4.12149478069479","4.60801149224909","-6.49936512383931","7.02141366831901","8.30237960344564","5.99242992076996","6.43200232891483","-13.3141204983548","24.525779768096","1.39498097018304","4.9210705603048","1.39325532630959","3.56112872678158","1.50485663144283","6.15192488397878","4.32153384386436","-2.29975786801904","-0.287791268389398","2.91098891233696","1.88412406994871","2.05622585528499","0.229398496603636","-2.85296270395477","-3.65704095206092","-3.73441250470079","1.67998285930979","-1.66808064996022","-3.52712947648031","-0.649140042449275","-4.42745904751482","-3.0685083752782","1.67474517206692","2.08184989450046","-0.767068614422456","3.43950503955708","1.77694241787516","2.35726435010288","1.59517814379704","4.00705031536965","5.09333212662064","3.05086148235007","3.86890214242119","1.32618894855368","1.39346833661227","0.652527943948144","-0.72042057547074","2.77921908194712","1.00399237129356","0.379563284418055","0.548743629610698","2.00005200987388","1.09962061859601","1.78594064734014","-0.541667024495979","-0.546019580108478","-0.939992962004737","-6.61247509707083","2.13263632683078","1.96825188100587","2.55120301943617","2.25996527082104","2.45643243285815",
"East Asia & Pacific (excluding high income)","EAP","GDP per capita growth (annual %)","NY.GDP.PCAP.KD.ZG","","-13.3931336649631","-1.9786132867884","3.79359251164375","8.1619601808207","8.1491046784884","5.12714094435964","-3.95771068922978","-0.885913660681453","8.45097767798491","10.4595783515514","3.95871004876034","2.34942726125729","5.78392483583858","1.72380210501338","4.72044380748488","1.00195835285312","5.77891807957747","7.48822013759631","5.34716040861842","5.83875010903579","3.94641108900674","4.63265133758249","5.89912428203429","8.2594325762966","6.2060806880633","5.374526244821","7.30932010009673","7.88567627169301","3.93817568713277","3.45839460166974","6.45676953666789","9.6726921306703","9.79871692621184","9.47274902171516","8.49352385684101","7.72182122408418","6.06814694913626","1.7893059453469","5.30830591342553","6.64888532602367","5.9836206129136","7.19231175356295","8.10160174464278","8.27123496539184","9.16614466585406","10.19162801539","11.5672255327509","7.80267055127001","7.20749857243837","9.08203525778357","7.73894374147768","6.64434760965442","6.40074360449645","6.15500973980136","5.85095061344107","5.71490280788434","5.86165238725506","5.85535773398644","5.30385584335862","0.886025683608011","7.38179701685718","3.30618636605679","5.06477413781157","4.77787846869337","4.80811113447368",
"Early-demographic dividend","EAR","GDP per capita growth (annual %)","NY.GDP.PCAP.KD.ZG","","2.08191491566281","1.52276957941795","2.60294074531558","5.69272700306674","3.46012524333965","1.72859874498789","2.98457963598482","4.59788978187218","3.96321120283145","5.76147534658773","2.83663817517008","4.13070750345661","4.43970088943011","4.18059287814474","0.379184095849936","4.40660878935918","1.51223936761605","-0.264620509855888","1.53327249204133","0.633086075873734","0.958682649616378","-2.07908751805761","-2.22213392587743","-0.425827176589351","-1.46255443188245","-0.947144664174942","0.433374009061765","0.77488315608278","-0.414830664292282","2.53892236114255","2.01721773150166","1.84792424037457","1.34691216412482","1.30530418296561","0.499296721724392","3.53536415911988","2.85344440688388","0.401030173754478","0.292040343829683","2.42175279891799","-0.643413408896436","-0.0279528860996123","3.15779649052557","4.54613092177425","4.2032917562572","4.39389736512521","4.05875094343662","1.85626993810877","-0.915870722271038","4.74780388261236","3.34306398790334","2.68650489123867","2.53647741773109","2.56912155368174","2.83056375227756","2.77110914786651","3.18065898614314","2.35651768283216","1.02983723771024","-5.44002393656929","6.37999557233438","4.84453271053849","2.90876376353279","2.67161745358622","3.19722964995819",
"East Asia & Pacific","EAS","GDP per capita growth (annual %)","NY.GDP.PCAP.KD.ZG","","3.64905488106193","4.02179655679036","5.20128777761309","7.87269122324643","4.50490792309739","5.89159946081554","4.80886961677281","6.68376093634136","8.67090443690786","1.25823372263743","2.56383711047472","4.6881279239706","5.30932504895574","-1.05984328091388","1.66850469654023","2.46483486360182","3.59561122287238","4.20892639704256","4.3260090302915","2.22250463165743","3.04586140581469","2.49146004625848","2.70421003713433","4.61996032114349","4.16161149269361","3.32049204447415","4.61348804131281","5.95679129229245","3.48791913908848","3.538621506718","3.33044527798909","2.83807138249881","2.84718698481947","3.87861371073217","4.26748570243909","4.34636486043065","3.04508931777146","-0.846618537710654","2.74499207886699","4.54226027830119","2.33956229694405","3.56885965302634","4.09254210065322","5.06316007610521","5.17311747405313","5.72385116393701","6.72884503898491","3.6427976022069","1.79718077921633","6.87351072245292","4.61621170391322","4.41038264709779","4.4328805002523","4.12375338889497","4.00952694492618","3.89817538925152","4.29848167731318","4.18244588423124","3.50363639067479","-0.497934943199667","6.22497809091043","2.85670794016096","3.86063144599245","3.55691990787241","3.88622874323896",
"Europe & Central Asia (excluding high income)","ECA","GDP per capita growth (annual %)","NY.GDP.PCAP.KD.ZG","","","","","","","","","","","","","","","","","","","","","","","","","","","","","1.89918279097023","-0.0957774239478795","1.54172054902723","-5.5468469573145","-5.57231978767086","-2.65352059817795","-10.3595717334831","0.579328916318971","3.38549730548947","5.1433450679629","1.85727338476269","-1.32632885222667","6.35294626872236","-0.345817713904424","5.92018010291279","6.12508715744062","9.09793252063196","8.06822582890092","7.73200977762943","6.90360539696482","2.43345237878727","-4.17397189673947","6.26454806972623","7.47928801497547","3.25083368050008","5.64030489780261","2.34708757562652","2.58721624500977","1.94890342644356","5.10448797855074","2.90642169116467","1.72083539301762","-0.420094564083158","8.62190025260897","3.66893266362467","5.80894693328939","3.36064721774048","3.01362639255278",
"Europe & Central Asia","ECS","GDP per capita growth (annual %)","NY.GDP.PCAP.KD.ZG","","3.86741705905432","3.47557765460078","3.6896695720779","4.74147452536408","3.42530831038239","2.79971108390859","2.50282360194154","4.48669724268156","4.98895276753171","4.18840591618054","2.52396630662513","3.64325462902507","5.20465685367799","1.63606837700017","-0.921127257463155","3.75034886729321","1.96592345649947","2.33209441553316","2.92740812472871","0.646555155891221","-0.256865561768421","0.485111963691338","1.32380183276462","2.16609956832765","1.9896193594892","2.27438075121304","2.38708471383447","3.41004591672242","2.75902963030971","1.66152178333614","-0.307631688070927","-1.03771114974471","-1.03551435404616","1.23893014082073","2.23620706043843","1.62485564722519","2.92978114878221","2.45217597587396","2.78608420474917","4.26872253490234","2.09007389272887","1.3867482704954","1.55170945251344","2.88140002294355","2.44437982452217","3.58790921212622","3.41068913365025","0.617539745622238","-4.78674578394288","2.26402343957281","2.09220686614646","-0.0719576884643374","0.496073568531045","1.5314042480156","1.63218257629066","1.45532021114056","2.56946861228793","1.80967487730916","1.44343229492254","-5.55321212206002","6.74191918034795","3.44025443414297","0.988204992102396","1.19927866922393","1.27161663597657",
"Ecuador","ECU","GDP per capita growth (annual %)","NY.GDP.PCAP.KD.ZG","","2.19841221373321","1.96244334429009","-0.801582911510138","4.31632845999789","0.275625276060424","-3.25405407209202","1.54865788647022","-1.08867427568094","1.5939932983338","3.74408619498435","3.19664986715802","1.97791939698682","10.6789981468617","8.04934364582815","7.85921266778445","4.42416712071815","-1.17470503063848","2.84629822867481","0.958252303834328","0.952627019811672","2.82948762101213","-2.00691549275766","-2.91985970406022","-0.0251234212967688","1.29651813173118","0.919413934576909","-2.63848968143327","3.44155915017861","-1.27279227457497","1.38509528648214","2.06266435124181","-0.0134164931923948","-0.0759415801517349","2.26037167910633","0.326536599281397","-0.166942955094115","2.41860087252594","1.4116455525819","-6.41692756074212","-0.648225387551591","2.41820763888565","3.10935393746668","1.08541692667872","4.9766254911447","3.59103374682795","2.56360111087805","0.176823126136227","4.76318326284088","-0.618743696364604","2.2990259381485","6.71524931054121","4.11233799510666","5.61780573490684","2.74412306472649","-1.30274985042635","-2.12550882201938","4.36195467405905","-0.674558960176682","-1.51253154807527","-10.3108339169142","8.57789544186942","5.0282959697896","0.948258262430642","-2.7842885423931","2.85021075952048",
"Egypt, Arab Rep.","EGY","GDP per capita growth (annual %)","NY.GDP.PCAP.KD.ZG","","2.47723455139828","1.17722365013691","7.65044443289365","8.64303260452279","2.27569981183935","2.44632089168518","-1.66762140746077","-3.99804501955977","2.74715073736938","3.12088049511445","1.68044196747962","0.710927875139689","1.15304427498042","-0.761728936896915","6.40124367025298","10.6602169070771","6.45293627261285","5.99491983460854","1.96639478092861","7.17838246169202","4.50284337961513","6.92219589567003","2.06209605252883","6.490132739744","2.68952214719384","1.7925166270004","0.992647870187866","2.56957149459862","2.10322476608667","2.61630325467065","-1.62451619436897","2.00607720448467","0.55376389998851","1.75753283456244","2.46357101461021","2.83434543777562","3.32846450125051","3.29389108583953","3.71403670912393","4.09609057659976","1.35955211640928","0.258696269362616","1.05358246795282","1.96524683769799","2.38032461730565","4.77751297925985","5.08546727843067","5.17381069982021","2.7155259211155","3.14977851159885","-0.354646268621011","-0.042967018335915","-0.14323388106547","0.599558564662246","2.2041585800734","2.24497375695228","2.12015477140174","3.35166753239859","3.71584088502073","1.88111976012442","1.76220484274864","5.01555864975533","2.02315842412948","0.639636335125445","2.78005160543854",
"Euro area","EMU","GDP per capita growth (annual %)","NY.GDP.PCAP.KD.ZG","","4.83780470074899","4.85838798850764","3.97233995440833","4.95369132007639","4.15193948242998","3.55905344402862","2.72085523281388","4.97780180763007","6.39962941731559","5.00787221415557","3.1639445916952","4.18531562027758","5.44875485478646","2.65744867011351","-1.24828962881304","4.57731993313575","2.68411610275321","2.69603943105909","3.48019511670097","1.73257435230849","0.166082900662161","0.443655825590341","1.19439810441393","2.24159030902193","2.12395090290229","2.28747950724465","2.27592889361976","4.0123696214273","3.6626006539626","3.10831614434565","1.92445859866324","0.702493521316512","-1.06136133130889","2.21943113690276","2.23935744705403","1.53573172008372","2.4836632996977","2.81249142474395","2.73672255351087","3.60254366967511","1.91217366103731","0.530590861385406","0.244517142167382","1.78540245872847","1.28355982830446","2.87230278130906","2.50883577559316","-0.0432105023548388","-4.7831684545113","1.8763720800435","1.97867787711317","-1.11033604410056","-0.280801418636173","1.30773675112918","1.89731798491029","1.5566937355231","2.45196977684085","1.58284939576711","1.39914862569842","-6.15630180121201","6.38975833856964","3.38678918814921","0.0248648656330204","0.545219641950197","1.11107731582105",
"Eritrea","ERI","GDP per capita growth (annual %)","NY.GDP.PCAP.KD.ZG","","","","","","","","","","","","","","","","","","","","","","","","","","","","","","","","","","9.95466994106025","17.5536356070169","-2.79691785991288","3.96150472866739","6.72181364621743","0.452407592557293","-1.44917603320451","-4.61837133772084","5.69571154371637","-0.47685782309577","-6.59492016605172","-2.6238903510386","0.14882340502966","-2.51821345546691","-0.04176960463559","-12.1248431632963","1.3025781558331","0.205918877679608","6.74798297853228","","","","","","","","","","","","","","",
"Spain","ESP","GDP per capita growth (annual %)","NY.GDP.PCAP.KD.ZG","","10.8044871096931","8.9464704174558","8.63949313281344","4.26724561500689","5.1056322550024","6.15343461675477","3.06412649678099","5.21217234383435","7.83908290303449","3.09359904029643","3.39592703146427","6.96219311481951","6.6040257654457","4.47106819908592","-0.539096521312302","2.21777242101939","1.78565712686311","0.490728282850199","-0.836528080615906","1.39131541372475","-0.839887495760976","0.640409181894213","1.27551467801025","1.36289715502605","1.95132909180683","2.94527939063278","5.2737629750186","4.87169199713344","4.66281523950552","3.67576794722082","2.28532468887114","0.436115155748553","-1.54335835145426","1.89690694701672","2.30495702556625","2.18092390343854","3.15405367665298","3.87121830463626","3.98652877279852","4.73130032942612","3.20031684797794","1.31414120540325","1.0944115829832","1.35058688382759","1.81657732789419","2.29951501349761","1.63463980710374","-0.827648476802253","-4.61672962915983","-0.365660089983677","-0.992358604711711","-2.92815897770406","-1.07017018206768","1.83396646193863","4.14701193619516","2.83577124069477","2.64617061107108","1.93406292039191","1.23303741249605","-11.3931290455953","6.49336738803039","5.60841068844668","1.26057958891062","2.40413218623925","1.77013824549053",
"Estonia","EST","GDP per capita growth (annual %)","NY.GDP.PCAP.KD.ZG","","","","","","","","","","","","","","","","","","","","","","","","","","","","","","","","-7.5366963113602","-19.71743228716","-3.28244543285909","0.483688045374222","6.40966163293852","6.50278220805234","14.3472160464527","5.34690225116847","-0.717824690967987","9.55642258870186","6.55731967784041","7.61250041092767","8.27372395680648","7.44108988454812","10.1516023275001","10.4117043601584","8.06276601408268","-4.87057915292706","-14.4654981470721","2.68366165094633","7.93414724975237","4.04377186018716","2.1192820000981","3.59411590769302","1.77141701957223","3.06301090349199","5.50685731354206","3.33940936378892","3.3419636171697","-3.07548007766944","8.14019436008853","-2.53754963208853","-4.26634480137913","-0.239652154313688","1.01609649856567",
"Ethiopia","ETH","GDP per capita growth (annual %)","NY.GDP.PCAP.KD.ZG","","","1.73003249839019","1.85932914425273","1.38597692696713","2.96970335866082","4.49669529872392","1.35005724435382","1.30452908796784","-1.36262412612159","0.669468375168321","3.65482353629109","1.47906696670439","2.34969399999395","0.63658536181066","-1.19852341461873","-2.34815489377294","0.765606087529463","1.01221130170914","-2.55675410685249","5.83727167777019","1.79300842573353","-2.92602346701005","5.25379811066873","-5.34331479454821","-13.6118695750355","6.4669208610524","10.0451187324464","-3.34518199788337","-4.11569691071389","-1.00646889295157","-11.073793028812","-12.4354814898344","9.23479849541557","-0.340437448684114","2.57532696159824","8.77685691778561","-0.119280615629108","-6.44288564763505","1.92717241678638","2.86806618904541","5.06530432457272","-1.52885894017255","-5.07288652380292","10.221815108184","8.5508986289875","7.62653694970021","8.23770708038126","7.62786742867665","5.7563855983106","9.4043448666486","8.06141676362226","5.64374376946701","7.61661454720691","7.33861859355025","7.4680767605293","6.5099145630674","6.61862070026751","3.97407545942133","5.48664147824387","3.22311599681393","2.85565763143852","2.59539967724329","3.85475024935491","4.868199776186","7.00658189199632",
"European Union","EUU","GDP per capita growth (annual %)","NY.GDP.PCAP.KD.ZG","","4.87917879642137","4.81448590390406","3.88591139203965","5.07181980991346","4.38008272601529","3.45999867627178","2.76856314158493","4.8481079647366","6.29325159661582","4.93460715844935","3.0782542758373","4.06325251993242","5.32036977630241","2.52670364946685","-1.14753217192626","4.32752082038408","2.44590638370488","2.58459462739748","3.42910011863611","1.59810547635846","0.131712387928133","0.509411162250004","1.17919114476388","2.29664512166825","2.07813457555514","2.30152995152568","2.24588777095454","3.79179825702201","3.53401429083584","2.94797933847752","1.1677366181964","0.608777862369763","-0.918299139667539","2.44559080165065","2.53050600398595","1.75014469626214","2.53017315149468","2.84371232085205","2.83420051339883","3.80934799569394","2.02565721187391","0.859611748360066","0.566188544506502","2.20284100406548","1.61011467216419","3.21826057030717","2.78168783163606","0.280944118265253","-4.55442276276078","2.02006892310325","2.11633417644916","-0.911617796884059","-0.113454009957749","1.51911127267046","2.17071059581018","1.71749577669785","2.66932398924105","1.87772359244853","1.68103774320447","-5.57053637841061","6.53094716272416","3.33868915851936","0.0589984654906175","0.787818911505255","1.33556083004187",
"Finland","FIN","GDP per capita growth (annual %)","NY.GDP.PCAP.KD.ZG","","6.84796496609353","2.28404922193957","2.55747230154148","4.65485272386081","4.9523896986162","1.9898463319431","1.61702896137881","1.84500604022597","9.65690484186067","7.87821448499177","2.22782448344215","7.09615283779395","6.37797931862636","2.69745817246852","1.35402497022343","0.0423518733126258","-0.0405058466502908","2.62462588673449","6.84849432651143","5.06171430168345","0.858289195872345","2.51075017566549","2.49118633716598","2.67642028755743","3.10912028736855","2.42189739820009","3.2677223490077","4.92566165562631","4.70524079224481","0.246189467799468","-6.39324877557392","-3.85315295201346","-1.25873640874413","3.51720000799041","3.83730925871322","3.32316149378687","6.0817680309835","5.17468891307571","4.14725721747845","5.53441379935349","2.40682902219235","1.44115409187744","1.76883520334854","3.70383750334673","2.42615653951086","3.62113497225309","4.86572137220107","0.316320525705208","-8.51460466433139","2.69737665062684","1.91685338301681","-1.99029082999297","-1.43490157636175","-0.888801631577977","0.136127693741741","2.27754373131673","3.06123169296772","1.05884315705418","1.23812097519217","-2.63099855258851","2.46373050011893","0.489394588644501","-1.7812611103802","-0.268412367688029","-0.297135625498385",
"Fiji","FJI","GDP per capita growth (annual %)","NY.GDP.PCAP.KD.ZG","","0.412843178740047","0.446440451487049","3.06944385100989","1.66270755995397","-5.6344435168931","-2.85968587033157","10.5375333832798","5.5613295801646","0.46980791377112","10.4980418392872","4.92689627106711","5.65421628597389","9.87188002319283","1.10648886205634","-0.939061210463947","1.04686121670258","3.73014554818107","-0.514056394706557","9.58042147488989","-3.91985081216323","3.82388831918723","-8.20443486404298","-6.24627958621996","5.80389016068183","-6.85988398988809","5.48430709502567","-8.01279609457407","-0.129653527725225","6.36974338132228","4.84299288693262","-3.49122667830866","5.33128434112055","1.48097014412023","4.51788064455776","1.98990255046905","4.14248235876835","-3.20552942628481","0.0533657238103586","7.54827853396347","-2.7615422573721","0.957064567258897","2.18333221669403","0.0396498820572191","4.32692550982252","-0.214470375987901","0.938932462650172","-1.67524879277953","0.410201054333271","-1.80343317505495","2.59506259774236","2.41603454017945","1.19749999071976","4.57032170520452","5.46160981322221","4.38823289212192","2.38011648097762","5.40003471633406","3.99107234875937","-0.334080345193271","-17.1893281212242","-4.52835673234897","17.3979446832272","8.88313429271439","3.01375309468594","2.7121998383011",
"France","FRA","GDP per capita growth (annual %)","NY.GDP.PCAP.KD.ZG","","3.86638337263079","5.78849953083436","5.04387858193047","5.4524483404827","3.83774871392582","4.25656125851283","3.95225786940368","3.74594449516368","6.21456747145352","5.23806196732815","4.30591766355121","3.60082793884236","5.33972143582457","3.72619321259258","-1.41569324890409","3.89596423761951","3.07125680600552","3.47919733278744","3.2316775733437","1.13499020458092","0.589285105722027","2.06907254844478","0.717848547478113","1.11432810235115","1.06265235277525","1.86751539834408","1.99730005194385","4.21003285861991","3.78375169549521","2.268451182731","0.729685951027619","1.01174283165568","-0.791444096179944","2.00092888436674","1.93291761763854","1.03528502888366","2.16193589623612","3.06997018708124","2.86728569454124","3.42869029655284","1.1593271284506","0.335619014023663","0.257866805308325","2.11736543407739","1.1253537135494","2.00131130247657","1.89856745333175","-0.178410661195599","-3.32212444604225","1.49872466177408","1.94433505424516","-0.299598729272304","0.26214454973659","0.519383764691739","0.708030590350688","0.594243752389232","1.78779549384231","1.28216603702126","1.68870844116209","-7.74056751254994","6.50155219757207","2.20208858513766","1.16054609449012","0.925700761599856","0.593421268268841",
"Faroe Islands","FRO","GDP per capita growth (annual %)","NY.GDP.PCAP.KD.ZG","","","","","","","","","","","","","","","","","","","","","","","","","","","","","","","","","","","","","","","","","","","","","","","","","","-5.02867328771298","-0.105461192690626","3.80958689031866","7.64028513939343","5.95488006639857","5.03590340286293","-0.0144554034650923","0.228343050722899","2.03500931466967","1.11536325937354","2.93783373419572","-3.08017092370805","3.62712467824227","2.68179027570467","2.2200355417781","0.397081062964816","",
"Micronesia, Fed. Sts.","FSM","GDP per capita growth (annual %)","NY.GDP.PCAP.KD.ZG","","","","","","","","","","","","-0.590187764001698","-1.59777953240689","30.3549687170885","12.2348807545385","-2.41762520319851","-1.99965011138235","-0.0405965358471008","2.7347186468033","-1.01017931344639","-10.0174331174198","6.44139123488597","-5.49319732042451","-1.03232864959392","-6.70250495147869","13.2623065884291","4.98453718985263","-1.55099889726419","0.169399590686623","1.53293480509326","1.80262252769936","5.47645204082525","1.97168325826154","5.85796163752362","-2.36652040687224","5.89315573285003","-3.75814175630508","-6.5159276166271","2.55428154794018","0.854442108889316","4.28464922262306","1.52928759804583","0.36908090872447","1.91048154546718","-2.87899601132597","3.21654818694653","0.201049259643597","-0.899914202895062","-1.6870200410321","2.21732101369363","2.1037928244549","3.62925834784508","-1.79451030307897","-3.90944028072801","-2.81129684982227","4.0787101496705","0.927224155763625","1.69615440576835","0.0155080252273621","3.29317692508138","-2.61687691868171","2.445766552558","-3.53756970750719","0.667659305636874","1.82218727310135","0.597667410706975",
"Gabon","GAB","GDP per capita growth (annual %)","NY.GDP.PCAP.KD.ZG","","13.4492519943536","6.14195985787087","4.73436938676342","3.15594802056076","6.81613592850623","2.97090871496344","2.51674633823917","0.869934044084914","6.04105445128017","6.38663679338678","7.992832685908","9.07566258873671","7.91707186937249","36.5375169763232","16.5791519988371","32.5368667286073","-14.642379758211","-25.8924340069708","-2.02307676685317","-0.052581559372797","2.36039014784252","-5.66358482333102","2.78001473821359","4.6072617988707","-4.98060710396314","-3.50442324294255","-19.4129351524125","9.74962687560345","5.58336886293019","2.34828480298293","3.26931010464506","-5.6624500156035","1.21485157056252","1.03021807065934","2.31093356602501","1.03427662418945","3.10492993236622","0.890580320643267","-11.2242968907633","-4.3871748201515","-0.517762468580202","-2.88501235798608","-0.505326252378111","-2.09108844494591","-0.262443845603784","-5.6960834287439","2.74524486560748","-6.37298501256997","-3.14683049052138","3.45835073677657","3.35937600321799","1.552307854364","1.98480609519432","0.869784891054778","0.693296575495864","-0.79183198007","-2.16361774149249","-1.68804743568779","1.38257599119697","-4.15528083286725","-0.845244788994776","0.747533658746065","0.210978858234995","1.188352816788","0.331924216765373",
"United Kingdom","GBR","GDP per capita growth (annual %)","NY.GDP.PCAP.KD.ZG","","1.92327395409104","0.244341056828176","4.07774057838444","4.91040024632568","1.47628087263733","1.0090456187359","2.22373310642656","4.96053301450314","1.51615149081795","2.29987465236748","1.57938717324137","3.27561302985168","7.10639660739901","-1.74167838811137","-0.669496804185911","2.82995299273523","2.39700724849909","3.3978316517312","2.65462024352492","-2.29594521538891","-1.3578130725424","2.12966843127822","3.5890151180126","2.50856450278769","3.36452797465043","3.77170543767869","4.33997910052568","4.7991222063655","2.01554264172321","0.478455932040106","-1.59721933146524","1.0211660302119","3.24267090591322","4.6865535618182","3.25985802369149","2.35396378671228","4.61021097170145","2.94588672989829","2.60180734515576","4.15158061382745","1.9975992432021","1.27936543722539","2.73900554436896","1.74549468873848","2.08729988072291","1.4414302818718","2.13253558466515","-0.832967942760902","-5.30637777763782","1.46206947680976","0.0663488911998797","0.807661642969506","1.04127689543228","2.39228723571463","1.40597768353071","1.39797854877506","2.46409428701189","1.0564966711085","0.738072456841849","-10.1988501221779","8.15741414430147","4.1267500565517","-1.0306551867823","-0.0212601831000256","1.08786759604824",
"Georgia","GEO","GDP per capita growth (annual %)","NY.GDP.PCAP.KD.ZG","","3.2236940862677","3.52806103163068","2.67821230245555","3.95314302001827","9.11237538043233","6.31302004310241","5.21596210398758","3.51240036502595","3.80071619599029","10.9750442932288","1.41043474879019","1.80205558935668","5.5488624770874","7.86898577673144","6.59086640762749","5.33721073796755","6.16815917602653","6.80418882269677","6.58296833746965","3.69867612947934","4.40661367296103","1.14247059836754","3.38897302522059","4.5315677189254","4.02522934899925","-8.98763779625877","0.448766891959991","4.51547691173728","-7.43723179966314","-14.7657166211898","-21.652946447153","-45.3248837559735","-29.8414533345514","-9.00820164687457","6.52521433798374","15.3128352453698","14.1232447418547","5.68429106346969","5.00558453773334","3.84018024327052","6.44578529290918","6.42465284351501","11.8096106867876","6.44984993877193","10.2895785214873","10.0452966712851","13.1643509520424","2.7332346709434","-2.79118104819281","7.02428366897674","8.8036288733672","7.36675215463949","5.44978265548417","4.04162752314514","3.18839294862944","3.38835328316745","5.14582677562736","6.10344745087359","5.56167165873158","-6.35478715206467","11.0650780067831","10.8422088053808","7.74568551727566","6.88825844146292","4.09646855399109",
"Ghana","GHA","GDP per capita growth (annual %)","NY.GDP.PCAP.KD.ZG","","0.520685688130399","1.63024715880111","1.9421078355863","-0.194917692932407","-1.03407959340102","-6.53387677338354","0.615684860926422","-2.04471136962684","3.38780366072469","6.82937239126346","2.34442387239848","-5.19376048717281","-0.0430027197385101","3.79769903143396","-14.9307065571164","-6.26728026026291","-0.696657028068174","5.2300908922422","-5.44695212886333","-2.4242388246859","-6.17650794838094","-9.58926890135842","-7.39109617124427","5.8786494701893","2.85582116960212","2.90923690293133","2.41951445422532","3.12064353509851","2.49321568909531","0.725670862009096","2.6620471162506","1.32904577852237","2.2924206369743","0.846121792203618","1.68402714615945","2.18761953564251","1.74682048999631","2.18441521078265","1.882232640083","1.12706117579829","1.26692433665509","1.6652639048673","2.39760659496866","2.83982995857866","3.15861099530474","3.66950804093835","1.69171777527903","6.41466992518754","2.26068893513001","5.30617508163762","11.3370417824575","6.67974740594653","4.75796338524816","0.452244093941871","-0.208325820413904","1.04704406736222","5.78094585817396","4.01895338314475","4.39063133478864","-1.46830801654092","3.03800270044563","1.83051244958061","1.19022304482641","3.88131865617211","4.03001049809495",
"Gibraltar","GIB","GDP per capita growth (annual %)","NY.GDP.PCAP.KD.ZG","","","","","","","","","","","","","","","","","","","","","","","","","","","","","","","","","","","","","","","","","","","","","","","","","","","","","","","","","","","","","","","","","","",
"Guinea","GIN","GDP per capita growth (annual %)","NY.GDP.PCAP.KD.ZG","","","","","","","","","","","","3.48686077388692","0.558272824751313","-0.12384695735058","3.54558722025355","1.25511798294684","6.25336070785937","-4.84482707404506","5.1164171100655","-2.8299793263661","0.809803805678413","-1.26559140721663","-0.224948721204498","-0.819462073871208","-0.825607744651649","2.56175473405239","0.598439369166186","0.681986046103418","3.56332433959545","1.3391090418754","0.7803800084003","-1.41305426376472","0.0269116593674852","1.89332581267254","0.899451721316183","1.72503947546996","1.5470699360467","3.04206463987209","1.71255766162007","1.51180792814343","0.512194741763963","2.30947074547048","3.5387047162788","-0.996648465303707","0.172593565879879","0.957366356559277","-0.903894697466356","4.37307821452357","1.64417388168144","-3.50758302722751","2.26713039266406","3.02826048764469","3.34759058991902","1.4353219620192","1.15630967477851","1.2305341257089","8.01216245351651","7.51589992127235","3.68700873912611","2.9464024435663","2.06694997562413","2.96921009369555","1.423063279934","2.9750250246767","2.8559023366217","4.9925479076793",
"Gambia, The","GMB","GDP per capita growth (annual %)","NY.GDP.PCAP.KD.ZG","","","","","","","","-2.71435334767477","6.54928086056582","-0.413907463477386","3.18355214691137","-2.89740684949869","-2.64297196359607","6.07571685129933","2.80641509450734","9.10842435560156","4.11765068352071","0.219473240434368","2.91659838653831","-4.5722265062187","2.67789181651716","-0.202478175106037","-4.21535683397065","6.86783211691481","-0.365477667828969","-4.65135850423313","-0.000878849775020285","-1.62495397995868","0.269474369671656","1.58212533454316","-0.696506329267095","-1.13578611453352","-0.7383852538714","-0.696495507138579","-3.01711393290937","-2.07739136660906","-0.690360718985545","1.96357415868005","0.636396539831622","3.48466497383448","2.65021456237223","2.97441795005224","-5.81287900613223","4.0302689250437","4.16456397721086","-5.03011452953602","-3.35221701800941","0.0963372438063175","3.21187607038","3.61238687182772","2.87350950500529","-10.7772609082744","2.18645897140155","-0.0966163079995681","-4.17258609769029","1.25137248146628","-0.701007891119758","2.20807546707253","4.66787430455537","3.74848295956672","-1.7631871131438","2.79304588389131","3.07381399019251","3.50722689105484","3.1747025023372","3.56273284761694",
"Guinea-Bissau","GNB","GDP per capita growth (annual %)","NY.GDP.PCAP.KD.ZG","","","","","","","","","","","","-4.2089606403342","6.30250814489514","0.054461661597216","1.05937438618955","1.61175083743888","-1.59102995282194","-13.126641191981","5.99506197213906","-1.51066925857776","-16.9089615330147","16.3259296889596","2.56152196118961","-4.92031162411782","7.38932318959114","2.52131358114698","-2.36319832198365","1.26401277309395","2.91240714696819","4.35771565563357","4.36956798137795","2.88417399037313","-1.83295371146548","-1.21630081950958","0.0543794271908382","1.79752507182782","9.29819236395304","4.48886786202216","-23.8778523409397","14.6207205646875","-0.908641384543557","2.58170548418317","1.40014043705072","-2.51633136885211","-1.13385031185746","4.08995783100083","0.220591080099751","0.0376503174978779","1.92082759963192","-0.124226604498276","2.91052833964689","5.28027330014127","-4.29238918450449","0.543365078897963","-1.65358336592615","3.4407197814937","2.81765698941554","2.14454305364472","1.32710524004433","2.89045755858285","0.563114253614899","2.69206006657852","3.11934051229805","2.30744059429175","2.13196464119618","3.55252971991914",
"Equatorial Guinea","GNQ","GDP per capita growth (annual %)","NY.GDP.PCAP.KD.ZG","","","","","","","","","","","","","","","","","","","","","","0.674385038428667","-3.813396497729","-1.47925250730012","-4.93416067286991","6.8585331073261","-6.95933815288996","0.0385112236216827","-1.34423283943052","-4.93885696360292","-5.37648309315803","-4.63031817511198","29.8508862868735","6.99994947988674","12.4030083731601","13.1414865232391","60.3410922687992","140.490577857747","19.0314989040498","20.8161079369241","12.1516339606444","53.2356880825419","12.258597420866","7.24786542705019","30.0162976688723","10.9012034435108","3.03105558195507","10.1968975693747","12.5326733451216","-3.22046029526918","-13.0151718370352","1.99905762799257","3.98800386782088","-7.8885603944365","-3.43058595312914","-12.4917142663428","-12.0971098998986","-8.94053555047577","-9.37041905185943","-8.52391282041842","-7.35874657366674","-1.56652040015599","0.661786258781987","-9.62995914700062","-1.98923228918052","-8.07696238295122",
"Greece","GRC","GDP per capita growth (annual %)","NY.GDP.PCAP.KD.ZG","","12.3097924164889","-0.231360587355027","11.4308113206522","9.01366253990649","10.2510619000191","5.71167202770717","4.81239682140054","6.50858572029323","11.1567355618472","8.68228782483666","7.37432668812667","9.44639200384898","7.6026087327164","-6.78208597785962","5.37305616389978","5.20508290337798","1.6103014763606","5.86527270850065","2.00245698792281","-0.306898946794945","-2.43246106938695","-1.74025233828002","-1.65240252612271","1.5036721676605","2.11229485279974","0.185737959143879","-2.58512327400537","3.90977732680273","3.25972956504248","-1.05223289834684","1.86983417669462","-0.0662990265129082","-2.177150507638","1.4905588001274","1.62382495931472","0.936690833341629","3.09310260480891","2.86526159290254","2.26587246758952","3.71272971778744","4.10776514479092","4.30010645802261","5.54464686570202","5.11746949484984","0.887221298370648","6.12419382696766","3.24351376995932","-0.2077841521306","-4.37113631022572","-5.81520524166056","-9.74334160929287","-7.83408943355501","-1.56089629701783","1.46585655106406","0.431225575747547","0.384851865059588","1.67402014860588","2.27195132202993","2.38497557963629","-9.00116455331775","9.9750809262257","6.85973802216606","2.43478151693941","2.10832570957629","1.9865406569992",
"Grenada","GRD","GDP per capita growth (annual %)","NY.GDP.PCAP.KD.ZG","","","","","","","","","","","","","","","","","","","6.12020991433408","6.50338936129995","0.466833198772321","2.05885058584063","3.75909908912337","3.01589624320235","2.97198524446046","5.30376510555253","6.44228583808339","8.27409896955282","2.1477328986426","2.91661783057491","3.14269241499387","0.544631077893825","-1.64061570247593","-2.70574496205592","0.948143796818869","1.4107174227084","3.72423125640337","4.30836321717575","10.998703794283","6.17920960237524","4.18122183760816","-2.51021033342408","3.0394289508191","8.98141669840049","-1.04641274220963","12.851921344972","-4.34487991607801","5.7518527541441","0.607094088064969","-6.91378690534548","-0.807153746059768","0.321541246692931","-1.76486904539074","1.70896295471954","6.73549593358203","5.9402683055354","3.33052048330798","4.16002295455056","4.13321655238465","0.424779227477273","-14.0234896211443","4.38638000986352","7.10371866166386","4.37658936970584","2.2895660616781","4.32655990102558",
"Greenland","GRL","GDP per capita growth (annual %)","NY.GDP.PCAP.KD.ZG","","","","","","","","","","","","11.1445657449118","3.75915759419843","5.28020885390521","4.63851405344924","0.443324336266386","5.74601090342313","9.48317955986741","6.44767945608753","4.01494748472481","7.37708985498719","-0.913783637050457","-5.3476252998743","2.26577078784958","-6.25916445763262","2.68217381664971","6.49677699893094","4.34564061934091","4.25465947606716","5.69517301118323","-12.1958664414579","0.0665111452330365","-4.76852354057402","-4.85588178273935","5.35180564040296","3.17099642734178","1.34801010307754","1.28773186957511","7.56589978093101","1.37788444524006","6.93956723449121","0.920568578995386","-1.3491298806964","4.14298316488345","6.6303821324005","4.91926419216257","5.85316581553596","2.7505908652024","6.59397874864722","0.874906570700134","1.35611976495977","-1.11918135533512","1.53697694464276","-0.726861643140481","5.09192733313645","-2.2149188822392","4.54780858066064","0.0776647739674274","0.89068474112419","2.46273159433217","-0.00176247850131972","1.12101711638257","1.99015372527471","0.504111002291438","","",
"Guatemala","GTM","GDP per capita growth (annual %)","NY.GDP.PCAP.KD.ZG","","1.24530465223171","0.514884616909825","6.37786429691099","1.63794158215431","1.39268261709906","2.5480403569337","1.22848744358532","5.80682576487671","1.96820747863111","2.96802062749457","2.88830048714645","4.60426042931157","4.05819826505287","3.7150125647928","-0.504202378586612","5.09505037358169","5.46642394006444","2.43608961413142","2.12568875120938","1.16733656692607","-1.84861350564529","-5.72314750851997","-4.92782022785646","-2.28271607874382","-3.38239620330064","-2.60067871575764","0.7275544115315","1.02339774619576","1.0590639145982","0.255295713828147","0.887968720143007","2.08938748174239","1.19079545990648","1.29965096299168","2.20828318179657","0.326032377839908","1.72822661280783","2.34123862089682","1.26683252082374","1.17641998878537","0.00856424754331897","1.48647617022837","0.276550484041408","0.87051616698119","1.06472255613932","3.14600619827499","4.12107602558113","1.1948125938613","-1.50524953899686","0.865525448373077","2.10758860221354","0.944366952930409","1.68864483006772","2.48328491110885","2.20204590469615","0.803225593316299","1.22202113190455","1.69836286934826","2.44813678390565","-3.2200765703051","6.56016056249786","2.70050703837425","1.94237600245772","2.12927868150834","2.70911437104778",
"Guam","GUM","GDP per capita growth (annual %)","NY.GDP.PCAP.KD.ZG","","","","","","","","","","","","","","","","","","","","","","","","","","","","","","","","","","","","","","","","","","","","0.371012546622907","6.05626846413823","3.29235446239393","-3.92956765070362","0.456380842049214","1.772255039884","0.14856119478938","2.04892665177626","0.0650356763903517","2.26402706379456","1.91405054312719","2.08830750386504","1.18092123655293","0.591903022530076","1.34860712204592","-0.333833095467511","3.07547868580322","-10.7119946566793","1.07830501841417","4.17726586538778","","","",
"Guyana","GUY","GDP per capita growth (annual %)","NY.GDP.PCAP.KD.ZG","","2.27700446180523","-1.08421136057522","-14.1635784367185","8.99127668800487","8.21507788896072","3.04017720261236","2.16139177070897","-1.04434666125492","4.81442154544305","2.40358930572417","1.67220344612645","-4.51746286986877","0.0631533283582684","6.54723978628201","7.41535459732319","0.610970510557053","-3.46014743359075","-2.56802025770915","-2.53375398482802","1.16831242953531","1.22348875608769","-13.2190818398298","-6.69376014189534","-4.81035981891441","2.74928348562644","-0.464646324045503","1.42467770126129","-3.12849581057885","-4.31230716594843","-2.42492513734094","6.34617596741059","7.46331259893695","7.73635100621053","8.12217163524447","4.67607346167401","7.65203166896895","5.94120905202725","-1.85177439532187","2.83934433431648","-1.40881252207762","2.32701717600905","1.24188408073948","-0.560476505993833","1.65433601876252","-1.7571567715639","5.39944024794079","7.48935908253156","2.05930009878752","3.95757174257776","4.53289275994231","5.63372747844741","5.25728662587919","3.13748133371095","1.1191644103188","0.0833711927134857","3.15936322443832","3.06887182440371","1.39604562755792","3.25156178245531","43.5123463015091","18.8820438552858","62.1110713145037","33.0314424322445","43.0000558343687","18.6366832712208",
"High income","HIC","GDP per capita growth (annual %)","NY.GDP.PCAP.KD.ZG","","3.14227176146373","4.30609890399623","3.79839485098807","5.14963822580997","4.36216900967096","4.45807704089903","2.84115518997139","4.92742561361","4.61574582192439","2.07799343957112","2.62501945097988","4.44292858862798","5.41428407726035","0.349483268256236","-0.713867518385484","4.15866685625579","2.97810203307935","3.41271083111612","3.21659406554593","0.437435380189413","1.098891887018","-0.841084908576221","2.13850695837775","4.05922055055777","2.81585159847113","2.52706716219053","2.84659327199874","3.90959954096539","3.10472421222092","1.96050787421416","0.118431045062422","0.819052190870792","0.440232859459329","2.36564689277307","2.20935971302609","2.3158217437089","2.96492672018407","2.08345080435024","3.03692989642039","3.77120715288967","1.05960079319645","1.13060641431363","1.74480305622649","2.94598115816287","2.45531491020598","2.64313508698702","2.23115447904607","-0.00417087613298861","-3.95310917949044","2.58896047122603","1.55688540737493","0.914133081852441","1.03317287688949","1.65798385851559","1.72624124181921","1.22676107176582","2.04390159976985","2.0708879859272","1.53833432565686","-4.12157731967358","6.09745933762946","2.64727980277173","1.06443008976875","1.26561178308084","1.491208012499",
"Hong Kong SAR, China","HKG","GDP per capita growth (annual %)","NY.GDP.PCAP.KD.ZG","","","9.55006027074113","11.848069851465","6.03354704542602","11.6695011938957","0.897381621200338","-0.931939572876814","1.2249366366525","9.57991216831864","6.5833874805431","5.00388165681245","8.5117178907155","9.15604523115907","-0.770960817250838","-1.39546329149795","14.7141763044908","10.1244032724089","6.31717746275034","5.62332441708054","7.20710072049245","6.72507762736272","1.36392979364184","4.37901640044578","8.89814584062583","-0.319535863753245","9.68111993150511","12.262542573801","7.60334705287646","1.22306676494649","3.49746308731733","4.82904947892082","5.34675585076552","4.39247148144146","3.67475481975073","0.366629212294754","-0.267950829795737","4.2283634610385","-6.66506710932285","1.53230875747008","6.71846101727634","-0.177504807082329","1.20751353736517","3.25999730083788","7.85559095750126","6.92002910970628","6.34741145052469","5.55354347014728","1.51879180866375","-2.66892308273452","5.98642780696426","4.11210914677804","0.58376779057221","2.68793428576153","2.04316927988437","1.51997702565862","1.54456362409606","3.00147920005347","2.02718102328538","-2.39666775385065","-6.20875243033073","7.42949558184318","-2.80684659913206","0.549720226024647","2.79304964014938","3.83541836993533",
"Honduras","HND","GDP per capita growth (annual %)","NY.GDP.PCAP.KD.ZG","","-1.17281759792066","-0.663034857377269","-1.56531172281366","-1.30939968375499","-0.321000605632065","-3.93183400465689","0.802325752453555","-4.01389463289011","-2.03639499670592","1.87357331135374","1.55728519470162","0.795822295796228","1.3409542265296","6.29183974557081","2.23954575475487","12.5328583675997","5.34632625078287","9.49719349689526","8.15138580271351","9.64336022608687","4.05480109599748","1.30734480578889","3.86205567729425","-0.607016567175762","1.67848139012632","2.55721179627952","-1.1054612255073","4.58628398956711","4.15988520006844","17.7981216590449","22.5215769207179","5.98144324223323","10.4560243401441","25.4117087794371","21.1904166793107","19.5352794658227","19.0501939908756","8.65940439144504","8.68151278100157","6.65751930552896","-0.0161960531288656","1.0499116620788","1.89850421782039","3.61570269241076","3.50707975469855","4.08321335137572","3.77627878562679","1.9188349629601","-4.54399131651867","1.5491216313325","1.71164194817371","2.04382616957031","0.777167217053545","1.0812751128465","1.88202222037501","1.96051068302054","2.92107278326836","1.96196872528638","0.71936151617345","-10.5484174868395","10.7029903655951","2.41184551052402","1.8148973269289","1.90114546136495","2.05319699380316",
"Heavily indebted poor countries (HIPC)","HPC","GDP per capita growth (annual %)","NY.GDP.PCAP.KD.ZG","","-2.60224515415301","4.7259401308837","0.833289181363654","0.744214989089784","1.18153620929304","1.18527386856964","-0.352607444822397","1.70563688605507","1.86973181445612","-2.65842103838388","1.74459324431149","-0.617443975640541","0.299851897603773","2.45812665616864","-0.674671661708018","0.954375687593227","0.706589728966051","-0.440953901804392","-2.2929351641483","-1.736679273193","0.769334411907167","-1.88430337751903","-2.41472623218952","-1.64742383599626","-1.31109249567983","0.217894291996984","0.331869388973843","-1.36109027763507","-1.28919382578925","-3.74459289529862","-1.74527137969383","-4.26707693483948","-2.81629384900684","-2.62498468991672","2.20866119837399","2.59800430486756","3.04378881145269","0.854125787419775","0.576920376298148","0.123098198413032","0.9041996924323","0.959255154647948","1.03286163307139","2.82309742436861","2.57608502587058","2.74601387999809","2.60878756670408","2.72009048226035","0.583031410767035","3.30061768837398","1.30085914921408","1.17839717044559","3.23001447036577","2.48677015891541","1.96514265854562","1.34859237448536","2.03871833705955","1.24900268057753","1.34676505348183","-2.71949707182922","1.58280226583109","2.20954847555473","0.846452336074165","2.42891350930665","3.10165842334558",
"Croatia","HRV","GDP per capita growth (annual %)","NY.GDP.PCAP.KD.ZG","","","","","","","","","","","","","","","","","","","","","","","","","","","","","","","","-19.6019000057714","-9.52911083766807","-8.51829523360919","4.69705259764521","7.48897024439002","7.57681825816836","6.68450076023788","2.31628768676903","-0.421163988666422","3.96819591961956","7.15557497333592","5.73914762696708","5.5383780446826","4.14142900899388","4.19397635804874","5.04515240807896","5.07179924204281","1.98388228188433","-6.71376495542094","-1.11211829111342","0.233948098216914","-1.77225046048896","0.491232719081154","0.20548399994118","3.54970254475377","4.59625905495034","4.95698866850903","4.26898598804596","4.13065464683689","-7.48629145426857","13.6540779633306","7.94429675001722","3.65329698905039","3.65085264409362","3.1363113364947",
"Haiti","HTI","GDP per capita growth (annual %)","NY.GDP.PCAP.KD.ZG","","-4.67585608432115","5.93166998350294","-3.6148307247875","-3.38315800607256","0.285462309531511","-2.39711484184353","-3.9123073581486","1.27921745915867","1.89499761598593","-1.21176570396263","4.49381128538218","-0.923847857919483","2.77250975787311","3.76967206097778","-0.806656541529165","6.3680212027663","1.7292971958742","4.18195071593199","5.50962970305662","5.33021546878007","-4.70667593294452","-5.41799845238262","-1.04448158918315","-1.65138144860573","-1.37293043186439","-2.47081729725178","-2.77929250001687","-1.8258071813457","-4.88827222197391","-1.02129198833929","-0.173086383540081","-7.18236675047231","-7.26639617990007","-13.6308577536038","7.82292405059231","2.18145500226173","0.785892869122677","0.293961772099124","0.830848511128352","-0.974737113523176","-2.14318391327505","-0.729374655833098","1.6820034644329","-2.98301062977993","1.35443141019209","0.0540583442750062","2.95569722727539","0.961802640900089","4.15489282064615","-6.7459038549499","3.91514494215959","-1.04324222181728","2.767509667507","1.39231187945737","-0.0454395053176881","0.398402974127237","1.12394427912376","0.326678559605597","-2.98683711868885","-4.49816442182016","-2.92695804339543","-2.7846808475344","-2.99212843762332","-5.28498956953727","-3.80407652802471",
"Hungary","HUN","GDP per capita growth (annual %)","NY.GDP.PCAP.KD.ZG","","4.23594777211535","5.75338938745892","5.41581973500304","4.37008615804926","42.0160746724694","7.07587919537842","7.10067626356185","4.49893641478727","6.45461806236911","4.30312298337554","5.89651544123073","5.78418419418779","6.55604040392758","5.42839435653131","5.57728993586724","3.03157554624526","7.10127019549232","4.04051994387149","2.51454009615726","0.134797307246657","2.8597731238662","2.90173341473954","0.874406549004433","2.86366988333917","-0.0715154933266291","1.70829407666389","4.22597286923903","0.0880272066277712","1.83942309781308","-2.49449922766898","-11.8870465986936","-3.02623555314709","-0.462665222231223","3.08816830633975","1.63091759717385","0.27332748929139","3.18554631713963","4.09002256717154","3.37847426779435","4.68094650632939","4.30099676765016","5.02871060786862","4.23691963512549","5.19581258967388","4.50792078649896","4.09589996478341","0.487904817715162","1.17042884387347","-6.59558642753552","1.2966366075499","2.2059103447462","-0.828646515876528","2.52439305270235","4.75555169835647","4.03310873929586","2.83749039789862","4.47743568209606","5.82146361803679","5.2087641343076","-4.09730738033811","7.66253175353751","4.43277115645731","-0.683845867847779","1.0263093874987","1.01465440483528",
"IBRD only","IBD","GDP per capita growth (annual %)","NY.GDP.PCAP.KD.ZG","","0.0318658376188949","1.40516149140015","2.27367191444668","5.82003935869521","3.77954727847121","3.08367625232187","1.73301306338674","3.96130510380345","5.26953388336011","5.24314793675507","3.5837384543767","4.21870534486581","4.75879262109326","3.48308733434499","2.56832879450566","4.26909503582607","2.75797902692993","2.16078424643192","2.83641758904491","2.9696609565504","0.241130256963771","0.909824190754051","-0.381943908370829","2.99604097418981","2.47956424469938","1.96552431888158","2.9260601404588","2.16677747646318","1.08957029819376","0.237103081436089","-0.416458861469977","0.0642541292363461","2.14344687923551","2.09079786712616","2.5861441333477","3.98931562434623","3.9600832546614","1.30100313422308","2.36735991293892","4.61247640881443","2.42447067921682","3.33047788991504","4.72128563438893","6.54536534066071","6.09511523432549","7.1926943939785","7.8623898338473","4.86176999424882","1.73268142458205","6.66353806370803","5.24638491452197","4.32341402658156","4.0695504882339","3.67919208751066","3.28878410956486","3.45615158819554","4.18633209525461","3.9626414753573","3.1704530745513","-1.95919363416803","7.03392164910011","3.28550278277888","4.13171883700751","3.84980237542972","3.73750748610804",
"IDA & IBRD total","IBT","GDP per capita growth (annual %)","NY.GDP.PCAP.KD.ZG","","-0.204329777821371","1.68243737768753","2.26096650084384","5.24496791664781","3.46210963291857","2.47797800069549","0.773007450482595","3.57202037774238","5.36977567494159","5.25180606837459","3.59878481582865","3.52252748256861","4.27895126834059","3.58612400815433","1.79849820900746","4.03484627476915","2.53211695030544","1.65194243803803","2.50504351902865","2.63166552931338","-0.212555234145512","0.40959437303583","-0.818730604794965","2.46028149101927","2.27533196268281","1.69461712922072","2.62133620967504","2.07798109657932","0.846951516240949","0.222967519859026","-0.534837387160664","-0.127541680867708","1.63695531929507","1.61706978069553","2.28858574126569","3.67829102308706","3.56742693707359","1.1146725367484","2.04890636395776","4.16991207921136","2.18028876581968","3.11513205058276","4.32141175004743","6.15057122709715","5.69137986374896","6.67031468661261","7.26239529391619","4.45058772627979","1.5842385759107","6.19657676770574","4.74249187207701","3.87095350120991","3.83024236222774","3.45828596172075","2.93694451209075","3.05640604210005","3.77144903827553","3.57038078098807","2.78433354520935","-2.39238386518089","6.29715320132634","2.87965503152803","3.55440202600994","3.39607730039803","3.31486517864012",
"IDA total","IDA","GDP per capita growth (annual %)","NY.GDP.PCAP.KD.ZG","","-1.32359034793519","3.31099657682896","2.21752909756734","2.19292408665304","1.758624984363","-0.899249230291304","-4.83193290352997","1.25656689123564","6.13271219663748","5.40599702514928","3.74349947347193","-0.713216893329999","1.35683734014427","4.52186919831654","-3.00205709646372","2.73735314343799","1.30776902463805","-1.47566853858824","0.639689048782259","0.704804422978228","-3.06727701987006","-2.83217369770729","-3.59629187052886","-1.13491214852473","1.30606135526925","0.181617293077466","0.830287716788277","2.03422235601616","-0.412154323045073","1.12455411030783","-0.565083762269012","-0.675897252636531","-1.8156731648548","-1.55648557205166","0.937752222513893","2.25916610996271","1.26714696517898","0.947922198874338","0.521113170205382","1.4312682244793","1.6055921573351","3.00277726350538","2.32304343990708","4.21111630865867","3.69590132323876","3.53533514124192","3.4128165263986","2.57020105740384","2.58298734589704","3.74479619609735","1.74984938996067","1.17339530704574","3.26117979267599","3.2372519766835","1.34387618395647","1.0917147250679","1.79598805251833","2.13006130176771","1.68407247446345","-3.91181214659618","1.76108450185006","2.37481158565804","0.945460377937763","2.18039386495528","2.55562989838116",
"IDA blend","IDB","GDP per capita growth (annual %)","NY.GDP.PCAP.KD.ZG","","-0.744783606696416","1.51985047846337","5.44931675394969","3.11139577769599","2.45680751160369","-2.05130847224019","-9.29653455592691","0.357102306930784","11.9952048700928","14.0019140649669","7.48320726681786","1.22495428663095","2.70621761190326","5.11055085226538","-4.15126565868914","3.69195715639175","2.29365184762464","-2.55408575373947","2.28955717604408","0.470864892466267","-6.87143850619655","-4.18202982075468","-5.88444178704356","-1.60473521737109","2.77884487807411","-0.188273336572252","0.362339289805334","2.91550988230354","0.0759491807820183","2.76940717744915","-1.0974510219218","-0.0732592489945461","-2.91346915834689","-1.79979408697622","-0.454015581309051","1.93956226010161","-0.228235038382735","0.117335013860668","-0.5489515126105","0.86965777861208","1.26589748654902","3.74753194768078","1.97435602149088","4.71346182461723","3.36971986089762","3.13836676022696","2.73886575674929","1.51086670695133","3.19665889353367","3.2847529363214","1.7512917603087","2.18764319812391","3.50997238266093","3.6495906438635","1.84539859064165","0.386730729939828","0.809983153675972","1.83956782828241","1.04339132267074","-5.14467412879881","2.27745033681279","2.78051210670669","0.939591479184969","2.18364142933443","2.63225498994106",
"Indonesia","IDN","GDP per capita growth (annual %)","NY.GDP.PCAP.KD.ZG","","2.83461862501213","-0.976961856538082","-4.96028019732194","0.615174818388283","-1.44271070505764","0.387144884656649","-1.22118178852287","7.95242809000192","3.90994059430751","4.63475401241131","4.16344195638443","4.22563067535555","5.30088879878147","4.89972082263803","2.35867536949112","4.25356942232263","6.12351202472207","4.19507348048373","4.75499424210342","7.28655857353964","5.42548184888216","-0.090754298915698","1.84400961162603","4.61668091109382","0.296454822426725","3.76041936038696","2.90852258131132","3.78043944270728","5.4609864812478","5.31384899911562","5.03614580488336","4.66756863412716","4.69961217882648","5.74209717065936","6.43541890424098","6.05859636441346","3.01090769720686","-14.489150562289","-0.712606708277562","3.4278636272189","2.21481343921472","3.09230929876641","3.40244595178829","3.7043674512371","4.3443558422024","4.11201890218061","4.94958392275811","4.64721758277069","3.31160021271401","4.89326246908787","4.82294276512758","4.67540374198676","4.25603923226443","3.77968595157438","3.70583428895539","3.91054275495577","4.00109865179923","4.15930013909383","4.0413041818536","-2.89423403981894","2.97476192227879","4.52447576618876","4.16733948268603","4.18121375688376","4.28652455694656",
"IDA only","IDX","GDP per capita growth (annual %)","NY.GDP.PCAP.KD.ZG","","","4.83437123177848","-0.53610510661774","1.33321652402086","1.08288109575018","0.120706539465772","-0.832368912041872","1.96390447493924","1.41775470521659","-2.26102644365257","-0.211021785126235","-3.00101600432153","-0.306447016993701","3.68284346967758","-1.82844794152638","1.3640391619121","-0.184086046516427","-0.426304315078553","-1.65447158484828","0.357395451094192","1.09826890819062","-1.59784876259859","-1.16749037444835","-0.764152530260816","-0.475804968336135","0.360524200477812","1.11795633961269","0.73327390034747","-1.25393039251612","-1.19900630908208","-0.189608795472623","-1.49817193313022","-0.497358032791368","-1.29751116527218","2.51964380505486","2.55745920063222","2.8954190078544","1.79062386499029","1.6252224507963","1.94176245525458","1.85288719508554","2.19046971964458","2.66529099893961","3.6096772121568","3.97938715462082","3.90781502864712","4.02688577896878","3.55850935467534","1.86666688022274","4.11003255094562","1.68665395064747","0.128854269605313","2.97876319747641","2.81643485398297","0.853424786703755","1.91186128878971","2.89661809861434","2.50425371715082","2.42256695384096","-2.61639463625202","1.33394305159082","2.04861342246542","1.04095710269014","2.27680779915779","2.57682242278253",
"Isle of Man","IMN","GDP per capita growth (annual %)","NY.GDP.PCAP.KD.ZG","","","","","","","","","","","","","","","","","","","","","","","","","","0.616951121008327","18.5642750122377","8.38520288055918","10.0130519130004","5.09571927624141","2.48469388635746","0.30669388521072","0.0191402471247955","1.99256058992141","3.42131414665177","3.79682396662615","6.90175224377177","7.31602122799377","12.0370958218258","12.2876785621037","4.09055253299996","4.27400134298588","5.10192250991517","4.94881389767924","4.20797850373191","4.93577075888795","6.6564512619359","6.36998309806449","3.77208525293702","0.979767326548526","2.24854803434695","1.38472598626136","7.3636916765798","4.38197664616249","5.46721088334894","-0.0295616197691402","7.11503908245226","2.66187031478451","1.97434466746698","0.0733713448695283","-8.952853097019","3.78598283934312","-4.19809282387067","-2.0736556737203","","",
"India","IND","GDP per capita growth (annual %)","NY.GDP.PCAP.KD.ZG","","1.26664879329974","0.518501927079271","3.53649105229069","4.96611887025713","-4.80310349882166","-2.17104368549663","5.53582268678396","1.19038521123345","4.31191269233454","2.84864261720234","-0.58483608965598","-2.7123915885177","0.996957418265112","-1.11546097149807","6.60232102685482","-0.700735579459177","4.75429678592927","3.306071277214","-7.41642471084822","4.22047070908258","3.54437832488188","1.08860680328846","4.80675111968445","1.41351916752743","2.83325352794432","2.38574323304699","1.62095076252291","7.18812238275834","3.60602407711301","3.2235163449005","-1.11028105492854","3.25939544134066","2.57408951922086","4.50057521206482","5.43070280521438","5.42226141029292","2.02374488927428","4.1484948564368","6.79504192639435","1.90763005843495","2.88134658113091","1.94070548523048","6.00579964269848","6.09996522556324","6.17702892470105","6.38367720990838","6.05160013553237","1.61413451730577","6.31340985810947","6.93079780360446","3.76074153231241","4.01726735834531","4.97769997299568","6.06398074170735","6.71566734636781","6.97394690926852","5.5611850346496","5.29211971912275","2.79675759966057","-6.69047102834244","8.79093447675136","6.76238601728318","6.26741791597422","6.14957446128288","6.6165688365585",
"Not classified","INX","GDP per capita growth (annual %)","NY.GDP.PCAP.KD.ZG","","","","","","","","","","","","","","","","","","","","","","","","","","","","","","","","","","","","","","","","","","","","","","","","","","","","","","","","","","","","","","","","","","",
"Ireland","IRL","GDP per capita growth (annual %)","NY.GDP.PCAP.KD.ZG","","5.17233256992613","2.7924487137243","4.13510916135569","3.28270125280309","1.55261091037593","0.491448195190131","5.28820175849323","7.75757196496762","5.24657335984222","1.8065436983636","2.26644884206304","4.9188564732672","3.05522407658503","2.54720564120487","3.93244453787489","-0.123899984172667","6.75571312438012","5.67669260598909","1.70891306553007","1.89987307568458","2.12229992974457","1.32102142940424","-0.949007340998151","3.70968050047422","2.92073394317003","-0.473563330562115","4.65224009736855","5.66837730440437","6.23404021414613","8.37500652483381","1.34529973280557","2.64060735516456","2.18058988451753","5.33977212868584","9.07376955347061","6.53331318104139","9.91398623109119","7.63750483455645","9.2908795084814","7.95480656981979","3.64246980676886","4.12975527664135","1.34938713225839","4.85345751357542","3.46094094006261","2.19518952781192","2.30923113199","-6.41164613131696","-6.05481156494983","1.13042386118924","1.166742916706","-0.826164036751607","1.65624859275668","8.58909717383906","23.4520270725761","-0.0687294094505688","8.63259519638329","6.13694267880518","3.31840085150145","5.80801946810749","14.6467292457005","5.40228269492256","-4.34749825420604","0.997438539135004","10.5232551843197",
"Iran, Islamic Rep.","IRN","GDP per capita growth (annual %)","NY.GDP.PCAP.KD.ZG","","7.12149860032987","4.6817182774419","3.80565406202224","5.14958008696871","13.4170811901393","8.08216098005443","7.91392784328215","11.0311107528192","12.1006509730522","7.61018311754682","10.3545296661415","11.1956007999836","4.34172024333215","2.71498847983618","-3.29408122979362","14.7493531427003","-5.73884281725705","-15.642403124076","-14.9936654787792","-24.3887050754271","-10.5186777699465","16.82009817917","6.84545893135481","-10.568069623175","-1.80642412174757","-13.0531630994569","-3.68691263044988","-9.06498970588623","3.07716065422359","10.3353954087594","9.69687907443604","1.2753229636286","-1.82171593144423","-1.88532440370534","1.27346796269859","5.20766542268932","0.14269505881002","0.68737125932347","0.560168989485433","4.29451656429561","0.823553037936534","7.19000975928768","7.44180127291611","2.12837885127104","0.931246313659614","2.76183106993244","6.40171006806331","-0.959303455562093","-0.239219321569081","4.48194624429263","1.38495950276369","-4.94408603979183","-2.80061992960059","3.58412137758084","-2.75798228082138","7.26636493161325","1.55521443456146","-4.96761764341849","-3.40863263146464","3.64198271829557","3.26912440288719","3.10702656058911","4.07166848852256","2.57740907930864","-3.71965760617967",
"Iraq","IRQ","GDP per capita growth (annual %)","NY.GDP.PCAP.KD.ZG","","4.7524598534924","1.50890256413578","-0.946584362345931","11.0377849092356","7.08296836991325","1.46254056169887","-11.9067160500521","15.4847797815927","-0.251028898459637","0.976487994854551","1.7964969132364","0.230885930654551","0.881619183994914","12.2467344179827","8.82780185892848","13.4026387339741","-1.43357241779491","13.1807917132737","17.042202180484","20.8838349579151","-3.66574052775007","0.564164779692348","-15.6181775930612","-4.51053591606907","-0.957028055065692","2.10391665862136","6.34850985229411","-2.31190068127913","-5.66113678617484","55.872942314425","-64.4235820475415","28.7262616647462","24.1804989010671","-0.985588929120453","-1.24405312442356","7.53308314946619","17.546269712514","30.8254376047419","13.838701148247","13.0301611362353","-1.35847551126994","-11.0582696179366","-38.5382182871903","49.0738525824483","-1.29394759634579","4.86652515076509","2.69566336957755","6.06351402987207","-0.359808708496018","3.01924651269078","3.81441942451566","8.88055394419878","2.6646473210161","-1.2842545257663","-0.153622231589026","11.0984155585203","-3.98546687274897","0.267762550620816","3.14043943608276","-13.9675322715096","-0.74745630944858","5.51097802059412","-1.72015237085384","-3.61511900831731","-4.19241534132514",
"Iceland","ISL","GDP per capita growth (annual %)","NY.GDP.PCAP.KD.ZG","","-2.00260736970593","6.32579364395215","8.33560901270359","7.94572539248597","5.45329257511193","6.92452416276636","-2.84062457172902","-6.7819870238112","1.44258861923021","6.89624782428504","12.150198031174","4.63445633923996","5.20631155528196","4.28580040668538","-0.632820672976109","4.91254750217661","8.01518324590818","5.19243465986897","3.83954643229265","4.63406747563735","3.08253419225461","0.798242254387077","-3.43818463724148","3.02744364387033","2.48243302554008","5.49486048295211","7.36317004635005","-1.64234779846751","-0.975500463843204","0.385665647091926","-1.37340662912069","-4.58053143553516","0.288501985344382","2.7146204899408","-0.425046357711153","3.93497728292948","3.29123631207055","5.87066560585339","2.64917861965515","3.4786164080938","2.46972063829026","-0.351156726983646","1.57552048232783","6.68188295274432","5.34851964990581","3.21994147028617","6.0245936124245","-0.174091518111624","-8.63377662571038","-2.0810114124051","1.07078538218349","0.632418770513922","2.6216677950663","0.786303524956651","2.69299660510147","4.7538797362384","1.08598544948268","1.89500637167048","-1.06147505075413","-8.14886563450268","3.47038527549633","6.15498049883465","4.03548776146962","-1.49818625875487","-0.242811566226194",
"Israel","ISR","GDP per capita growth (annual %)","NY.GDP.PCAP.KD.ZG","","7.59141753817025","4.9677781270975","6.69411239142244","3.75053242354049","5.25552907827107","-2.58810788331404","-1.35740451897821","13.8366598090146","10.644651751515","3.80739898876861","7.51661282018796","9.33220309544993","1.40004163809095","3.35471045705751","0.912011780230245","-1.89237188835205","-1.20185106255538","3.35244712372848","3.51474916836376","-0.741543863922303","3.26295140791169","0.183173325542626","1.49586787893961","-0.377291773724338","2.21819851636378","2.59057476501764","5.42312183773026","1.21878911953517","-1.1170815697204","4.04507932786228","1.43538012715297","4.09927945261595","1.38569533577682","4.68195858069014","3.79606672206604","3.10555612744525","1.05374124655664","1.74826481992427","0.691393466020145","5.75975072145897","-2.06538364198205","-2.14374381254724","-0.380427550574865","2.81588919584401","2.52905588156467","3.74082297657495","4.44151356230513","1.39829553388404","-1.17051223143478","3.63416912780745","3.58135753623301","0.536640391791892","2.16577109822916","1.74621551083156","0.230342851538737","2.50670443598923","2.34048587653075","2.06796927151525","1.62043641627767","-3.51878278661184","7.51180775977554","4.29299164027475","-0.958016586483481","-0.592650786473939","1.70485885012617",
"Italy","ITA","GDP per capita growth (annual %)","NY.GDP.PCAP.KD.ZG","","7.48641890077582","5.48747769783873","4.8420524157996","1.95553273107379","2.40204607900051","5.16416327048856","6.40567757031445","5.87359452902072","5.49917944596076","4.75500964865194","1.3442804073937","3.10348973748525","6.40180597096933","4.81201381648005","-2.673183899107","6.59231969028866","2.1258274871025","2.87293637771593","5.65322409090419","3.21717007582888","0.723232420822413","0.339224989639675","1.13249109531979","3.20278304793516","2.76838146298121","2.85436689178144","3.18143029577409","4.14404206747851","3.31086198546745","1.90043980216616","1.4681756454128","0.765807563298623","-0.913401690042861","2.13021550826906","2.88520231073102","1.31710619734164","1.87180969818361","1.7750842893435","1.66088992098732","3.83504714661416","1.94399983338882","0.0717374312631875","-0.472767256846353","0.721242547682493","0.176020373979568","1.3930148978998","0.846872548383672","-1.7836019705945","-5.85255775999181","1.0811087798198","0.347491108002188","-3.38984189684089","-2.01397031609169","-0.0164634913490715","1.03826511770654","1.42884453159633","1.79499729937032","1.03718514840632","0.678246830552865","-8.42323993924451","9.49416108466208","5.0334454866795","0.973187605594532","0.83691071221466","0.602806059262818",
"Jamaica","JAM","GDP per capita growth (annual %)","NY.GDP.PCAP.KD.ZG","","","","","","","","0.607398063662231","4.53893287802512","4.35896940237117","10.6879744964459","1.08394882292116","16.3092446080951","-6.91569437220451","-5.65732768743082","-1.64308411562342","-7.90742453057631","-3.77724966994352","-1.2072997278766","-2.21073067383951","-6.86422557719587","1.30983951006849","0.676546300868935","0.498067367545829","-2.83493397320355","-4.04925281880678","0.936567842364823","7.03155216927711","3.26671311953817","6.44098788781858","3.41413068657693","3.92158553110389","0.953437709168753","8.29096099965061","0.346954542208792","1.32934397119848","-1.07569221177816","-2.04782575477212","-3.16642937890479","0.265019143424567","0.181209199316882","0.704785923037818","1.37273149144548","3.03997803691765","0.732138408370318","0.33654893030193","2.36949906247872","0.952340641642138","-1.24242279776804","-4.74232025652036","-1.87206742708895","1.29087650393585","-1.04151903293869","0.111200802511547","0.327176684512608","0.605132259299552","2.49050959451111","2.08054717136154","2.35833186418979","1.69497447065874","-8.54632871499803","5.44605052451513","6.38449296229192","2.72311612642515","-0.51363387005874","0.155655214064467",
"Jordan","JOR","GDP per capita growth (annual %)","NY.GDP.PCAP.KD.ZG","","","","","","","","","","","","","","","","","","5.03578171507242","11.1244138843633","16.8607833341785","7.18849704860737","12.5767087498706","2.55382662419612","-6.47345529364696","-0.319725177301805","-7.05276724700148","0.752136656039994","-2.30153426988694","-3.15822686573277","-14.9024400633689","-7.77277478563077","-6.00185291540485","8.46165434064916","-0.807674227489954","0.0608321468423441","1.93929287053845","-1.24666808036031","0.569931792362951","0.658442073539661","1.19180638460763","2.10734677821824","3.12682361391062","3.57676471497929","1.88023738458034","5.97888573730083","5.50057037395855","1.4032017956127","1.84052436528847","4.72560086199398","2.88110685566487","0.453459698002902","0.384542795672388","0.964469841021028","-2.47848803296866","-6.07780868696074","-5.56577200216208","-2.59919514615272","0.22543046814485","-0.366596262740202","-0.144023848563009","-2.91147672323414","1.86634825216463","1.01339563047829","1.47963486739255","1.54706087079248","3.11393458304539",
"Japan","JPN","GDP per capita growth (annual %)","NY.GDP.PCAP.KD.ZG","","11.0440729898056","7.9017144608836","7.37985711585412","10.5207921451113","4.68644998353798","9.63235966134457","9.93883450707536","11.6174281852766","11.1486573492424","-0.75055313276728","2.42665235658168","6.90549972206989","6.52302359623155","-2.52983919980608","1.78783564199057","2.86677809798623","3.38468071450197","4.31828011494947","4.59476830692766","2.01041585712841","3.45297052119496","2.59830327632717","2.80545458217117","3.82668234087488","4.57674457528742","2.77792081039865","4.22704167358734","6.34159979566962","4.43969272110259","4.54527368671546","3.01204918490332","0.474423126913038","-0.839886380389586","0.711494680016983","2.10225244371884","2.84186991446948","1.12173981514334","-2.03919141803574","-0.529386093394294","2.80621328819454","0.0432610804393931","-0.147465639518501","1.16340717181257","2.07858049766911","1.83871609775319","1.48197527748053","1.61155135596718","-1.21447096036071","-5.92418744684731","4.11775410034667","-0.015331176425093","1.8114084396923","2.14453612740357","1.03990068136697","1.90806992390948","0.756497591794997","1.70668817770073","0.962163474855828","-0.168366879621402","-4.00127136367016","4.04163849701511","1.78240958675406","1.21286714128739","0.195469592184395","1.69235502736154",
"Kazakhstan","KAZ","GDP per capita growth (annual %)","NY.GDP.PCAP.KD.ZG","","","","","","","","","","","","","","","","","","","","","","","","","","","","","","","","-11.64152153699","-5.59517557101667","-8.89440884902913","-11.416894545868","-6.48128800058484","2.42544484330412","4.06306962919871","0.579278352126394","3.97519541542795","9.47962640033421","12.9575000867226","9.23105777770729","8.67044524900558","8.88930817801581","8.88963565884097","9.76786673957737","7.871783713981","2.23526924918258","0.0228479849101006","5.91730119035698","5.95764573473487","3.34601033412712","4.48819679131283","2.6806378826727","-0.299093532608879","-0.438395201172128","2.49076945691363","2.5560669084423","2.99405538115775","-3.86406094514987","2.91864170117744","1.70100297910589","3.57238732741942","3.66170013445029","5.21659445318726",
"Kenya","KEN","GDP per capita growth (annual %)","NY.GDP.PCAP.KD.ZG","","-11.1513604419023","5.34856718516423","4.63467589113695","0.922365577792576","-1.97317083215169","10.2453783737033","-0.658711109434691","3.79670171210267","3.80581664358147","-8.25406759214241","17.820065627684","13.0810040007777","2.30288023865035","0.600157426524987","-2.414863097742","-1.10989817440527","5.87941024320102","3.2950316756188","3.9502014523985","1.91506413946645","0.128998105818283","-2.06071312546143","-2.3251867559766","-1.91893717292913","0.569650556250821","3.40845945197678","2.26586113193359","2.52259696361155","1.0826542002969","0.668332502815062","-1.79555975482411","-3.79370437133613","-2.58233453633143","-0.304212273442516","1.4837374235438","1.31900626661266","-2.23366307984048","0.478811112143987","-0.603257549690113","-2.38610693277963","0.575576747494395","-2.56736280977373","-0.194798007216917","1.89113513278383","2.70244103195117","3.27715457506901","3.66978666216018","-2.7588645638462","0.232598394599862","4.96811299885232","2.26952218964762","1.87670753904403","1.26331129067221","2.59218353342239","2.65589352795405","1.93794795580835","1.60475183361922","3.52404781491717","3.07004769448449","-2.2103217118529","5.5651365159048","2.86281276489714","3.64425548577437","2.63137959665416","2.63289431353732",
"Kyrgyz Republic","KGZ","GDP per capita growth (annual %)","NY.GDP.PCAP.KD.ZG","","","","","","","","","","","","","","","","","","","","","","","","","","","","1.35340476387358","11.2196198960153","0.663560153242543","3.68716154101205","-9.43703056416022","-14.8256285785517","-15.4851015810132","-20.05492795056","-6.36503081112481","5.51161045842127","8.32417662505638","0.567335558764","2.12663575288255","4.19610604345162","4.3267567743611","-0.931486114215559","5.91391847989379","5.73937835827032","-1.29558825808593","2.00174444436951","7.51249331031009","7.37554930252675","1.53257250259469","-1.88093371727501","4.43705345314649","-1.95288116304553","8.51417444984632","1.75718622899099","1.56807607660568","2.04985149948004","2.55837834194257","1.54586820248004","2.28120088774463","-9.03157714073227","3.58776993335192","7.03042869604123","7.10119376613466","9.65363391447642","9.26239975435819",
"Cambodia","KHM","GDP per capita growth (annual %)","NY.GDP.PCAP.KD.ZG","","","","","","","","","","","","","","","","","7.275968294004","-7.65550610489709","8.76685381778104","-10.7242251782673","-7.68323347866135","-1.56091097708021","-2.79479261397917","0.731842330180569","1.18163587229544","1.22955640956965","-0.194040774515756","16.4857143191711","7.80089546974443","-0.345557696350568","-2.97044816189582","3.22292482028995","1.39521127525019","-1.98219850050883","-39.2029703307445","1.35412063704641","-1.77693528347505","-2.91199173422457","0.452139873018837","10.7982054875931","8.25832877301973","5.72566644409127","4.63862356700642","8.62974314019115","7.85639001144227","11.6637861428805","9.31792401297673","8.78143916559131","5.85728555368171","2.44674504763958","3.45435117133705","5.66993084409259","6.04756982656951","6.25691498312409","6.41109251902618","5.652931676093","6.34300627617029","6.59196495590379","7.43177030242717","6.58272364852731","-4.96368199399319","1.57862051550094","3.74000920039251","3.66847775428445","4.72405869487767","4.11461115788671",
"Kiribati","KIR","GDP per capita growth (annual %)","NY.GDP.PCAP.KD.ZG","","","","","","","","","","","","-4.19254845372087","9.96806226671605","18.8305764063351","44.3652243204659","5.74515935904168","-26.3746754393182","-3.98902759229337","1.73991919590301","-12.0375604991032","-2.65826509619578","4.46000443104766","-2.67718390403915","-11.2331589197365","12.0689799229037","-14.8945308033482","-4.70563420263738","-1.13888432551144","19.1509223564054","-9.47239431110648","-8.52138201391774","-7.51675774681516","21.9252039696882","-1.62446253702345","0.54048403061573","1.21789472563705","-1.73230175007257","-0.655302414292819","2.60111875998274","-5.53429931669956","4.95143441733177","-4.99043248812092","-0.673840916592098","-3.57269845860688","-2.58468567894897","-0.722362780004488","3.68079200082892","0.984244992784554","-4.98978666488051","-1.58315258146997","-0.857158610176697","1.45038004681834","4.26113729441184","6.26028947416073","-0.0428972459236832","9.84706076349215","5.58490832516883","2.16246551099044","1.89214544847405","1.77977627382882","-2.98712184016587","6.51730510856365","3.40476180750579","1.53004759659856","3.14886076984993","2.71735255722947",
"St. Kitts and Nevis","KNA","GDP per capita growth (annual %)","NY.GDP.PCAP.KD.ZG","","","","","","","","","","","","","","","","","","","4.24892115462106","8.05773991361625","8.90323754026024","1.90839875422859","0.940170202068046","1.65998003994439","9.43711188705959","9.16962852707064","11.5388956805806","7.24611269504145","9.98613814459146","6.26653183126851","5.7228684529764","-1.68474926558146","3.35471559982065","5.43720892471435","3.95570416288516","4.01375437413185","4.48268214386603","5.46861986409","-1.77595335466278","1.82436633230189","8.46930909930006","4.07351451919244","0.797218805613539","-4.25794420201746","3.68423412350383","9.44452895015881","2.85800106872907","0.305516416409375","11.0104297068936","-3.5715108939693","0.0951505914335229","1.52991480984264","-1.04787778946711","5.64641698929439","7.53127511202617","0.69841246781877","3.95919692482656","0.274193507101955","2.09466207201663","3.06102179372833","-15.1537081395497","0.597261391032816","10.6082200037537","2.91331421745427","0.130203089601792","2.51569342755708",
"Korea, Rep.","KOR","GDP per capita growth (annual %)","NY.GDP.PCAP.KD.ZG","","3.79440570333784","0.992381009299592","6.01596162533625","6.60187460075853","4.61994887637964","9.22678983088335","6.63225068306279","10.6259631681322","12.0261299748451","7.7868897300449","8.49146319087129","5.34195565986401","12.9594719615862","7.78693652931419","6.13128616568828","11.469240484049","10.6388743873152","9.39484451977266","7.09995907559107","-3.04707446533358","5.74110722342316","6.80481381279148","11.8063263631931","9.27971886036099","6.88128173232485","10.3993364703999","11.7855305378105","11.0405571742325","6.11028017233426","8.94633215523027","9.78296218320472","5.25214973420644","5.9133443470155","8.27690074725467","8.63726671625133","6.9664053263099","5.29022802019921","-5.62267154232035","10.8267064308936","8.29254041446951","3.92550900636917","7.12308072036979","2.54185039649609","4.7675860552671","4.13723386737684","4.6937077744137","5.30856236809566","2.22523680909987","0.302292304284919","6.44997750684229","2.89375816160189","2.00997301929048","2.82226288554209","2.5683693516693","2.37903405951899","2.76290075939411","3.14298545917306","2.72979572830845","1.95849636720857","-0.837051834035137","4.747751556973","2.92034561376229","1.50434142529414","1.92783227201599","1.13698114634992",
"Kuwait","KWT","GDP per capita growth (annual %)","NY.GDP.PCAP.KD.ZG","","","","","","","","","","","","0.118996333430687","-2.33946574912547","-12.0461650165501","-18.0770336525294","-17.5558265346701","-0.0728517532238584","-9.90946431104578","0.763158114760557","7.24255314037383","-23.7630883360282","-22.9514955811007","-15.9455962653042","2.87568996438094","0.825844853519484","-7.98202682465829","4.25928304119745","3.90699965176427","-13.4956518163269","21.1942464998563","-2.90644267442678","-26.4531088639358","51.1035091581689","31.0104104388079","8.94369840376427","3.78870129848272","-2.22845237949566","-0.819070755595845","0.479689867621317","-4.66954369474961","1.76596434147542","-2.45214152569666","0.421240897856848","14.5507976912199","7.81613775807561","6.67935670476243","1.6976352381691","-0.0585846444072189","-3.06795857769427","-11.8648164745831","-7.27588260300011","2.99936488052495","0.0983286715542846","-3.77371634598551","-3.83157244878866","-3.83270102171981","-1.43152053599024","-8.16879129164303","-1.26570110779524","-0.471027490632153","-3.90774915473197","2.59077518987651","1.43711284054184","-6.98656704450174","-2.35607712376698","3.40677373406191",
"Latin America & Caribbean (excluding high income)","LAC","GDP per capita growth (annual %)","NY.GDP.PCAP.KD.ZG","","3.10910957146979","1.6371953900158","-0.996423541010444","4.86665528576744","2.86313351729687","1.63865505587972","1.59174897251057","4.64310336196053","3.88677920266399","4.18312813455751","4.08059089313559","4.80259069012301","5.99393413856049","3.92916915032755","1.74231048821387","3.11961864187278","2.34550060929473","1.8011911225518","4.66973858152677","3.88022422594598","-1.22168389435767","-1.77846847116562","-4.486304499501","1.70078194241545","0.919628182322896","1.32823492073504","1.13647217296769","-1.43606417229149","-1.12069897246802","-2.16575061265092","1.17020726831316","0.368002383734492","2.35920143510482","3.26815655344251","-1.17027645131787","2.10586853784585","3.67146443765543","1.07209064125186","-1.21548945807169","2.09499534402097","-1.17318113404163","-1.29259723565207","0.774854802664066","4.26844497817049","2.876243572927","4.09874475410963","4.16353359183117","2.56976459128404","-3.55001396952508","5.25385794642037","3.28560554955506","1.34199639861183","1.64817928362572","0.0831961992979302","-0.916473326874495","-1.91455399237026","0.675953326545113","0.306496369053605","-0.604200706419533","-7.45498063570554","6.22639139854549","3.34251506658867","1.41171986859447","1.27349096665037","1.52280118586252",
"Lao PDR","LAO","GDP per capita growth (annual %)","NY.GDP.PCAP.KD.ZG","","","","","","","","","","","","","","","","","","","","","","","","","","2.20041867968716","1.97501637779287","-4.18795903851054","-4.77692163066391","10.9653509962859","3.7107564838131","1.40025340364474","2.6769238807299","3.07739171807499","5.36666889160745","4.42161502950582","4.46434380896963","4.66634480033544","2.06080647085234","5.4475157802012","4.03726532497247","4.02249661411516","4.23097600258968","4.44645858943204","4.81831567317876","5.50361623488958","6.91294627933061","5.94392449426221","6.19878841672832","5.90563851314371","6.94116593325336","6.48536557882839","6.49513527103458","6.51642199042166","6.13842534644749","5.71702901311374","5.36288912313843","5.2271106715724","4.60986171989208","3.86091278109465","-0.986715601107164","1.06109059992194","1.2697005231296","2.31116087572821","2.72532702600417","3.16696670840642",
"Lebanon","LBN","GDP per capita growth (annual %)","NY.GDP.PCAP.KD.ZG","","","","","","","","","","","","","","","","","","","","","","","","","","","","","","-43.604222947362","24.0733625704812","46.4438180749834","14.0004669448677","8.64130049009017","6.18337051477913","4.54238397048779","9.24362452355456","-0.755972338344009","1.85892264288059","-2.25536834554141","-0.39180673260141","2.12758024747754","1.99615029951745","1.81278345572235","4.96833961304041","1.106879785513","-0.16111039140597","7.21242419520836","7.27020382429338","8.75424197439401","6.92562408092621","-0.215990101752055","-0.172272058447192","-5.35004515636365","-7.26145145442744","-1.48529943559267","3.95420458700914","3.57185811074811","1.00112836973221","-3.87037166908469","-20.1290983815185","-7.25697163046323","-1.07782192621244","-1.25912842069158","-7.59953414966085","",
"Liberia","LBR","GDP per capita growth (annual %)","NY.GDP.PCAP.KD.ZG","","-0.0334695228826689","-1.137874897858","-0.256540918399494","2.53465906881772","2.16322002071381","5.00054026050971","4.06998547802893","2.13034683430966","4.58112959318333","3.96722494259858","2.29622343422935","1.53521119109597","-4.78156265209702","1.99814740649884","-6.04237452138808","2.48044600023634","-1.22831931578325","1.80544071156466","0.261464846117903","-6.90892261299831","-4.97453105198434","-5.20984958159201","-4.78531644502502","-5.08912309916768","-3.81849790569451","-4.57358206734597","-3.86332420722908","-4.8326704775878","-28.7338770009007","-44.5522515525438","-2.51326031798234","-38.7172836518678","-35.5462839014456","-21.5731868011574","-5.11507834003075","8.95052315118872","90.8322668507269","17.6689843112672","15.202396479117","23.9409230680701","-0.0567743363726407","1.09938923491595","-30.6993530292511","1.4054000654278","0.684612867093762","2.17024627280136","4.21343815918623","2.88473943454363","2.04180167202995","3.07117998186455","4.04086635073222","4.24345556941776","6.3241100027268","-1.37370786861489","-2.06002320038729","-3.54590251888713","0.48341831127135","-0.802290167584516","-4.38160849244818","-4.97470394166794","2.7936852774608","2.585058275666","2.40186206516404","1.8018710155725","2.84724354890147",
"Libya","LBY","GDP per capita growth (annual %)","NY.GDP.PCAP.KD.ZG","","5.45892663854784","27.110687982789","29.5493764317775","39.8407474907534","24.5740948385494","15.7029491475467","8.23393687320969","30.1222973365551","9.63443973890143","1.50901540936657","-8.39801719450381","5.56900319073159","-1.94413702049","16.2642535826649","-1.60871508404968","16.1219145495386","2.79738240827292","-2.4819010152931","2.84888754591661","-4.91683695828884","-23.5884476569466","-0.0445141284845363","-2.32002046932395","-6.41752616235081","4.850536737417","-13.970798357882","-17.0223039536607","4.83694511616169","4.60355383204396","1.33273690708428","13.1314809179703","-4.72396454559389","-5.64791556146643","0.0535526200486487","-3.91035223611419","0.484583325696249","3.60796474601293","-4.97934471333424","-0.74350237690841","1.97930843294741","-3.55569593532938","-2.84267783712218","10.7838721756603","2.32576943782377","9.53922388994984","4.3383026664543","4.06916207450483","-2.26034195363675","-6.37107364350932","2.90736772244718","-49.1278565212286","91.7813702690939","-19.6276937990081","-24.5110536856449","-2.43005265175647","-2.98083261952721","30.3950611263495","6.20327204937865","-12.4989174222368","-30.4001717408883","26.6853936559494","-9.42490206992071","8.96534736140164","0.859500182813605","12.1932042706465",
"St. Lucia","LCA","GDP per capita growth (annual %)","NY.GDP.PCAP.KD.ZG","","","","","","","","","","","","","","","","","","","8.69393579466634","2.29670884238544","-3.66480197615796","4.66426306858048","0.493096165460145","3.32262418483423","5.55782690783433","6.533818365779","12.5888676984323","2.37299183093911","12.4037815792638","7.77393613027191","8.81855434176092","-0.820743643335049","6.35455541558694","-0.892733394374474","0.0915392271761561","0.156865158765669","1.39827512027458","-2.08248177579216","4.83795668922615","1.34383057850798","-1.15852753925388","-4.38521361096242","-0.455758268918373","3.41053937654591","6.44252113072108","-1.13924471405971","5.43753454391749","1.01330265983917","4.29652830468692","-3.43582922693658","-0.278750187807233","3.78344996295867","-0.563683330885993","-2.26163327907432","0.880621538906311","-0.337052867572226","2.9915396739198","2.97179882236796","2.49445186760282","-1.38812466794819","-23.1552773828255","10.9773537968332","19.1727834727551","3.61564604076752","4.50136097495573","-0.797598585137095",
"Latin America & Caribbean","LCN","GDP per capita growth (annual %)","NY.GDP.PCAP.KD.ZG","","3.13329875661765","1.64843946464104","-0.628224032833302","4.56167576755287","2.77957555439023","2.03888119311841","1.59085013240676","4.41790795473349","3.92476399303379","3.98336422332702","4.07612846952017","4.38169908368489","5.39360419112242","3.58169730321052","1.20133362853103","3.10683754131031","2.55163814834727","2.09888466596921","4.76453691471963","3.9307273564044","-1.02412192075995","-2.20471910469597","-4.57191779924044","1.75055602953205","0.930740951759617","1.48396070344074","1.32003688989965","-1.15171374726475","-0.706073859148319","-2.03796144957407","1.29961825230444","0.852380031681861","2.45670037481396","3.26381491935588","-0.72607885471318","2.21287698834325","3.79529896850997","1.33000974740591","-0.98973153447713","2.12093116235033","-0.859343399602309","-1.11610981485492","0.898840652065601","4.40699756191363","2.84285836592404","4.01951163630008","4.06635917571647","2.50504470148563","-3.39134983502808","5.00192200748344","3.28266013948726","1.56308145761643","1.65694565560521","0.178576307110575","-0.735070167846246","-1.66359354962314","0.638987772497558","0.369053683682139","-0.494031203348314","-7.51392201082636","6.45960269873731","3.47347159273626","1.50609084727324","1.54941018109591","1.64506712959161",
"Least developed countries: UN classification","LDC","GDP per capita growth (annual %)","NY.GDP.PCAP.KD.ZG","","","4.95695076923239","-0.442448337621997","1.0504812344065","1.11709020923267","0.747715497355131","-1.51364237846686","2.43243182786124","0.672335669380814","-3.08630506511291","-0.599765794005435","-3.72717085484331","-0.389879039264684","2.87919843456783","-1.94934360223426","1.40517912902315","-0.426006118990472","-0.942787690911857","-0.774558945496764","-0.368541171026365","0.118547066313383","-1.51368155030663","-1.05364669033759","-0.337234856489914","-0.956546122018608","0.675387965133424","1.54849779987374","0.322958018720485","-0.78300320956032","-2.55692728741772","-0.63638395477939","-2.36320370201059","-3.29962185874126","-2.02629922851997","3.02239403571146","2.89062411269629","2.66695696431076","1.42240633826079","1.4563460043625","1.79499617264365","2.43023533533065","2.83006142991286","2.5675201194251","4.02051239880015","4.86113348716542","4.32398800776461","4.79655356478743","4.00725617528653","1.80111346268646","3.91781723057288","0.654044982597696","0.877019108362532","3.57990703971487","2.88284183709224","0.382324181252329","1.39043635024866","2.06655566027429","2.2146778862929","2.35952298459333","-2.53960624176722","0.393407486773057","2.37507352258028","0.724668923960621","1.51553582090563","1.93781088503502",
"Low income","LIC","GDP per capita growth (annual %)","NY.GDP.PCAP.KD.ZG","","","","","","","","","0.733234596878248","2.9017481483147","0.210152273656689","2.02709369148586","-0.913702052511667","-1.179322308991","2.95974640825152","-0.0196679278542433","0.655805136732752","0.171362118841145","-3.00699653054934","-2.14270882673189","0.20701332405919","0.98266091666585","-1.20556182129961","-1.13397577334341","-3.51256470766394","-2.01391633733486","-0.151695475257824","2.28520388327517","0.855088225167648","-2.80580395223875","-5.45724476159458","-1.19456722598066","-3.07678216157503","-2.00775418282673","-1.41335535720692","1.88495874527747","2.55375565302064","2.94239813861125","1.27676715286607","-0.303686540013132","0.417439066280778","1.90942998215795","2.32251982362757","1.32724226901857","3.41053948771426","3.6321452365585","2.66717903352365","3.15835735017933","2.55801915997731","0.850952858292175","4.15099188123347","-2.41374051871188","-5.73538975125484","1.49874983005746","1.26262212821391","-2.8754943779449","-0.834959518198602","0.404717055790655","0.656538288890957","1.03744548970491","-2.51518158181821","-0.699201762207338","1.0301694567531","-1.48362052748851","0.639358003147834","2.54539024773865",
"Liechtenstein","LIE","GDP per capita growth (annual %)","NY.GDP.PCAP.KD.ZG","","","","","","","","","","","","-0.495955811105787","-0.774663752726894","-1.24453356444118","-1.21814703805616","-0.0148802519785391","3.83553475210907","3.11284891993084","2.30588058892943","2.51808518091127","5.01736631620471","4.1575076485417","-3.77157928320604","-0.187516370991148","3.69754367979189","5.89771060979822","2.62544978263597","7.96631192106287","4.15595319656742","3.13034591354382","0.740886089334552","0.173550269524853","2.14651010516232","2.73013933393034","5.52987892332438","4.82284964561106","6.01996481773229","6.54193167078098","6.27762286609592","8.51597144502081","1.87954790344263","-2.37488109909029","-2.46311446328741","-3.04540410833893","1.93839655413686","3.90506605911179","7.76432322419438","2.66666052628214","1.19257451932671","-1.90138748845943","","","","","","","","","","","","","","","","",
"Sri Lanka","LKA","GDP per capita growth (annual %)","NY.GDP.PCAP.KD.ZG","","","1.31684935466225","0.0385451735382105","1.38658457867882","0.0614065526938816","2.5168468060145","3.89912774670147","3.28806657061432","5.22632068999272","1.53719343899532","-0.830304681389464","-2.41090738265247","4.99418032556585","1.93544022874815","4.22058788193911","1.47923805394234","3.21093170185758","3.72862853415788","4.436819744698","3.93298170104177","3.93938437260206","2.86649436646923","4.1177167940284","4.73797301331066","4.30841930856924","3.11437891706746","0.541198280744652","1.43993563419296","1.22940123040433","5.72394612528907","3.81973572214518","2.75390592994462","5.10038391966494","4.07265463723363","3.76841651865469","1.8233928834009","4.40430271746983","2.74023742948491","2.38061253046646","4.0862744786218","-3.08904716018746","2.8865391549469","5.16625254648899","4.7307209819853","5.56425373682754","6.94942271248222","6.06651827130165","5.24732975759279","2.90511614609032","7.38142864786508","7.99726895684675","7.80902906885484","7.00602738731078","5.38986888014487","3.25185230614606","3.86979649874351","5.24982935126125","1.28556702923734","-0.829146715016009","-5.12926234565826","3.09278196849438","-7.4536189792008","-1.3887411620843","5.57208772426132","5.72529222294247",
"Lower middle income","LMC","GDP per capita growth (annual %)","NY.GDP.PCAP.KD.ZG","","0.577031580117236","1.57552331637237","3.33045417729892","4.67836178860006","-0.45673688746858","-1.26908574329137","-1.03010981850505","1.63096977457324","5.02448026966735","5.08833292176298","2.10736939048519","-0.955418835572601","1.83166131357773","2.23595566753347","0.70412919691239","2.80895580852902","3.15018968102412","0.909997470808037","-1.69614065168381","1.66949429882224","-1.25237383687046","-0.598540104583776","-1.17426325431579","1.20453846733994","2.18472823739373","1.44193103719303","1.13077746696364","4.32137172545777","-0.0734428414418318","2.74911385306029","0.233714872459174","1.39794737204961","-0.451411905848275","1.14013234007938","2.66068162206142","3.79041724807129","1.69334168559033","2.48895429232248","2.9023207684947","1.90033072604056","2.30026443293355","1.87764140826583","3.43957738789112","5.50989583446044","4.94967795962961","5.27733489682809","5.07154476441154","2.7299803510995","4.15531727838197","4.72954757678959","2.90528136123021","3.30567258813545","3.81982808278904","4.12220607805614","3.95084742578062","3.45160226052911","3.29774162959086","3.45419308120363","2.00945609250778","-5.501062831688","5.44455962162343","4.95053596702628","3.92410899722798","4.01364070640402","4.59818922400088",
"Low & middle income","LMY","GDP per capita growth (annual %)","NY.GDP.PCAP.KD.ZG","","-0.385290180256632","1.64168612681776","2.19111572646239","5.30084092476046","3.47201284565102","2.23545457021446","0.666924859757628","3.50659794061055","5.32751733912558","5.25902606194177","3.48183020584416","3.54913869242093","4.36003957819429","3.53825932929345","1.95218323531667","3.99955676169661","2.43144171669137","1.50923462588761","2.33949308828029","2.40975277333885","-0.233542566060777","0.665387246985148","-0.715126088468693","2.47459838675394","2.22858789284255","1.54634837202086","2.46142252134003","1.98024564044992","0.720976616230388","1.05966806812911","0.965218017807786","2.31322437998061","3.04811223747139","3.21159876856044","2.79487053171128","4.36870269374113","3.89556649454161","1.57852082888701","1.92725637607791","3.89377820786937","2.0726338728676","3.11254091350534","4.24892606305704","6.19343319148011","5.84872443481275","6.69634826930441","7.32810061177256","4.46823188885921","2.52296746808958","6.60198286407984","4.8633084945013","4.01801737191268","4.16747281760148","3.72151341186479","3.29106215208836","3.30715564605583","3.9208071852632","3.62729024158838","2.8517222638573","-2.26761076460159","6.26231382141904","3.01752669811273","3.64154019809749","3.36529396809169","3.47520835449863",
"Lesotho","LSO","GDP per capita growth (annual %)","NY.GDP.PCAP.KD.ZG","","-1.13198629168232","11.9403703211041","7.37932648009554","5.11048794058154","-0.794535884595675","-3.54287112508291","7.0152581777628","-3.9529810564847","-2.07736836661826","-1.43886797141862","1.4343007037433","-3.65226671969542","22.0934666602339","7.21995002858708","-16.4511267325274","7.54268485529079","18.3385218042602","14.9941714608236","-0.0380445167258614","-5.53495631975296","-2.19449272103662","1.46776133251802","-0.917132307576523","2.5557662771063","-0.25717695813087","2.06110283000073","-1.47316355235876","6.32662578704914","3.67419823598037","4.03788867674339","5.06906633065643","5.19238547462368","1.95754937004924","4.55519517771128","2.03489246937004","4.4737795209935","2.88404384128545","1.0335881718662","0.215961480049515","3.84034989034289","3.71996350434441","1.0355999970419","5.06649512855877","2.41103579960742","4.42249766024187","4.65948787654852","3.75025688346649","4.81119838923493","-1.96870088552072","4.45925951436652","3.69398595274109","5.27066659627468","0.696148188602265","0.557309193389017","1.92251059472272","2.35363981271321","-4.33655999292874","-2.67593907523207","-2.56925986092637","-9.23727005298078","1.09935782526551","1.28745564005285","0.578518284725888","4.0567836183363","0.864833753647872",
"Late-demographic dividend","LTE","GDP per capita growth (annual %)","NY.GDP.PCAP.KD.ZG","","-3.89286262106504","1.65243789419836","1.78026903822001","4.8529139961859","4.32833533677255","5.15711420314319","-0.516135040179421","2.81076439150463","7.42378564150962","8.27177732043187","6.0009685931838","5.57104611013143","7.58425436507079","2.96769550257355","2.5562780528353","4.90111687966738","4.74355921950603","5.09819504484641","6.21166779360026","5.79631665568819","-1.26421271943971","0.394882456074768","0.258927685208832","6.30033464712416","5.70419131806436","4.21610521516391","4.80809048574291","3.52814420976402","3.19128824241233","-1.10494866769271","-0.754913676043984","-0.375622336908293","3.18572732579932","3.35185932709885","4.59973858805816","4.0727149630206","4.6332658698299","1.92228451995371","3.7636306324049","6.18965954214352","4.43150673085364","5.33306620407585","6.18456807851109","7.52274408907591","7.12130302429937","8.60120094354617","9.49603074797787","6.26534007350021","3.10637215188167","7.40838417839808","6.50214753502176","5.1117519714912","4.88507730959265","4.52281290830467","4.0131640063116","3.77298749406765","4.57020741359528","4.86661405428367","4.27160406449451","-0.0794028018832478","7.40961972079273","3.12653946173087","4.32054638951722","4.4096510939122","4.38387890823684",
"Lithuania","LTU","GDP per capita growth (annual %)","NY.GDP.PCAP.KD.ZG","","","","","","","","","","","","","","","","","","","","","","","","","","","","","","","","-5.8359894713997","-21.1734209929655","-15.8287445378855","-9.13764799897228","4.08820306754897","5.82855284120009","9.10266047464678","8.24426426596885","-0.392806939052534","4.14861792867285","7.36519017903279","7.57999763692278","11.4535417783581","7.70478467031737","9.50010821862925","9.12367697158992","12.4053451378162","3.66012476803633","-13.8877568111501","2.5553360476174","8.75223892258067","5.74397608423232","5.026825169489","4.62035286553186","3.75632420325671","3.87744054624235","5.88872606993294","5.79066548228593","4.97938353929399","0.068446214406265","6.47017052787757","1.62367298622554","-0.661828593386076","2.43472538512522","2.90240527639017",
"Luxembourg","LUX","GDP per capita growth (annual %)","NY.GDP.PCAP.KD.ZG","","2.88784501937471","0.124675881347613","2.36993264268264","6.66457369188829","-1.85783778746865","0.380675530090869","-0.112344233324009","3.91864806967364","9.43521169998165","1.25859336679721","1.69279412494301","5.31293034792664","7.12276127952821","2.86230496489159","-7.58647500718254","2.02809839168","1.39353608474609","3.88839150287453","2.10614478235669","0.482545641627581","-0.843670741085077","1.04829410444228","2.96175904709852","6.07785065588043","2.59324137162234","9.49157794068829","3.27946688761725","7.67910552923674","8.73531185743595","4.0098091281165","7.19840917682171","0.47607932573797","2.81121638174471","2.41663025841494","0.0173001720448696","0.0272531331361421","4.10653520924865","5.35552415489973","6.72491018337327","5.51037466267064","1.85449582849829","2.14948280766399","1.37976654261331","2.75969290542125","0.926401620733969","4.33902205420004","6.4418869874232","-2.0685335435922","-5.01426169873878","1.88353964502777","-1.17681027678633","-0.762369570929096","0.814549354349651","0.232566751606214","-0.116861972397984","2.73979183520059","-1.11617956345307","-0.329837078615427","0.752175646219683","-2.15417448261604","5.31842935090185","-3.07197222288745","-1.90231135782022","-1.2100359658708","-0.820922037442116",
"Latvia","LVA","GDP per capita growth (annual %)","NY.GDP.PCAP.KD.ZG","","","","","","","","","","","","","","","","","","","","","","","","","","","","","","","","-12.1807176161305","-31.1775188260544","-3.09071176948856","3.91478809416456","0.477694090085151","3.45875626105796","10.2650977955077","7.5594343825196","3.65872177157615","6.86619861333267","7.8444195658347","8.92368151151518","9.48207219023105","9.91817299610062","12.8279409524173","13.8646922612695","11.3194013044585","-2.36803650613602","-14.6423127971401","-1.63514379125596","4.92957999064132","8.64449958601972","3.19545170389934","3.06097381676449","4.63645212679371","3.49318640044002","4.31935869681359","5.12560422080688","1.37774612596324","-2.78996380720736","7.8481957927218","2.18545852350196","-1.16914941176928","0.904976236094242","3.1515721924612",
"Macao SAR, China","MAC","GDP per capita growth (annual %)","NY.GDP.PCAP.KD.ZG","","","","","","","","","","","","","","","","","","","","","","","","4.03826085658743","3.26328238090299","-1.64956759902613","4.40648756356335","10.2705133133387","4.68908712590039","2.08513003397175","4.80404528415188","-1.26343647651237","7.41865020859342","1.5978540685098","0.890556383729319","0.141466174619325","-1.8112485513828","-0.804714039124292","-5.70097432319105","-3.52370954037654","4.96128697751081","2.1057298683224","7.78694490504645","10.3346413302596","23.5454528451709","3.78678679303218","7.61914824490131","9.64668162095835","-0.393635324657993","2.37763323141643","24.6371741633376","18.8340221202044","5.6980527343963","6.28976356008269","-6.73432773895128","-24.3342148018188","-2.16245351057516","10.6136017665803","4.66426775869004","-4.36234107753577","-55.2935602758164","22.9825542159725","-18.3347299128809","74.9210250474262","6.56231424335874","4.83893143027348",
"St. Martin (French part)","MAF","GDP per capita growth (annual %)","NY.GDP.PCAP.KD.ZG","","","","","","","","","","","","","","","","","","","","","","","","","","","","","","","","","","","","","","","","","","","","","","","","","","","","","","","","1.21892477722176","5.54794889038332","-7.15585200915483","-5.8923641662807","11.9233703264347","-5.67034471115365","11.2897229582813","","","","",
"Morocco","MAR","GDP per capita growth (annual %)","NY.GDP.PCAP.KD.ZG","","","","","","","","7.0839118825957","6.95381786169247","5.49112338641224","1.92169489358156","2.85804891072934","-0.103994570705652","1.02792973594954","3.04316664113762","5.0134950017876","8.16792587955295","3.40082701337403","-0.388806819299518","2.08718681054781","0.906508824253734","-4.35702244931034","6.09558534032797","-1.22675307289562","3.78166646169767","3.50437639960224","6.90663147405301","-2.29599450642142","9.74037643742669","0.9507648054133","1.55138144572757","5.37416537843612","-3.71287726230331","-2.3082713662061","8.93493014775943","-6.85093735561554","10.6261769917233","-3.05848049935375","5.6191020810503","0.193527268702582","1.11923449171742","6.22462901700752","2.33486055707684","4.79759279351288","3.20713471239438","1.78494971981462","6.31205425044466","2.03302704420354","4.24978033517071","2.34392549842086","2.07976488720576","4.06561020586629","1.66384638357194","2.7578648778037","1.43852495314533","3.10634719191513","-0.693616602037565","3.78371209116371","1.91410663270995","1.81642055572905","-8.13866950405836","7.0606299574828","0.779078150413596","2.58793464682357","2.77494467917541","3.63054771517801",
"Monaco","MCO","GDP per capita growth (annual %)","NY.GDP.PCAP.KD.ZG","","","","","","","","","","","","3.74229599197595","3.44448786326264","5.66127628854424","3.79977999896775","-2.00174537960469","2.81894319399755","2.06337488235428","2.65632976497696","2.42925487680787","0.823144359145871","0.290065073128503","1.43634867918163","-0.249118008842842","0.0672540922531368","0.381187157653301","1.17756469659412","1.25598438971197","3.42199452816291","3.11454387457653","1.71703258668268","0.134442109756321","0.506793651306438","-1.70632831575767","1.43699365480825","1.36118434819619","0.386629436841616","1.51661744831787","2.84889260369977","2.84475445173365","3.76615473587731","2.21292868129454","1.10439722287524","1.23741613461443","2.68299142149206","2.20227083533935","6.32268952424462","15.2283004153469","0.750035773265338","-12.7834725197235","-0.393849531303786","4.5537743299959","-1.21400229828895","7.3019059415093","5.1665902777315","3.11510490897003","1.57423975069067","-4.23891093966274","4.37923997124996","7.24738037567747","-13.1045741376188","20.7188673661029","10.1116479795959","5.37628226810594","9.42342942977361","",
"Moldova","MDA","GDP per capita growth (annual %)","NY.GDP.PCAP.KD.ZG","","","","","","","","","","","","","","","","","","","","","","","","","","","","","","","","-16.1029448311885","-29.0857055867621","-1.0340366120968","-30.6852291224891","-0.947765202549817","-5.68841796095853","2.02368735233713","-6.50442976428336","-3.21641326739017","2.31558560482232","6.33753269392803","8.04993224916466","6.90061128351323","7.66608705336095","7.76188624467986","5.09166801572276","3.238946835622","8.00539195483559","-5.88123771461969","7.20697461136707","5.87938512338968","-0.576700868382531","9.0730755766005","5.06366581042911","0.429158887977096","5.87017576429136","5.99041199822246","5.92036718190722","5.22280984962049","-7.26326976771907","15.6557976122015","-2.11552607964038","4.1058113116506","2.58624390238423","4.22916834786508",
"Madagascar","MDG","GDP per capita growth (annual %)","NY.GDP.PCAP.KD.ZG","","-0.579906019084788","-0.350066309250664","-3.45826207581229","1.30970531262919","-3.00552823602152","-0.586251504216776","2.73910727116724","3.94895392566283","0.870595035237855","2.32128431196526","0.950700358994155","-4.14091337668356","-5.47322930068657","-1.00423993514346","-1.74544311116303","-5.95479912094","-0.691255504288236","-5.57446503036428","6.56417098315396","-2.05648173389217","-12.4535916174408","-4.76016813093069","-2.02532835429476","-1.16680579675797","-1.7387065668684","-0.923938491308903","-1.66814871886039","0.476736577625942","1.09146543915431","0.129377410638895","-9.06534604960984","-1.81843433556932","-0.967365507883727","-3.10023435072759","-1.48672600372494","-1.08018694336826","0.372555082381069","0.572337045613963","1.35457204239148","1.19450196549229","2.76590524360817","-14.9882005086862","6.61414736438235","2.23191685103676","1.7317720668288","2.34726337803239","2.65309950729227","3.62579150838536","-6.7569485520622","-2.26580252727942","-1.26548226968092","0.20064094160324","-0.444341802421619","0.605710119846222","0.445748708056158","1.31063593376801","1.26236994297058","0.542519018708518","1.73013722889858","-9.49182579621846","2.05115869903585","1.58457442932567","1.6960181482163","1.81300227228203","0.562138075333138",
"Maldives","MDV","GDP per capita growth (annual %)","NY.GDP.PCAP.KD.ZG","","","","","","","","","","","","2.04691010957066","-0.651581794673064","-1.42083390072185","2.66535722217573","-10.6755651698573","-2.37909946155953","8.02674605503744","11.5789031825195","7.76510253033527","15.3537989289037","8.66818827827286","-5.68318257439564","13.144280936941","23.4610602981758","11.7921658983926","5.60334053159693","5.08899392546991","5.15162683111383","5.88589945390706","13.2974405956587","-1.63819444838322","3.65640861252177","2.82349343554151","5.19860772460727","10.4205369646215","5.51602988994901","6.22760939649747","5.51760973174864","4.3810051908541","2.14940822069896","-5.53403935759995","5.48472446317076","11.879734886166","4.19516512399211","-12.6312667876355","20.7066430063115","3.62432861281428","5.18657527149283","-11.5265024869526","3.08074681818198","5.0911686527859","-1.08988000428648","3.43150186988382","4.32797689766733","0.341527920426657","2.73896015037067","3.57472677178792","5.16982903680598","3.71535274800274","-34.8311671109222","33.7685588624398","12.0990628027296","4.56618167112615","3.14046759606626","5.93419190830417",
"Middle East, North Africa, Afghanistan & Pakistan","MEA","GDP per capita growth (annual %)","NY.GDP.PCAP.KD.ZG","","3.43119433148003","2.70205357291661","7.64875505595543","6.652989305053","8.82017794229183","3.76509998337788","4.75348322611993","9.16455256312192","7.32485573275518","14.1251905067656","5.95779519633122","10.4421272033569","8.0125724289625","5.60862036095111","-2.81365433305436","10.425847556875","0.668694871609901","-3.24972521038084","2.38479709708623","-1.70170884706245","-2.6051325208099","-4.34585154247","-3.5247473058421","-3.04999386261615","-2.57083377015171","-4.57007262197912","-2.10852375238035","-0.764018596346546","0.783526024822351","4.99479103436667","-0.630108230991993","3.24892016785827","-0.315206971630118","0.446186401213851","0.657983921153345","2.55242300942615","1.66098516737895","1.70481770014955","0.368744518149938","3.9110280120356","-0.346326827365914","-0.174500898399629","2.22820316525755","5.4181925442502","2.80604984175461","3.46428801476092","2.75451918134952","1.94300223164741","-1.22853059312369","2.60728618376078","1.52697140309841","1.97002219417845","0.19668763546899","1.05765959461645","0.769254744026199","2.61313274873265","0.392186775879551","0.793973736056614","-0.108430427791035","-5.30250517107758","3.50154983313058","4.43975563340516","0.309531781719485","0.394120504907065","0.902149208958633",
"Mexico","MEX","GDP per capita growth (annual %)","NY.GDP.PCAP.KD.ZG","","1.7701917694359","1.35006650642337","4.6440035154278","8.29429095834888","3.62109187320065","2.63807045804295","2.41168021730715","5.89118219634901","0.131429927580754","3.18729327491707","0.599648629534883","4.98854344733381","4.68903830009573","2.72668136370025","2.76437782991901","1.55395269847907","0.631197756819006","6.11197419756868","6.90793014188141","6.08786612398586","7.05382554663818","-2.23660397455552","-6.66225018314198","1.35095056837716","-0.167653630041542","-5.86454491938434","0.03740353614306","-0.761612937777471","1.64641971230517","3.25104891064525","1.99270147824622","1.6256225611147","0.978743803735597","2.51651622705648","-7.570493728271","4.39127291010242","5.4105352178055","4.45852674996333","1.12511671046124","3.42140514214798","-1.9162965888934","-1.66063053524651","-0.219450145073267","2.16106231298699","0.745413240991311","3.39577676474912","0.650788705758472","-0.519889915451088","-7.65517174021555","3.47084287436401","1.99026327309548","2.15731830473833","-0.447810747405228","1.27091421020926","1.6097101105377","0.790955203187124","0.923425371780112","1.01136623366224","-1.33462177697962","-9.10287155806593","5.34306680540892","2.93163504610845","2.21143135142616","0.482180650417988","-0.26591634448161",
"Marshall Islands","MHL","GDP per capita growth (annual %)","NY.GDP.PCAP.KD.ZG","","","","","","","","","","","","-1.35058161100996","-1.5555883542245","30.7137567376963","12.0634942615185","-3.22228561039239","-2.85887539068503","-0.818190483858245","2.3131892497329","-1.05532721703746","-10.3194752678733","2.30431475441186","0.49948967620989","10.816144514646","-0.29560451730994","-9.97363489636767","19.7080205625138","5.23328202614395","3.98646518177495","-4.54482102930189","0.276656023957813","-1.97466653136802","5.2469534025757","4.41929617158642","4.50407458142885","6.97121573201034","-11.2390062062195","-7.36490438950175","-1.58910018917851","-2.28792384194793","1.43606867628043","6.05783765607725","3.02717549564456","-1.96961874271634","-0.700644285464008","1.56552229029398","0.0102519719929859","3.60283982880377","-7.5574639701523","3.68716247105003","5.48848970412462","-0.239905288671963","-0.35386854623583","5.32061452634225","0.495281427303354","3.96521735177255","4.84812588584671","6.18444127953049","8.38496134170197","13.6597363046024","0.18904949035759","5.4661699940084","2.49567331790566","-2.34904444306297","6.82066577422408","5.85210372629017",
"Middle income","MIC","GDP per capita growth (annual %)","NY.GDP.PCAP.KD.ZG","","-0.17930259898435","1.39248968775145","2.30945065734647","5.59085660923601","3.5732206963439","2.29637382734778","0.709402564823989","3.61003953774927","5.41522152788627","5.43299297276998","3.53360876275354","3.6958622903423","4.53660428529727","3.56962040912055","2.02475376661049","4.11296585372875","2.51158584929551","1.65775189803226","2.48552195968266","2.46934335584778","-0.270638859174781","0.721882185449047","-0.680237846012716","2.65465159452648","2.35761473585762","1.60990532974306","2.49209692045487","2.03402262236357","0.831814370802689","1.22731515095562","1.04960399293073","2.49515242554924","3.23780518409231","3.37997463586032","2.8802888083622","4.48067872507852","3.98663190908601","1.657237859087","2.05111795550191","4.03891509636125","2.15252939833701","3.22615304228515","4.41466573198441","6.35281960890003","6.00134831362753","6.89721550699329","7.53295109160061","4.62145767534805","2.67076962779267","6.77116331239394","5.12776195278828","4.31416292239368","4.31643919815595","3.86400180741549","3.50412437515068","3.49896351822166","4.11441470064922","3.82603227870828","3.04534597960439","-2.09977802467874","6.55056171359863","3.2282771988063","3.90854895831414","3.59614598545868","3.68244523665442",
"North Macedonia","MKD","GDP per capita growth (annual %)","NY.GDP.PCAP.KD.ZG","","","","","","","","","","","","","","","","","","","","","","","","","","","","","","","","-5.81959155370519","-5.4862400516152","-6.28574163754088","-1.05867357276367","-1.40506990392927","0.480270787981112","2.23672096612285","2.83010081232176","3.84147389382692","4.07405080631071","-3.47368322147879","2.23345659919198","2.09282245300516","5.01357406752894","5.29102012277241","5.71920223477417","7.08313931163076","6.08402471253315","0.287981674208055","4.02171749784563","2.81001401364465","-0.0653472343038857","3.30559670350297","3.90792755780767","4.13429050530651","3.1782257470099","1.48936718625188","3.40375411089484","4.61869501137757","-3.65436823824773","5.59213007924724","3.06193588427661","2.77356173391705","3.18889944421623","3.6831388072964",
"Mali","MLI","GDP per capita growth (annual %)","NY.GDP.PCAP.KD.ZG","","","","","","","","","2.13866214178948","-1.30587923636728","4.46675944738529","0.937140810577588","4.11717113457735","-3.14874009269849","-3.26394709933854","9.63613550505329","11.6040006688889","4.39894121748179","-3.35350626705889","8.21605866707178","-6.29825711883754","0.0928805017584864","-10.36010707755","-4.41969916649023","-4.87310209510017","10.9472402980667","-2.58442127884273","-2.48484006129192","8.88871132863245","1.68486343159731","-7.1334325326944","10.442564245501","-6.95383565800635","2.19547279302358","3.34314408169278","-1.43053165192022","4.09767423199625","1.7818283254516","3.98606276092231","1.8349719976208","-3.58595570324812","12.37556659827","-0.115608873309398","6.36163328005934","-1.75582979330909","-0.765580835079675","0.343315236766117","-1.53137745711133","0.288268761584348","2.07458358714914","2.20222024826431","-0.338811372741219","-3.9193056742574","0.317423676450176","3.18909645735663","2.96620762301546","2.70047363998611","2.06891771151898","1.64097526437071","1.8782927302578","-4.10679845683099","-0.00652431025741862","0.62881217345263","1.69413019181073","1.97282059454264","2.58125250732783",
"Malta","MLT","GDP per capita growth (annual %)","NY.GDP.PCAP.KD.ZG","","","","","","","","","","","","2.43707025687492","5.92581117846879","4.23229500659397","10.110734170729","18.6852567559249","16.4231524641836","11.7470838741013","10.0100609634794","9.37649278639732","5.93304998185849","2.55485545283638","0.113836738273918","-2.00341492392343","0.921302662423145","0.798852022720212","2.16379569866581","3.39606460305863","7.52775697211001","7.13131154020617","5.25659773464982","3.43102812503049","3.61645005135243","3.44243526831163","4.66759489321016","5.60370996346884","3.09824396787577","4.4634101286812","4.44456861855889","4.10096799472961","18.9114915732227","-1.49983029433655","1.97804075587469","3.01352426839672","-0.264750389042717","2.22751927185199","1.96401854578517","4.67072002776783","3.73344898701311","-2.13584241113088","5.6770056257412","0.565202154513315","3.16977888017695","5.09582254051386","5.47839291832402","6.97062709797696","1.72282160938224","9.92374329605097","3.4685156198008","-0.0478839092805288","-5.62564948135554","12.7690777878809","0.0887619384696023","6.30394245289163","3.20663453457261","2.01451484227326",
"Myanmar","MMR","GDP per capita growth (annual %)","NY.GDP.PCAP.KD.ZG","","-1.70125940573504","1.82156023927051","10.8654054640746","-7.97103480675398","8.22108185350304","-6.98588586231605","-8.0356026632986","9.54462086358399","0.978225674449007","2.63250172803984","1.82995051871539","0.197812382628882","-3.00859215295391","3.30736594618683","2.15640116972497","4.07235741457264","3.93449077194339","4.46225115146774","3.18877059262354","5.88985920930025","4.37186576967967","3.6923227411598","2.37305040843225","2.77967184934921","0.819094329655073","-2.89236375381986","-5.66584751248742","-12.7977113793946","2.0725130117562","1.26080181285046","-2.06950928482055","8.17152631473792","4.62881857490504","6.06541834448598","5.56695024355048","5.08730337678504","4.31262080345346","4.55299760975552","9.63242064027712","12.482374612359","10.1756123569494","10.9072271265814","12.7839447542935","12.5957538910265","12.6841326603106","12.2555240244746","11.2004378218927","9.64981113277751","9.93736426370333","8.82058943535873","4.74658078594661","6.43324807639843","7.50873881521075","7.27568618509038","6.13960007817474","5.02652118853597","5.31957403505668","5.50179746363222","5.83309474734135","-9.69306034482335","-12.627100008178","3.32202841461704","0.255328677987336","-1.63760945284048","-2.63809868547972",
"Middle East, North Africa, Afghanistan & Pakistan (excluding high income)","MNA","GDP per capita growth (annual %)","NY.GDP.PCAP.KD.ZG","","1.14254357754804","0.0173353040614472","8.35065701776976","7.30141601444079","9.28176154802381","4.29512419527718","4.64543538946775","9.35171114372213","7.98992952709831","5.73071729275982","2.72919403334217","8.89897620622102","2.58664250081064","4.42679088636847","0.172233802665374","11.798961426759","-1.26732808638019","-4.70415745841679","-3.4410016816783","-6.20685201861201","-4.4162225181658","7.56661677879347","1.54022234002413","-2.94176541020664","1.13544993275316","-4.75986722812149","-1.99326656805317","-1.15272187546648","-0.15422021771964","6.15337802761296","-1.58863920740046","2.1245182854455","-1.14146403572721","-0.254089495578015","0.475834831851984","3.46470764230374","1.07576916774248","2.99970104918155","1.83831412206466","3.42001756033771","0.665842733741769","1.06807395815372","0.442027108891835","5.28911799265171","2.59788728155728","3.03114425458226","3.5364271010537","1.25276421448586","0.588157631759898","2.58916335205174","-2.43549487284585","1.50106616098311","-0.787355063059366","0.525851959768602","-0.601384882987574","3.84829461792189","1.6816842383211","0.314341379714136","-0.39907077607802","-4.31298527755949","2.56573421195382","2.56623046300963","1.12206421514816","0.522275386145267","0.343268739466239",
"Montenegro","MNE","GDP per capita growth (annual %)","NY.GDP.PCAP.KD.ZG","","","","","","","","","","","","","","","","","","","","","","","","","","","","","","","","","","","","","","","5.22074876876175","-9.1516675429089","3.27911575775674","0.693869613179103","1.49637251756793","2.07441348286153","4.24115518507786","4.02660240456581","8.43155589607736","6.98968425407895","6.70904934455439","-6.19590190743681","2.58744435496348","3.25692677248162","-2.65570357284696","3.1920026066844","2.18041940678877","2.37419874424694","3.32318817615919","3.11297073146422","4.65668340285264","4.34144828521134","-14.970505034482","13.3242405343679","7.99214069071184","6.48895040768953","3.16476067540844","2.809847957069",
"Mongolia","MNG","GDP per capita growth (annual %)","NY.GDP.PCAP.KD.ZG","","","","","","","","","","","","","","","","","","","","","","","5.76266258481817","3.30386953668207","3.37560937348364","3.11807065114324","6.63080430454544","0.807482244578523","2.39857131601262","1.83081028356773","-2.00927357459601","-11.5032310198363","-9.35893880867637","-3.04982824808563","1.00243035352044","4.67675252336375","0.671279562919665","2.43497398038362","1.9142707948799","1.62700695420628","-0.187391049653314","1.69858502304278","3.39545599901953","5.65230856172873","9.38888056764907","6.06987814990435","7.25546356240756","8.77843828826261","7.19669912596376","-3.02646374326369","4.52004039651671","15.2830434931644","10.2081460867694","9.36487841658389","5.5513088464518","0.223539088154311","-0.547071462431205","3.6220070103727","5.75427016552706","3.67988421239794","-6.26542378289111","-0.0614212834574062","3.50307766866899","5.95952333228973","3.82045181254634","5.52100531357551",
"Northern Mariana Islands","MNP","GDP per capita growth (annual %)","NY.GDP.PCAP.KD.ZG","","","","","","","","","","","","","","","","","","","","","","","","","","","","","","","","","","","","","","","","","","","","2.42454664863909","-0.829932545374945","-10.4852551650988","-4.30544836131968","-3.92765941553607","-8.28281999633768","-14.854218227401","3.70912591649699","-6.54977616215164","1.51906574643922","3.60738653208077","5.33556203023453","4.71604040189382","31.097890849885","25.1775968489283","-18.0505598698509","-9.70326849241671","-28.1627780007682","6.19656514048702","18.9235637680801","","","",
"Mozambique","MOZ","GDP per capita growth (annual %)","NY.GDP.PCAP.KD.ZG","","","","","","","","","","","","","","","","","","","","","","2.89507009127341","-8.91754654550385","-17.4416877347159","-8.33821249605023","-0.875259465006366","-3.9955460779278","14.2348877850341","8.38609105929899","5.62300873369163","-0.447724916646848","2.90150857904059","-9.35015950296335","7.4832084877323","-0.517089157596189","-3.80641661568473","7.12551466304502","8.79691551855426","7.88387808921387","9.33253113812987","-1.43002745719546","10.3674476794306","7.23540386040537","4.81743112185357","5.76229495896818","3.88124108732595","7.35938789849386","5.11813481404295","4.27502296305138","3.21964861492762","3.86194568743883","4.19033881987379","4.93805479095479","3.53500457192386","4.62514159794316","4.32231286612486","1.67319789859388","-0.38371430909207","0.445674338631605","-0.646283515954551","-4.10527399484737","-0.606316436997986","1.33807617743051","2.43327226953775","-0.790637245811396","-3.3149717543654",
"Mauritania","MRT","GDP per capita growth (annual %)","NY.GDP.PCAP.KD.ZG","","","-1.94074898763765","-4.64299557553764","24.1431569088826","12.8373986946092","-2.68277843851287","0.504409037565608","6.90611599028807","-1.7900988930959","8.62046578971187","-1.20206406826036","-3.67713504511052","-7.39711131122952","8.87511681463866","-7.89286212395616","5.40971752503738","-4.66415360665071","-3.28694098230895","1.86120109080774","0.475989106823206","0.529030035382931","-5.11106824793863","0.7932344779652","-5.97417510480535","0.0652218003038882","2.71276884801854","-0.992083549763308","-1.17605829069022","2.1794641543438","-4.22868516855954","-1.14237368703377","-1.9506393459167","1.67667797837044","-6.29825533315326","6.8480851478391","3.7469981568987","-6.15846966758394","0.146944912526024","0.938401970157202","-6.555624764896","-3.21840326025114","-0.835751864319576","4.50921935163325","2.30058501496531","5.96595707845833","15.4039449751116","-4.48587323087267","-3.15557607122382","-2.9856873273381","-0.603277353696114","0.84650929364669","1.11502443614368","0.93552130503231","1.18070234091525","2.25580164145644","-1.7297966805089","3.14237150374205","1.70257045496822","0.13930852413786","-3.22895410826938","-2.12417720362249","3.71273074182706","3.68749010988319","3.28552170889522","1.17779889655245",
"Mauritius","MUS","GDP per capita growth (annual %)","NY.GDP.PCAP.KD.ZG","","22.7722192316737","-2.01353667323197","10.9615309767462","-9.10478111581807","0.919382806421922","-5.55162051667439","2.37292423698668","-8.58016872934458","3.12571696072585","-2.0416047009991","2.62974799290556","6.71579995324683","10.3286719864339","7.17315882460099","-0.672886411363237","21.7720106554531","4.82783144165144","2.48272818801077","1.73049166647117","-11.5649251333925","4.32477986348574","4.21530028911556","-0.535170122849365","3.60922239120045","6.08387629353149","8.90623690277326","8.07946640916145","6.05871916312691","3.66809083183541","6.42594403706114","3.31416639957534","5.12044441463966","3.84362800083511","2.68832851665609","3.39477636345518","4.51343261386268","4.37241713991034","4.9625194260115","1.31474866707532","7.14471594691585","2.53426285301911","0.91191021688131","5.16167044757967","3.67780930188415","1.17669908705355","4.3775868209086","5.28311581104207","5.08235833519142","3.08941590518148","4.14867580867737","3.9789069685684","3.22396185289575","3.14746046384803","3.66990365786847","3.58042781630353","3.81440765602909","3.86072669871569","4.05992866276578","2.83079852696363","-14.1994012536253","3.31197751733502","8.66948184722258","5.86268595206461","5.19005192584659","3.32059861954176",
"Malawi","MWI","GDP per capita growth (annual %)","NY.GDP.PCAP.KD.ZG","","5.10760626252649","-1.73237946148038","-3.772528974533","0.175055259341718","10.8746020310029","10.5035755453623","4.66157375997587","-4.32532286744876","3.30320710985166","-1.96571336486629","13.344795622212","3.54986815088063","-0.346083962337104","4.31175335044971","3.15684771791764","1.98831080918549","1.71164066974259","6.05898305334371","0.610497052995811","-3.38771522277639","-8.93705314915371","-1.46467561939698","-0.294158569249731","1.32134940671426","0.62310053551127","-3.82396507891448","-3.11334092762722","-2.24590210716451","-3.32657460446772","1.5997050726011","5.4346573203748","-9.99229540689642","8.10315787740552","-9.1882192265535","16.8987563989012","5.22149204417653","1.73065958671548","1.67311324947686","0.66457828968673","-0.830828162365975","-7.24640554406461","-0.760072947056585","3.09254835285383","2.72895046279207","0.539880654549222","1.85481455109522","6.55134655734449","4.5585561584534","5.17234875360792","3.76961752338009","1.91798932347378","-0.983601161818072","2.46076368480048","2.70386402914775","0.00792518281976129","-0.256367435160101","1.22138049385239","1.60299745635619","2.9515101541935","-1.82835240679078","1.88076432929152","-1.63749399398691","-0.642220906290575","-0.912638164593119","-0.686849668516146",
"Malaysia","MYS","GDP per capita growth (annual %)","NY.GDP.PCAP.KD.ZG","","4.8535505815973","3.6814554933174","4.56881013942851","2.6589235229322","4.97381465245223","5.16585202122666","1.42749136671287","5.55556028489821","2.54440981566847","3.57912195554584","7.45201452767374","6.79244505573662","9.0577313984089","5.75321626398954","-1.580216832148","8.922229345387","5.19600193321806","4.12388786358984","6.7538488902626","4.49993284463055","3.6231900380767","2.62231879948132","2.88220732900794","4.30747158153424","-4.22603510362129","-2.02369150795889","1.85511540280665","6.5350616719533","5.79447615337909","5.84109356459912","6.50385099169159","6.0401774276111","7.11898849226085","6.46922820641041","7.07315866013809","7.2619407567863","4.68611382857154","-9.60703707579333","3.63588919830164","6.33603610574379","-1.86947729075297","2.87262555049826","3.31466734765901","4.34321310786574","2.97037127170485","3.25940653936949","4.01330440274728","2.65806478779189","-3.45602642616269","5.43424070379723","3.46597439015295","3.69276569143121","2.91923259894287","4.20447757863825","3.28578556272301","2.62004557566016","3.96186564548185","3.07401779071937","2.75950122381441","-6.7093351308522","2.13146199778431","7.73357563754043","2.26723785284469","3.83035137439249","3.94303451852645",
"North America","NAC","GDP per capita growth (annual %)","NY.GDP.PCAP.KD.ZG","","0.651305915311013","4.54739730743637","2.93409699412533","4.35996647623007","5.016863335369","5.23146276205375","1.37129462830616","3.71361912845228","2.21218672973917","-0.751401453703622","1.89034971314921","4.1453224762374","4.70090820280336","-1.17104146999451","-1.07938413852209","4.39961824395915","3.4673879160479","4.27333930778269","2.09175415947323","-1.03030109519266","1.58730864239712","-2.87807929801917","3.44866329534517","6.18682001868325","3.29223016029809","2.39264930049829","2.54284485850691","3.2153171513233","2.49802039113534","0.563733103963088","-1.58755134661524","1.90610153959405","1.42080652591335","2.80929202354308","1.48533597130832","2.42104506495942","3.20599323452579","3.2610132489973","3.65254564980046","3.02774834362273","0.0258439877579377","0.845649662027796","1.83410100434681","2.83072337144152","2.50962270621625","1.78328376842212","1.04070815749402","-0.774886611162046","-3.48013995362957","1.8318475584756","0.865490723577025","1.40176936827258","1.33391954595872","1.71567749484846","1.94842331238854","0.926338117760125","1.74379840481494","2.25847906214749","1.90533268356306","-2.77805867201248","5.92621538103285","1.97124885038085","1.80657555120456","1.53396052630106","1.55175297374161",
"Namibia","NAM","GDP per capita growth (annual %)","NY.GDP.PCAP.KD.ZG","","","","","","","","","","","","","","","","","","","","","","-0.154344011354212","-2.15370467573408","-4.39758855700816","-2.90207268840599","-2.36605178349831","1.60030132616392","0.29009670779547","-2.67094567091036","-4.4041130727615","-3.94107998949322","4.62186313943347","3.84175231745985","-4.67006650318467","-1.38201534236413","0.924653081983507","0.43724120271753","1.55725793627271","0.699616557473064","0.830796514901323","1.08624861082079","-0.914261311645021","2.96331356534192","2.74512795300122","10.8464095671906","1.25193634526472","5.71286099626298","3.97963640998429","1.22288329166788","-1.16873879710282","4.40996877603639","3.30348908465837","2.74809367129893","2.90208375663774","3.35635017944713","1.53445826192009","-2.62833210419717","-3.69773452685817","-1.70342664632669","-3.57649160039189","-10.7372931134497","0.588992664401843","2.51308808227621","1.73954320359132","1.48261098927927","-0.331679377239283",
"New Caledonia","NCL","GDP per capita growth (annual %)","NY.GDP.PCAP.KD.ZG","","","","","","","-6.51878157027734","2.44255161452341","11.0478256240184","11.9550834645583","25.6209600422981","2.16288177506794","-1.27176645703071","-15.1972312221315","7.67100959040138","1.84318988273698","-1.03270189906863","0.1324209158917","8.45518362011471","-14.6148836322501","-1.52020126571894","-7.99729865514604","1.35592095763653","-3.26575374763378","0.133296624894783","2.77109463842929","-2.6190288408857","3.94397251578846","32.3218128456333","8.72423783921266","1.00084224269344","2.13222042921386","-2.09143329184117","-1.99060054931688","0.0953679299492904","3.42078383494169","-1.83068993009077","-0.195960722861727","-5.22945773355342","-1.16837174714553","0.0082048320171566","","","","","","","","","","","","","","","","","","0.401770467057673","-1.42259824757296","-2.59576601107399","-2.4562945690604","2.8118576387978","1.82579914741807","-14.3184777138481","",
"Niger","NER","GDP per capita growth (annual %)","NY.GDP.PCAP.KD.ZG","","1.55872572044737","7.12109867644189","6.29886148775269","-2.71685097378995","3.91308368615822","-3.15298481907675","-2.6362899206805","-2.35304728709581","-8.03559959200234","0.295598660695489","2.89253600729144","-7.65310196943919","-19.2378626749265","5.89370852944069","-5.39047250934456","-2.04727491683641","4.79699343582834","10.2699902183686","4.04130064069462","-5.32313551445273","-3.11509572447844","-0.817728941415822","-6.67109077586078","-19.2433493449205","4.56326937920227","3.20101161942344","-2.8945708827687","3.68166854460942","-2.07152216557793","-4.30134942960251","-3.47795488612833","-1.13103705292642","-2.79968693637561","-1.36907813994121","-0.878404477406505","-3.19125592898469","-1.78818258744471","6.31303577624729","-3.59420117545913","-4.57504226731116","3.56959177749576","1.27795509678579","-1.40492633289823","-3.18333778722413","3.50589535528762","2.12703436992842","-0.585038841788489","3.81608288917157","-1.75785643451498","4.60766589552573","-1.38136228282855","6.45537638540985","1.43045373805732","2.77949866185601","0.604320140159473","0.519341979477275","1.84106184580625","3.26870208925641","2.56706453200282","1.06429267675003","-2.12237799775981","8.63112578820736","-0.691442852917362","4.82684088461107","3.61405715985865",
"Nigeria","NGA","GDP per capita growth (annual %)","NY.GDP.PCAP.KD.ZG","","-1.84633532932391","1.9396365743561","6.29657144195835","2.72685251932903","2.63438386145218","-6.31085457686295","-17.5237696381077","-3.35472669424078","21.4713411933041","22.1849337034899","11.6002682515029","0.917699404253241","2.79594058569268","8.28248685448136","-7.8158606581587","5.9557975861855","2.90719162327684","-8.60774380448044","3.51668653657755","1.00316529124757","-15.7585051262646","-9.55081765331811","-13.2048044621261","-3.61771426892362","2.95446539768388","-2.62075281914927","0.486537112827307","4.50152275031104","-0.787791828905753","8.79614634151086","-2.25751903465937","1.92006635005903","-4.59723301462904","-4.37439193630385","-2.6729475917503","1.50723164591697","0.292131866721633","-0.0648532096178371","-2.03256096944996","2.24461411115027","3.07926731848384","12.2103862832256","4.42833467510151","6.26527336884554","3.53183710665684","3.17092810336581","3.67720698169809","3.83258898513756","5.06718321394524","5.02853779304908","2.39734841627433","1.37822146586619","3.81449207687274","3.53757268114983","0.0819795778135273","-4.01892534265532","-1.61585537269663","-0.406836852107517","-0.0100047582209584","-8.34242347890014","-0.988127022124459","2.15831409948197","1.17052189882124","1.92571054180995","1.89029058621935",
"Nicaragua","NIC","GDP per capita growth (annual %)","NY.GDP.PCAP.KD.ZG","","4.33208013781379","7.61684994201283","7.57736353106515","8.36354337479248","6.22225013795369","0.153568912145843","3.68379924294555","-1.78611799160491","2.95511711044021","-1.76940211814291","0.132665210232247","-0.708694819810958","3.3762730782903","10.7317623314286","-3.16139943508314","2.06068988501941","5.15700759168998","-10.4651268112149","-28.4352577564308","1.78518532048204","2.42596293058266","-3.50080649950205","1.90068623874957","-3.9819118632871","-6.34298617236558","-3.30466953331114","-2.95729751691646","-14.4368658409524","-4.01338935580978","-2.35955546973541","-2.46398821920231","-1.85750643208351","-2.55575157455552","1.16653527605601","3.77641566640617","4.38727575317672","2.24599060138242","2.1384399499342","5.51571518995972","2.67944162568968","1.64157183542785","-0.460685992278769","1.31955360750133","4.0749066715682","2.93169257880047","2.67777444612834","3.57801456385216","1.96391791132177","-4.66051140515347","2.9388092403868","4.82579847166105","5.0120845551519","3.47943447123747","3.35791289379488","3.37914204919937","3.16650951067395","3.24691576299918","-4.62941675714166","-4.14856907147293","-3.4517971097024","9.13330612485078","2.22851395042827","3.00516001401436","2.19519595254721","3.55555975864928",
"Netherlands","NLD","GDP per capita growth (annual %)","NY.GDP.PCAP.KD.ZG","","-1.0149977381941","5.33233678194014","2.23663140190166","6.83606838015321","7.16198182914103","1.40887040663537","4.09377430274549","5.3166716800044","5.20413701074402","4.83328862090096","3.0838584070117","2.49224328704597","4.57544920846303","2.63126519914482","-0.885418101273956","3.63954429313284","1.91263625772839","2.06633299806927","1.31240542653921","0.543127983861297","-1.46195298696725","-1.69259018872161","1.68361881795687","2.65340358831125","2.10293504255117","2.21813145648544","1.28651507074073","2.77504347582287","3.79556934033765","3.46827763514348","1.63505452884729","0.940015106518203","0.55424961175612","2.34216822347608","2.60797337456728","2.94455608836117","3.71321607268793","4.00438862508908","4.3466068154929","3.4774247585043","1.55411293814574","-0.391993507260253","-0.373308769807309","1.66241697012426","1.79587820013489","3.37113428384058","3.65969583887677","1.71998513111112","-4.15944424816443","0.80099304285595","1.29970857644341","-1.34358548841696","-0.32453861663322","1.24758527002837","1.66902244941207","1.8806480971239","2.17565329205816","1.6633486959666","1.63221248669214","-4.40056893380125","5.72194046869852","4.01097879214146","-1.57742254006001","0.420163692410952","1.25483261232941",
"Norway","NOR","GDP per capita growth (annual %)","NY.GDP.PCAP.KD.ZG","","5.43249318510506","1.99124559610999","3.00325929145964","4.21939377181468","4.47036790832223","2.96120151956248","5.37091556072147","1.40387964765284","3.65664189033825","1.20535004663924","4.97599129247858","4.48207097918616","3.76193047830562","3.32149122882895","4.37038513164313","5.3542766577513","3.7126250526987","3.45993149101903","3.99644914809316","4.19157035717251","1.32499133043638","-0.125052971250668","3.59734865197939","5.77663213194133","5.2454541844485","3.67719401443725","1.26917778731696","-0.864733681863271","0.61334415706618","1.60870022657495","2.36969666485223","2.96819549234672","2.26254824065819","4.44295072277572","3.613611995349","4.43876941773249","4.52380105917791","2.11608474281817","1.48529741537675","2.77419611443699","1.64774606735006","0.911800724863213","0.505130189722919","3.71545482424247","2.27081970379837","2.02226606740281","2.35569307941913","-0.425983914425387","-2.84626226842052","-0.245447645308644","0.0783883119236179","1.48225525787396","0.0557424221281622","0.950316555459452","1.03389677968102","0.403158160219562","1.84374931382847","0.445168753194665","0.787031849898966","-1.93959793141106","3.58770470380205","3.14953207512265","-0.783153604834723","0.464903814211155","0.390027440234192",
"Nepal","NPL","GDP per capita growth (annual %)","NY.GDP.PCAP.KD.ZG","","-0.015037989225533","-0.0532796554804804","-0.0868151307077909","5.40492265049775","-3.21052171467907","4.83298283175135","-3.63257452082799","-1.46845224521357","2.22450931181571","0.355960221194266","-3.32438324826668","0.902574752258815","-2.62170622757225","4.03586160968226","-0.754394199496474","2.13824970418808","0.732523781797184","2.00998844041953","0.00420812974471119","-4.59615404233888","5.82899974667717","1.38792612305454","-5.25126113340109","7.1381623325468","3.7614916801796","2.28081213319082","-0.435088375434745","5.45398866703283","2.03508410331588","2.13356922780787","3.65047375085233","1.21094958738936","1.05282878357509","5.53859144431293","1.01279328094282","3.02911523214613","2.88786824199163","1.01136751517303","2.48732085355503","4.37721035459148","3.11851050390348","-1.39074360828988","2.48926345447566","3.36324782625996","2.32754534491777","2.36866119233534","2.55045520091535","5.31231494291112","3.82909610583356","4.16886489216166","2.96035780817019","4.40244630730626","3.31847430980025","5.69591211662627","3.4108030002933","-0.0405110299060141","8.76020605401564","7.36009731523734","5.40192160337149","-4.23182776858643","3.02971971240495","4.77665725235042","2.05405906693403","3.83018649177322","4.54686122541752",
"Naoero","NRU","GDP per capita growth (annual %)","NY.GDP.PCAP.KD.ZG","","","","","","","","","","","","2.1070951583996","2.14311457049708","2.08910826191115","2.05118107141587","1.9558518921144","-3.87607779138243","-4.15991911379922","-4.61446454029985","-5.02900664324672","-5.11641595782243","-5.17225415296066","-5.24632833438939","-4.8985695649212","-4.68454061298058","-4.79428001223692","-4.9400602259923","-5.03286460252426","-5.13896526696411","-5.14541974597546","-5.1599723888407","-20.8688712415417","-17.6892132907623","-16.7899534293886","-4.19803980303406","-8.17707885311769","-12.0153732977654","-9.0785853489582","-11.7966455680936","-6.46731148230188","-6.68211183574525","-6.41137867245162","-9.54271126243978","0.513880673870659","-4.32427685246654","0.109463628221704","8.61282905726155","-21.9690489151566","20.1318813068238","-5.62156105786306","-0.268843970925019","14.0811226451365","22.3119628983076","1.6485827070359","13.4151871712962","1.4172709809001","2.30174554349074","-7.7882065342324","-2.16926114572559","7.51652861776262","1.08625303568498","7.14457374271909","-0.779594949580556","-1.33809920484673","0.837879377880469","1.4803088803083",
"New Zealand","NZL","GDP per capita growth (annual %)","NY.GDP.PCAP.KD.ZG","","1.27042940112194","0.493468836793525","4.01511003837204","3.9035724832649","4.37576938892994","4.36244206105152","-6.27761048709901","-0.921752627993683","9.2130614239681","-2.72718081980643","2.2466824977154","3.27656498853929","5.71074430477381","3.80605747971336","-3.62495237108361","0.0397436511712357","-4.23497799504842","0.286422342103208","2.59278488018779","1.15735784465687","4.25376230879198","-0.0680673084436165","2.09408330693218","3.88995759391308","0.98945118644464","2.738581723891","0.0960757282715008","-0.60781002582435","-0.314993720948351","-0.783344535959387","-5.75446298017491","0.0531850637493676","5.17750109265798","3.72373489472506","3.21420866400058","1.96425239973273","0.744671159659745","-0.0357209347019278","4.83083323051672","2.26614300686462","2.80795315087559","2.91176998851674","2.67930990113685","2.5549616303889","2.19289321941467","1.5292427792522","2.10661992432209","-1.86205389881211","-1.0346067631192","0.349983779394819","1.36863094989059","1.74325488763843","1.77980097200441","2.10912726740773","1.63906665013374","1.43938460571344","1.18008899640975","1.48792512472586","0.888801067116702","-2.24892070128274","4.04890442681972","3.40419502781879","-0.502371566531039","-2.55526584760841","-0.19182451888318",
"OECD members","OED","GDP per capita growth (annual %)","NY.GDP.PCAP.KD.ZG","","2.92687304117258","4.08947915001359","3.67400516344325","5.06102933310868","4.14345720798977","4.25619484092113","2.59764319271005","4.74710515206253","4.31288242706913","1.61383931379152","2.23535270284545","4.10320067202062","4.94581754857893","0.097795714699501","-0.629147328577488","3.76942213166167","2.69151136482743","3.38419634357963","2.90332378913649","0.2605436517443","1.17173629594028","-0.633875082028922","1.99382114959815","3.96643997005492","2.84023177464256","2.283066563182","2.70964614367315","3.6540197180646","2.85647888986469","1.99769779276342","0.173060250291286","1.1671863397985","0.526710152193971","2.47570290714521","1.95088085241515","2.31116581499032","2.88355089490761","2.17750452450993","2.68267268607889","3.40186387754162","0.650538032198526","0.797333580734332","1.28582561222763","2.51344792807471","2.13195703317068","2.31514729935438","1.91986482915692","-0.387696237916998","-4.09448508506959","2.27809290252907","1.3055785974355","0.777378602693261","1.02934089904029","1.61827330748035","1.89826680906103","1.21113178285266","2.00432730661259","1.77987448413401","1.25975589333113","-4.22683605904867","5.90338766727407","2.64885988874985","1.11062600058609","1.12779539475203","1.37692492529541",
"Oman","OMN","GDP per capita growth (annual %)","NY.GDP.PCAP.KD.ZG","","-0.615640333858281","17.9833112928673","2.50222727157039","-1.9789200405959","-1.72465323249602","2.82068840441545","62.2855552552929","77.4100103988046","22.4610977202659","10.9002541981002","-1.83325408718696","6.77247253363956","-16.6997263585133","7.64643842656341","19.3409033325163","15.2378139888205","-3.78892220834661","-8.50615886502906","-1.0339260645533","0.514494484286359","10.8398149499368","5.5447279819485","10.3684268453251","10.5139014934965","7.31855927801392","-4.3441309699285","-9.07462092943251","0.122614608803232","5.91242628879651","-5.09719826830693","1.05996361946717","3.5607492636871","1.66643798436652","0.874063800580799","3.08090662761251","1.30704570533138","4.39784180446976","-1.496337274152","-1.05667687405796","4.83264880749192","3.34135289623774","-1.92709599366199","-3.29759460918538","0.252575657950231","0.482138133458704","2.38091766222423","2.71865852745317","6.61241844727729","3.68717578981379","-0.232906393185388","-7.78414520830087","-5.57202783891576","-2.64416002304453","-2.97274165335905","0.438450329868957","0.118553614303224","-2.93490377016138","-0.0452382355009746","-0.985733221362153","-1.91104857604375","3.08530454964595","2.73958764672784","-4.99392981588154","-2.8378759250854","-1.57439941297214",
"Other small states","OSS","GDP per capita growth (annual %)","NY.GDP.PCAP.KD.ZG","","","","","","","","","","","","","","","","","14.2017927670714","8.03738458260889","5.04472963270484","12.6943988893085","-4.48552174419858","-9.16063795261149","1.23101008887883","-0.727390492343872","0.992652694163681","0.192497277099875","0.153916889387389","4.11542266196557","1.15117182276111","0.856435219071287","3.07488724225121","-2.50180864054738","-3.86826968534967","-0.145960245312367","1.9752251404318","3.65701393911644","2.13401266811439","4.84888057792026","2.06390565367967","2.46746951534745","6.98055800454152","1.3926331933573","1.71314891343499","2.9141181028121","3.43365870328654","3.51913306162439","4.98345299003233","4.19555500957283","-0.32497428334996","-6.22413231790385","1.34374399731789","2.25035005985768","0.132215061286928","-0.264237783788872","1.00405978907303","2.19705220642598","2.97547599299999","3.858229830418","3.11434808578828","2.99731395567453","-6.7922535010394","6.91866279847429","3.10703669830706","2.20929038752742","1.89668398744962","2.07003737946552",
"Pakistan","PAK","GDP per capita growth (annual %)","NY.GDP.PCAP.KD.ZG","","3.24971491199571","1.80364067918669","5.84972077942716","4.70640502795456","7.43938016331487","2.89355083090767","2.46831762839412","4.22116837059603","2.52926780271959","8.19649203318036","-2.26260815242058","-1.93796528754582","3.99158306411248","0.539790187463979","1.14230483078612","1.98612933479028","0.738518332705112","4.64235757780381","0.225709312652583","5.80395440820467","3.50462183380769","2.60648813605926","3.14476107183957","1.82241302270991","4.23568398580987","1.99470584181627","2.88408948028645","4.06760070882835","1.58506250480809","1.02421181151411","1.64455814439934","4.66648101392903","-1.02474092628785","0.779593544127223","1.97228554754696","1.83880828653224","-1.80254112696187","-0.242732275330027","0.876623662652293","1.35619796881565","0.793239199866164","0.110981031379026","2.94922564327645","5.20245589475688","4.7286345998931","3.55533116774782","1.72148373910261","-0.577212099008804","0.87615081009595","-0.97547471765489","0.408754534144464","1.08227196914481","2.68232501000951","2.56600413102157","2.76648640710329","5.19506859858923","2.96623678403046","4.44201942237108","0.778096107046181","-3.03889328268374","4.52304565172781","2.96250287218002","-1.94543125066376","1.53732864763008","2.09334109987897",
"Panama","PAN","GDP per capita growth (annual %)","NY.GDP.PCAP.KD.ZG","","7.68784469349302","5.03615649563078","5.29502127278528","1.31240070224766","5.92652355351542","4.42565799557602","5.40725793126427","3.92256390744099","5.38628991175156","3.97723056619755","6.58628264579859","1.7296916191026","2.5459243735731","-0.236575310985799","-0.870333864452448","-0.884165965259982","-1.38167866698114","7.15900082067186","2.04118412817871","10.4281546160256","6.65242605928628","2.89203636230275","-6.71122580136897","0.337222276091524","2.55183284112566","1.24877511165558","-3.96932706840299","-15.2529185873359","-0.591338060925366","5.820296592312","7.12083895847266","5.95973574131337","3.28771319387282","0.752456416087497","-0.302769436949063","1.99565811248688","5.56495539962489","6.24441508584796","3.14763386036323","2.18230222607616","-0.995989281913566","0.549728201098816","3.10474245435412","6.13442184467048","6.25411779537141","7.83919999384199","11.0968501218357","8.20927227088663","-0.205009313798783","4.19797204867427","9.94036229041117","7.70986507627907","4.48786634938627","2.83087707850027","3.46107387568399","2.77979910410548","3.94788150696994","2.19403437221415","1.47558922151505","-18.9420549753141","15.0694182618459","9.6415783290321","5.77264577478532","1.45499965207416","3.08080357716555",
"Peru","PER","GDP per capita growth (annual %)","NY.GDP.PCAP.KD.ZG","","4.26254576270506","6.87758002022207","1.3447722751355","3.50956003716728","2.63022894422507","5.19592599626422","0.953450353645508","-2.6259559071006","0.662403102797853","0.805231902852796","2.04471965054623","0.768068340769219","3.56062807037685","6.65383740719912","1.73377188806842","-1.02407952058034","-2.09894101202764","-5.03724952443177","1.52689219855337","3.33267060592001","2.9554295804304","-2.67086855777242","-12.6086341769567","1.07540329810783","-0.398366079209637","6.87530907055556","7.24613524288358","-11.4730434692984","-14.2581583515555","-7.0636979506673","0.0869996669868414","-2.54546849500791","3.14244822528774","10.1088493477559","5.34941937026248","0.883745825089093","4.52636436123332","-2.18705299448793","-0.243054508218478","1.10433498225969","-0.748837166204879","4.20293608263907","3.06117676528694","3.93432882456604","5.34332345958555","6.68113849738523","7.73406209571857","8.4109066563893","0.473893281807491","7.6277436246787","5.53595626254707","5.25513020005759","4.90271487934022","1.36938882425959","2.09361990664132","2.57623039728159","1.01943141648242","2.1018453903506","0.502286291227506","-11.989123385761","12.3312441776109","1.83669886064575","-1.44059214201185","2.38920778551881","2.35722027667993",
"Philippines","PHL","GDP per capita growth (annual %)","NY.GDP.PCAP.KD.ZG","","2.38898324373426","1.56260048747083","3.69778991010874","0.23829895771317","2.17335619647653","1.35968615379231","2.17082931973482","2.04065409923125","1.76972024779292","1.04270981982739","2.93626198130279","3.0496202884932","6.39123697222152","1.18427179476149","3.08154138243265","6.05737004342011","2.78762392929117","2.40576946807558","2.81661362678503","2.49286419319625","0.76284099342007","0.867465796757003","-1.02930125522077","-9.68938719558849","-9.36657778201814","0.89378143868592","1.6478210267821","3.87219308289008","3.53872016674441","0.476020888521106","-2.7987132409376","-1.93397839592187","-0.245903974024316","2.12244103611494","2.3606395486743","3.44957899709138","2.74055980419841","-2.98474954559696","0.738331283023413","1.9282797124846","0.800810377832349","1.63440956717702","3.02447664962099","4.51829535753411","3.00922096669444","3.55972238279863","4.68750495300476","2.51657128580275","-0.362955289837316","5.15869430276467","1.83760514144211","4.8407653397621","4.76266633818079","4.61514068278228","4.7872505574235","5.7212148588973","5.56223020665776","5.03429067114457","4.83577546655691","-10.5488615065624","4.76163916254069","6.76595410569132","4.66769736272362","4.84555466042104","3.55914007476458",
"Palau","PLW","GDP per capita growth (annual %)","NY.GDP.PCAP.KD.ZG","","","","","","","","","","","","-3.20297400251319","-3.23820219383445","-2.65587257752115","-0.959669659679122","0.278195010862163","0.410740823976937","2.02127376296926","0.191346384763506","0.457616296638633","0.161696348170111","-1.42647615148188","-2.66584218961405","-0.513231054871127","2.02546994545192","2.73280858886812","2.91036087038042","3.15624086945994","3.19746550606415","3.32001578331949","3.26683220063997","2.52010874515311","-8.59529560985349","-14.3516589146546","4.75350517301717","8.15893191152269","7.52962398261126","-0.264842825860498","-0.290666773574529","-7.28687865486116","-4.01067837528387","6.38070713234859","3.90423058879006","-2.90440433884417","2.63199428589556","2.89001148660869","1.38420723795385","2.20503496285033","-4.09772276958059","-4.69092656016056","-1.3765201785568","6.38434092348612","3.85953893783947","-0.739958291881621","3.81977562115456","8.23397021168624","1.51226764620245","-3.50276330541348","-0.428806096617578","0.390852393445343","-5.97571009429768","-11.8700599011258","-0.328362347418647","1.40557147391065","12.2085259096757","6.4789352268116",
"Papua New Guinea","PNG","GDP per capita growth (annual %)","NY.GDP.PCAP.KD.ZG","","3.53365055713559","3.94619691734745","1.76607504650225","6.24098119984828","7.92611149361882","3.50127194202913","1.76611700145995","2.03428794356392","5.79004117489134","8.24601824898463","3.77728781138964","3.1511691709496","4.06671771622038","0.297810636028046","-3.06837795074274","-5.48723621909853","-1.32569014635325","6.25914526016609","-0.279951899136876","-4.30545062924614","-2.31820083070411","-1.7151750267211","1.07604591742873","-2.44891128414551","1.79584797172045","2.45897445696457","0.57082204788108","0.709678426334619","-3.60611931007763","-5.51131375084334","6.13244781862461","9.89093849851174","13.9847111131626","2.17433937373166","-6.7281630247188","3.9492432113811","-7.26669749488677","-7.09404356703858","-1.62782619823496","-5.80069881814661","-3.45795715085934","-3.45493602471663","-1.1723144679098","-0.591008801262731","2.96266985795965","2.1010623787835","4.47661413613285","-3.34540325323914","3.57848686707685","6.85231014831385","-1.79758471709076","1.78156409666185","1.05749757557005","10.6031750853758","3.8989789371627","2.91791021651957","1.08692627161339","-2.56991254975047","2.14824964998061","-5.20688760573694","-2.4695196729345","3.73575055211361","1.94734452245426","2.05244750391522","3.8092237087566",
"Poland","POL","GDP per capita growth (annual %)","NY.GDP.PCAP.KD.ZG","","","","","","","","","","","","","","","","","","","","","","","","","","","","","","","","-7.34479099617246","2.2010658533475","3.47468275954095","5.07085552254539","7.78327567268047","6.01319811600105","6.28931151450062","4.58421234371184","4.70787806733438","5.75502267661936","1.26167597595419","1.94840486282048","3.59326547651193","5.15230495657681","3.30621477152089","6.26942932351373","6.81843988104569","4.36953645222033","2.54561682473884","3.46400853867873","5.19888222323388","1.51202436704637","0.745031977271424","3.99831832124629","4.50138467634895","3.07547528252388","5.13933542172569","6.24607110540019","4.60600727341085","-0.861202002378917","8.47171799983406","5.7122759744731","0.616853101336787","3.38947422901255","3.92342277811697",
"Pre-demographic dividend","PRE","GDP per capita growth (annual %)","NY.GDP.PCAP.KD.ZG","","-2.59866005450561","3.68395657512268","3.22270983352959","2.07139673587984","1.82477768502376","-1.34306150744558","-8.11562717010432","0.978404948961284","8.40846901186674","5.71421416670952","6.44015468615902","0.688928885044618","1.2251890046952","5.29344634863884","-3.13720373465492","3.9191691874302","1.71170840085264","-3.19197517875639","2.42835064323563","1.25221820952046","-6.29129824314704","-3.72605441365906","-7.31966530535824","-2.160319412357","0.722078123578186","-0.261015088409522","1.07795833469892","1.1480275633117","-1.31711529462711","5.32452327633447","-10.3575837543954","-0.645419859721642","-3.70992030723077","-3.19780405774911","-0.0544171007155256","2.85947548597227","3.51305387213701","3.9716371009867","1.2704851197425","2.56183510323258","1.44118794172523","2.88962120925495","-3.50756312465019","8.78994331754006","2.89953678578982","3.2197060805802","3.21795771667877","3.37153862287427","1.75362259488523","3.5835100196397","1.12662776547727","1.26482730871389","2.99996930024524","2.15977907162845","0.186647706628634","-0.328829379809619","-1.13683243441635","-0.130221835116444","0.405960268306643","-6.67938111777654","-0.333938014468615","2.02852918182184","-0.11984776549248","0.738066866097228","0.988539233489561",
"Puerto Rico (US)","PRI","GDP per capita growth (annual %)","NY.GDP.PCAP.KD.ZG","","5.18069147742668","6.08639852079264","6.29940580004344","4.98448171961014","7.52366043745889","6.22983698634505","5.39296609738436","4.53285162353718","8.47526145119808","7.04792915761718","4.66379547686155","5.07876354333322","4.07192333758761","0.798560594348857","-2.46962901165594","4.50297711700007","4.41268237597647","5.54017276221295","6.58980534032425","3.01075218664533","0.00774661662312326","-2.60494858367237","-3.33547311687184","4.88174991649599","2.09577634523414","3.97505652604852","4.77653392446396","4.91151314846476","3.38995121221262","-3.7017081142227","1.58322781466529","3.89131652355152","3.76693631202613","3.22267934513472","3.58766383111009","1.17230270783932","3.90993879974577","4.92588689891826","4.86331730461553","2.98675150054237","6.08604917663311","0.78642430938811","-0.00918394623066376","8.72642633155034","-1.84546035319809","-0.991030023306365","-0.582297403436883","-1.26658342180474","-1.41621092108605","0.0130918561743698","0.477827773852212","0.915046581773325","0.506273089098627","0.0887811529566989","0.346031006728381","0.289081770174349","-0.903680354883278","-0.869549149955759","1.30600530158883","-3.56477573029991","0.965492836952421","4.31859270552792","1.24568334921366","3.21808836780313","0.874753321291848",
"Korea, Dem. People's Rep.","PRK","GDP per capita growth (annual %)","NY.GDP.PCAP.KD.ZG","","","","","","","","","","","","","","","","","","","","","","","","","","","","","","","","","","","","","","","","","","","","","","","","","","","","","","","","","","","","","","","","","","",
"Portugal","PRT","GDP per capita growth (annual %)","NY.GDP.PCAP.KD.ZG","","4.68866952816813","5.84786205641407","5.44729217958024","6.25179948434888","7.90812874967661","4.86574804849592","8.22880554199976","9.34210227994723","3.04129362154765","10.085184226036","7.08408408469133","8.18248010947717","11.1662803378951","-0.25816587660951","-7.91460726088667","3.90271245992484","4.48728836961585","1.71258964144343","4.51254289525151","3.46437141035155","0.740801365102755","1.51289308675764","-0.635201606910073","-2.25657884652966","2.5266056975684","4.04627903442302","6.41006270883734","7.60090253128074","6.59607162191102","4.17732882710808","4.60903326381703","1.1681037872908","-2.16302137348492","0.693517750119014","3.92237331178322","3.11580522976421","3.93579786843061","4.27961126929266","3.3205096130955","3.08905313202446","1.22726326221765","0.220543241020806","-1.30174193891358","1.54561995012715","0.595038072485551","1.44193756415369","2.30555184529184","0.174699975144293","-3.21438882343172","1.69092747575826","-1.56885655182528","-3.66111452137058","-0.439198387971658","1.28604644379557","2.01139554784055","2.32643063621838","3.56700126187077","3.11123658697107","2.72130207848775","-8.30107079726919","4.89913107175563","6.24247031136021","1.69803392754639","1.10107472414329","0.825647953518541",
"Paraguay","PRY","GDP per capita growth (annual %)","NY.GDP.PCAP.KD.ZG","","4.46654102381162","0.905818908144738","2.18413249626946","1.63823007043106","3.56730082203509","-0.463083360483466","6.58508194096518","2.12743894667962","2.34252008683092","3.20917705296037","3.18290445868151","4.18531499798863","4.73782896338417","5.71828209725314","4.23131952720321","4.90728952513568","8.77213274372299","9.27000311721974","9.05243600042755","8.81191498431799","6.23490597447503","-4.10505117418042","-5.72741738592531","-0.0413519355069241","1.6132735278771","2.03507060867297","4.58743050308126","2.98628798534499","4.01513761678669","1.33827485725477","0.781250906471186","-0.91522118243283","2.31226251074852","2.75714792528987","4.29466444194986","-0.760754495670795","1.91891657612904","-2.08878505050501","-3.39883387970877","-4.18580870385856","-2.49369285917085","-1.42073243570553","3.04557479031354","2.86510353489651","1.01015474976116","3.72097911920059","4.39311756937708","5.46828018339494","-1.27522707842539","9.80314731436218","2.91154988835602","-2.09516519055065","6.74651223749345","3.78558222389611","1.4645236194643","2.76597250767641","3.32962942297075","1.77964425718002","-1.74219112718859","-2.15166731600608","2.74305750115238","-1.15611486582868","3.99853693606273","3.38506241850276","5.36644048728706",
"West Bank and Gaza","PSE","GDP per capita growth (annual %)","NY.GDP.PCAP.KD.ZG","","","","","","","","","","","","","","","","","","","","","","","","","","","","","","","","","","","","2.4270659709459","-3.21774919288964","9.64623418634368","11.4495735284097","5.54878290672016","-10.8625929085069","-11.5990690763047","-14.696224583011","11.1391726672237","18.8484471333478","8.4829084168252","-3.49430234961132","1.16982596233521","4.51371143942183","5.73457681316152","3.06565425625401","6.86783487502541","3.51036746369036","2.21485047926886","-2.47102630481804","1.37258508832343","6.44666146094556","-0.577622802403482","-1.30481419195327","-1.15161366535136","-13.4963869730477","4.41469534491321","1.58856471383393","-3.31404051657385","-24.6567900497018","1.94584290015811",
"Pacific island small states","PSS","GDP per capita growth (annual %)","NY.GDP.PCAP.KD.ZG","","","","","","","","","","","","4.18171636994269","3.38876886441435","8.88062188663228","1.10459051461136","-1.58635087245736","-1.09898326357309","1.09045852026412","-0.110501387772715","6.1357995965062","-5.59122569425362","0.716739065802585","-5.33537080179222","-3.28101221657558","3.03455795851085","-3.83805615025679","3.01897781979399","-3.86654373763277","-0.583948886353539","2.84130782871581","2.16109961577318","-1.93135467878939","3.28708330593834","0.44157934180258","3.42060720680163","3.05762549468129","1.64991527952284","-2.65853805441992","-0.125519965500999","2.68010725313322","-2.81409131097085","-0.456339270206712","0.650941155531527","0.700496995476769","2.76450695227611","1.31354578395266","1.26738973017393","-0.948094563948899","0.965068010672155","-1.45471635017645","2.3961061050241","2.43556875122617","-0.290129845276837","1.90614635789801","2.23159662114986","2.63039361468142","2.41733856697036","2.55215413551939","1.42957738701017","0.113780627669229","-11.1755907945831","-3.7316730396974","7.08879739911916","5.9122273758105","2.40155951036476","2.0751617057749",
"Post-demographic dividend","PST","GDP per capita growth (annual %)","NY.GDP.PCAP.KD.ZG","","3.11203441544259","4.31123526430245","3.80525504794598","5.20600553924149","4.38495195581035","4.43257358346204","2.79062046124537","4.89338937918052","4.60686276685711","1.75449653617135","2.39310290555188","4.26229142208673","5.23271910992958","0.161219044489386","-0.544609099595021","4.05523049386447","2.981333593434","3.55514751052873","3.04906353961974","0.340001742554264","1.22090675274602","-0.342626017226948","2.54340739167715","4.31881828162528","3.13463635146107","2.70776894239999","2.94912851071317","4.03380242159146","3.11787771625573","2.01637745911063","0.305519346387968","1.23290643568478","0.543580041945873","2.6750652199881","2.25275099500438","2.36802286165934","2.93912053508218","2.23777927490119","3.04203703477613","3.55992542897748","1.01626634639136","1.02491689486691","1.49833004333163","2.6605145960187","2.28692442420927","2.39420453623949","1.98920739972411","-0.240181992982215","-3.88653312317003","2.422080657546","1.32874901651536","0.829081223431729","1.12895567478748","1.65031417737984","1.80428396077887","1.33779657613209","2.09128253595492","1.9244621066143","1.47534405982735","-4.21976367302902","5.8609240858503","2.78285200232402","1.44704815714023","1.144812486367","1.26536842789299",
"French Polynesia","PYF","GDP per capita growth (annual %)","NY.GDP.PCAP.KD.ZG","","","","","","","5.93248401568083","-7.92274780927509","11.0415281501382","-6.00719169513117","-1.84879561265051","8.26567137170665","-7.77661963711111","4.36803867101456","14.3119271673124","-7.80077737651885","5.01581121655521","-0.932887380783981","6.5184121595839","0.67037529882117","-2.66313886184567","-0.553998949711243","-1.43818390493972","-0.624012304037905","-0.376948765623482","-3.6384060029233","10.6850806353894","-1.27189890101005","-5.9415854711882","-0.119196508348466","-1.90095853705124","1.67566155020383","-3.23438697031256","-2.97620764742084","-3.24829172571562","-1.9047640997783","-2.15351526781588","-1.70605641976239","0.0865317933867402","0.295391159590849","1.63790019281309","-1.87670498388422","-0.650790590620005","0.559535344536414","-0.615266204742809","-1.17936718824801","-0.534705152644719","0.477742673226714","-0.716512347599547","-4.62302243249042","-2.86221244709949","-3.37156943541497","-1.41984532236675","-0.201995117223149","-0.0102536380222915","1.26147120448255","1.82142796079958","3.95416021395157","1.90583847677253","2.97688844901971","-10.6298635700059","3.1505198503273","2.7222043522178","2.50230703778058","0.879141456817294","",
"Qatar","QAT","GDP per capita growth (annual %)","NY.GDP.PCAP.KD.ZG","","","","","","","","","","","","-2.55193503459751","-0.414771470266899","0.287639462417275","-3.33243432059581","-2.74366120128072","0.0744618436574882","-13.9845769515457","1.42461574895241","-1.63177668896213","-7.20233487298552","-5.16230488043028","-12.2503213995421","-7.23609776408509","-0.808335021103673","-6.95130511194553","0.795921094734325","-3.62991473489028","2.23261937285541","2.63310693459084","0.00102715280083032","-4.83556934674429","7.82129199431974","-4.35699353357359","-1.60968556656874","-0.560501314856566","1.4748270925645","24.9388541962148","5.46365139375624","-1.15743555029613","2.58659738636253","-1.14959287506234","2.16704342047447","-0.942784508400919","14.8017584046788","0.710880387312528","7.0505125332281","-5.0304889456326","-0.341181323763109","-0.704713507121269","16.1591002652056","12.4698490235204","-1.30696776517799","-6.1401747672176","-7.26755279184226","-3.86137428276561","-2.4510094889969","-4.15600320402655","-0.134704952518092","-1.52203684233693","-8.92450817587073","13.3615381417796","-1.79097889792256","1.23672426450278","-4.17090906600274","-1.05876296559582",
"Romania","ROU","GDP per capita growth (annual %)","NY.GDP.PCAP.KD.ZG","","","","","","","","","","","","","","","","","","","","","","","","","","","","","","","","-12.1584413412518","-7.93923952826758","1.66711860968309","4.08314789943742","6.44865941446349","4.20752254376104","-4.5747304296564","-1.82682397441751","-0.220150554902901","2.59397523199067","6.69667366637488","7.65586943426131","3.08196384315724","11.0591132161949","5.3165061122384","8.67067585292331","8.82964823723904","11.1442089014979","-4.72628859385392","-3.33335291355054","5.01083371448033","2.35828066727251","0.651822267051088","4.50672544401942","3.64306941096366","3.45169541464914","8.82266657090874","6.01553045118388","4.50941296110349","-3.06561724934225","6.37801653902932","4.59004052061825","2.19035297025793","0.965042709085722","0.844739865314082",
"Russian Federation","RUS","GDP per capita growth (annual %)","NY.GDP.PCAP.KD.ZG","","","","","","","","","","","","","","","","","","","","","","","","","","","","","","","-3.16283597296696","-5.31876190965632","-14.6139171358036","-8.6196861844154","-12.5397898608654","-4.12277236522603","-3.61497549497646","1.56770414975504","-5.14311536211871","6.72950292335021","10.4637091559227","5.54671833932643","5.18275023824988","7.78796752390349","7.63249118230908","6.80660765259209","8.55494147469737","8.68576548155966","5.24621001829865","-7.8277499767233","4.45309639834757","4.17697624368184","3.76271915500016","1.45314767875932","-1.12194041744186","-2.2762114110788","-0.0904969496110795","1.61477717789909","2.71569004774612","2.14202624717367","-2.52680431743222","6.21857740869952","-1.09666490468587","4.36156229707225","5.03923995227274","1.1143529548842",
"Rwanda","RWA","GDP per capita growth (annual %)","NY.GDP.PCAP.KD.ZG","","-6.90003607832014","8.56459279549706","-11.8367546654522","-14.458422819112","4.24689589114769","4.01842035973495","3.73611775686267","3.74298090490694","7.63624306925963","2.82197019216883","-1.74004541564913","-2.59470125744198","0.469197160162267","-1.51810553917799","-4.94988786256391","16.0240041023872","-0.974716489155853","5.96571717409226","8.54218450636691","5.61955982337514","2.11756771213358","-1.47471993877728","2.50297769042767","-7.41281107784162","0.938741579531751","2.00607453765265","-3.24738480397649","1.2208526291178","-3.05065696627095","-4.92159867307215","-4.47859361465321","3.7189657655241","-11.538192406786","-41.5406116023026","61.8735350160642","-4.64228854103573","-1.51287157379174","4.46154584608485","3.50365506347967","7.49987106605703","7.52679928636239","11.6682445158491","-0.01968684645189","4.6451189054665","6.50669742178307","6.3526672933591","4.8079099260856","8.27757420172229","3.54291916890999","4.65979796374585","5.34277697360722","6.07172678404915","2.23301483077023","3.1448435210128","6.29578461833474","3.18409626680049","2.27661189208408","5.59635869514096","6.82168128112207","-4.93301559411864","6.06201151914851","7.44545148233944","6.19900549544292","4.95503220363311","7.0277233018782",
"South Asia","SAS","GDP per capita growth (annual %)","NY.GDP.PCAP.KD.ZG","","1.50892202784803","0.815664086692664","2.41022222755592","5.22879304969643","-4.10785332699055","-1.58536631228358","3.86062528734348","1.92421282611426","3.51621897164239","2.7715651906385","-1.51211905455361","-4.24404021982471","1.02124096814205","-0.0665740150573981","4.79623189693952","-0.184388212994733","4.11196877939392","3.42070230556382","-5.77249455430206","3.3867557291108","3.69618902123734","0.946561323453722","4.17216563808545","1.6924352672457","2.66351567322265","2.32879997656683","1.51679139755618","6.14425972023558","3.17944257131234","3.32328731205101","-0.619111862345875","3.21687159940383","2.66819961820295","4.23775582626291","5.07850992161903","4.97363937990698","2.19286365337152","3.95906973121973","6.17158601613011","2.15841091919175","2.66761394394325","1.95675617609376","5.67266297772495","5.79387533237205","5.97128261072378","6.29308020306438","6.00206729042027","2.07510471121859","5.93398148923437","6.72705848146049","4.05367435324766","4.27930192443307","4.95217158308627","5.96282550719711","6.46173917437969","6.73733729893509","5.60196771944135","5.27934085526225","3.04100951092985","-5.90537298010342","8.33028192678252","6.24173655563243","5.84899135730251","5.81541025169881","6.18260956067509",
"Saudi Arabia","SAU","GDP per capita growth (annual %)","NY.GDP.PCAP.KD.ZG","","7.84948336340932","7.88446578769546","4.7616755888949","4.82088016863349","8.04749144324057","4.22683523852257","4.86121069155563","3.54523233745294","1.86717111769703","46.3660273298731","10.2300805364713","13.2593307424458","16.5104076645097","10.264982064408","-10.3141640716088","9.19278445456175","0.16011579269815","-5.39014013310828","4.70345970186847","-0.225211055025468","-2.99285354299133","-21.07451587204","-16.2513499762503","-9.5491570395713","-12.3848638519131","-4.57404251506607","-8.45429065456064","1.07644808188448","-4.53427601402096","4.15776944456925","3.17804810163011","-0.125826730999037","-3.96857631363621","-3.27657789168325","-3.75839336006798","-0.741787099435172","-1.2367563168653","-0.966317239561079","-4.16496281769805","0.150492543589365","-4.74097088807815","-5.50962678622284","3.69783168216851","3.75594009248144","1.35662290420511","-1.01590810452811","-1.94086075361376","2.04298819113291","-4.86501611210622","6.08720360847519","6.79984191573597","1.40889754697817","-2.47720466086211","1.5065962283723","-0.634810334471936","-2.03439520588341","1.10646877226159","5.89707730206987","2.09953683085793","-8.3434729070232","9.17745692710805","7.15912905732745","-4.01429387790023","-1.99654795231605","-0.226897401723321",
"Sudan","SDN","GDP per capita growth (annual %)","NY.GDP.PCAP.KD.ZG","","-2.69632481229755","3.94674534576613","-5.59309242466959","-4.01225792797402","3.6113949470524","-6.34670893070819","-1.46752671776959","-0.981796867696076","-1.54867497492742","2.83319514373197","-0.830443352011486","-8.00189707266057","-3.02667229625716","7.40531016636297","11.9462726812769","12.8461178952248","2.78311836342399","-9.30987128099154","-8.54925097526581","-2.31869961272838","3.4262257716873","2.20442598047367","-1.05893172428505","-7.06459754963682","-7.95923243778884","3.45138115933945","12.1835557689147","-1.55520909491457","7.668564257363","-7.12283677545001","5.35245970415686","4.54963665240291","2.49041697350873","-1.46917150041169","3.22166623716427","3.52820988912499","15.5899602143833","1.8044093130267","0.524555771446217","3.37132975440942","3.51515858633522","3.04640852451755","3.47662601258492","2.38501078452138","2.75337218040758","3.55587752590014","2.69329211251048","0.693530743818769","-5.81042185394722","0.758886048751407","5.87200118550977","-7.20056369222739","-0.372546263586997","1.86452924090501","-1.14810293147822","0.369473161527822","-2.71987452387332","-6.01716755998106","-5.00795943799888","-6.18595807947966","-4.47700779563793","-3.59800846557803","-30.363173571103","-14.6570236407403","0.64402105445447",
"Senegal","SEN","GDP per capita growth (annual %)","NY.GDP.PCAP.KD.ZG","","0.132125345315728","-2.91376823490218","-0.970509913931352","0.977287295701117","-1.54351319619443","-0.0948919641384833","-4.11196331814091","3.16547258589439","-9.30013110963455","5.36925292822798","-3.08155418452417","3.24739721692009","-8.35765642589806","1.21205391063765","4.59557405761304","6.09408302455773","-5.02631275439684","-6.17128419340314","4.47249294547034","1.44851388497118","2.52278535303547","5.2070261183153","-8.14696183290356","1.13953477209834","0.6157967631448","0.204711044505984","3.20484833596085","-3.64784599374907","1.02749262715633","-3.55291522695565","-0.216527599094078","-1.47449734866765","-1.39091737666223","-2.68759159773336","2.79825042307988","-0.443182026754187","0.642689765162558","3.45290634461773","3.79374220499105","1.41335705319622","1.81176865944212","-2.35286664944574","3.08280432027999","2.21660237161285","1.8985497213755","-0.0239030984175912","0.466183194352098","1.30518111750766","0.349911484355829","0.952269607225944","-1.19544188286081","1.2557464643975","-0.578035528287558","2.91207940579723","3.15103873013858","3.23503572418973","4.3502357297959","3.27615846996321","1.80892290272958","-1.29147593311235","3.8734325972454","1.3191343503411","1.79788238989684","4.02010382360814","4.25931413755755",
"Singapore","SGP","GDP per capita growth (annual %)","NY.GDP.PCAP.KD.ZG","","4.58037393224981","4.61603438059741","7.29376675914222","-5.55505367070347","5.24541526942724","7.47457704436121","10.0509003316789","11.5859760311582","12.1339809710738","12.1840230638021","10.3707995076184","11.2360398788484","8.5553596416668","4.36607219742567","2.48125580622293","5.99892453789093","5.38197485991432","6.48125475788075","8.18013448869861","8.72460740268357","5.61427963812113","2.50351262717827","7.15375220538392","6.75518405595601","-0.758403193169272","1.43861505659832","9.14418251985718","8.47550112413526","6.97185727511311","5.63184802412309","3.69538228225123","3.48371824424044","8.67530488824424","7.66515847504049","3.9685677515225","3.1909851392228","4.73992674717256","-5.45798667446206","4.87689184197752","7.16598820156491","-3.70366595204537","2.97922962062731","6.10127554555405","8.5722052915981","4.87209326850753","5.64834329383781","4.57298627096552","-3.41549269446281","-2.84677194924208","12.5085215498552","4.02338164865897","1.90446223662212","3.13397914899265","2.59472315486744","1.76232468638902","2.57148302071828","4.23440582627357","2.70307303138391","0.00783404280791444","-3.30973090655749","14.8314606167434","0.625280575115795","-3.36069477894166","3.26325659591436","3.74871378758077",
"Solomon Islands","SLB","GDP per capita growth (annual %)","NY.GDP.PCAP.KD.ZG","","","","","","","","","","","","","","","","","","","","","","-5.15070962845012","-5.00054754398012","0.401710872955348","-3.16498042106423","-6.31900558571843","-3.41141767939442","4.97817622405749","-1.9541976250443","1.01348306368362","-0.930739361805806","2.80422660017983","9.35072429994736","0.951992105250696","4.96526751184018","6.92444747848381","-1.28334309591865","-3.70203474278122","-1.51154054507705","-3.12765508258022","-16.2171419354817","-9.73056069019374","-4.61498055636233","4.58496965418709","5.76484741556582","5.47693948660554","2.33369145793722","1.86556171568819","4.42328745185992","1.00843919853824","6.65612594404901","3.54895845172413","-1.22485253459861","1.46287648550671","-2.41306586755394","-1.90313667351086","1.8954619438627","-0.426120235207534","-0.648914414273463","-0.912183037350545","-5.50324350800385","-2.59513572745166","-4.88870843999941","0.406498798558516","0.584428781115449","1.21441464169847",
"Sierra Leone","SLE","GDP per capita growth (annual %)","NY.GDP.PCAP.KD.ZG","","0.224133638565021","2.84424873737809","-0.00858666259134111","4.83122088172789","5.25785906062177","-0.15925465819555","-1.82773738239335","0.0999491770538015","6.49335101316011","6.58123036581976","1.5586720129036","-0.934146897742536","0.381693942422118","1.60366923483426","-0.183188014791696","-2.22939810359523","-1.78651376608245","0.447648693301275","2.49168047497959","2.77392622981942","0.821575318184344","2.65293700129511","-4.1684400763676","1.83752207389294","-7.38497548183301","-1.20613242645724","4.39382684987255","-9.55499835432438","-1.75501678146151","-0.65885095706804","1.16028435358966","-17.4597698249032","1.59977635482602","-2.3227387628037","-8.13346547365364","1.26843628467385","-7.08314721958494","0.788222799625672","-2.48454916239004","4.10749847441832","-11.7160994484665","19.430674044243","5.12237538056517","2.93937041660126","1.58434555022808","2.0071311854182","1.49613150255581","1.12905319443597","-1.1672975048301","3.5002192188053","5.31595837430623","7.81299564274897","11.8800866018127","-9.99126868436694","-6.55487587621558","3.96056326178993","0.774679247758442","0.50674429876733","3.08171137743476","-3.50677788869559","3.51527957069044","2.99519003006155","3.41471641633679","2.10273332108876","2.50015605748742",
"El Salvador","SLV","GDP per capita growth (annual %)","NY.GDP.PCAP.KD.ZG","","","","","","","4.18185348511599","2.50212618310157","0.401605988776652","0.715996767967326","0.386271474352867","1.40583563493118","3.65393675644722","2.43221586974261","2.94148956739086","0.656013863718584","2.80718498963427","4.52229806713721","3.09704720524282","-6.02536272841628","-16.9489476313547","-6.34428486688417","-7.35997019822435","-0.292072197122607","-0.579001391831696","-1.37348572944155","-1.77325101840664","0.50182407492801","-0.149099217112905","-1.0012323906666","2.87694943624557","-0.267045668925647","5.28734272506964","4.4283085085419","3.69954329248556","3.86158381842201","0.0620554724499129","2.44459286819176","2.02033395877885","1.58990630941676","0.626535379070958","0.462204790046101","1.25783126943534","1.36275661190544","0.787383831431995","2.66532259162382","4.39364908718933","1.72041607620905","1.82447186659891","-2.41599153160278","1.81801613607789","3.43396823026714","2.42155666583095","1.82154176742195","1.31071422282479","2.05686593954016","2.25589267443243","2.0380895055328","2.30913946286621","2.39613321946494","-8.07562588564387","11.5271594106656","2.55236385314032","2.87505531109322","2.12804375011343","3.46015288359463",
"San Marino","SMR","GDP per capita growth (annual %)","NY.GDP.PCAP.KD.ZG","","","","","","","","","","","","","","","","","","","","","","","","","","","","","","","","","","","","","","","6.12872599430349","7.67279692432976","0.883025780040143","4.24028336900209","-0.959002843255874","2.55977184007274","-1.17956792743588","1.12402388406122","2.63299672869908","3.5848833240598","-1.91822422078984","-14.1287766020679","-6.05328650752219","-6.48781473647414","-9.40251314800584","0.501232920728725","0.471381910733299","1.53901673570162","1.71366802964523","-1.8876966462592","-0.555260334539653","1.65051434688202","-6.93519075870958","15.6202852637699","9.48711595874579","0.0905855641196212","","",
"Somalia, Fed. Rep.","SOM","GDP per capita growth (annual %)","NY.GDP.PCAP.KD.ZG","","-5.74340362801904","4.31900196431485","0.155585601934334","-8.53475903013596","-8.38493563042768","6.27054354347791","3.19834611987682","-0.61824688565288","-4.24886383708844","1.85576339783866","-0.502941603540776","11.9138874254657","-14.4545591202461","-1.82587077928002","11.8478958191435","-4.28222124875663","10.6486638692391","-1.47029611583871","-16.0455574128873","-6.55874812618232","5.43483261391108","2.40770932669045","-14.3524006363501","-0.428395914894608","5.19505399139936","-6.09526499097399","6.22667723467711","3.31436748541694","5.56642913642327","2.78932821699011","7.01572048803034","-3.99871765068679","1.09111141773572","-21.8851715399116","0.304750694634848","4.1920292481002","-2.31159144364601","2.26192984688586","3.06398619737185","2.9094517086796","2.92091623470753","3.66803447114906","3.72989683765117","3.23637071319179","3.4552179090862","3.27228849958769","3.42376614691855","3.57942621496645","4.0351373439331","4.07910489702353","5.94202931701129","5.73256533813861","7.43785495852676","5.13914593417061","6.72219258601123","2.99347020740043","10.3677043802854","-1.48470237915478","-0.909258009902032","-6.38636194168187","-0.267727633939771","-0.342614533940647","1.01616806512138","0.548466776307393","-0.391747312911576",
"Serbia","SRB","GDP per capita growth (annual %)","NY.GDP.PCAP.KD.ZG","","","","","","","","","","","","","","","","","","","","","","","","","","","","","","","","","","","","","6.24963337834654","9.27221864432266","5.77127675484668","-10.0003160706524","6.39450401120698","6.96228282256826","6.58937282180869","4.83141187581582","6.93608982587538","6.22214171795731","4.31001289636497","8.27017213045292","5.60952327700927","-2.75343779759604","2.02027708357562","0.813571323609423","0.040200455150412","0.941379127713546","-1.32558635982964","1.81545266180656","3.5158880281917","2.90962447502095","5.22266888313776","5.31381889246718","-0.288042264925664","8.97258082321535","5.32139169050186","4.3943385787905","4.52924814890834","2.61201014096326",
"Sub-Saharan Africa (excluding high income)","SSA","GDP per capita growth (annual %)","NY.GDP.PCAP.KD.ZG","","-1.31971051785779","3.47845237801501","3.63814138122538","2.35359108831827","2.04345896466138","-0.562219857516411","-3.30363470994119","0.450578833345986","6.13816581602227","4.94527950964662","4.84607948686934","0.22586887264751","1.45774261748177","4.54448184575436","-3.00682694261745","2.24081149011346","-0.0504480647217349","-3.05225834171648","0.847157973956442","0.728113752008142","-3.73624711894668","-4.2034657623397","-5.38711427638256","-0.635421693726769","-0.910848540227988","-1.03009825947935","-0.00188624530387926","1.54443528234052","-0.53889832382707","-0.5515720837423","-2.29615105835951","-3.15005899692272","-3.7248801569347","-1.61912407018082","0.62591283437645","2.35948586933897","1.36255236798341","-0.170318529676621","-0.507382089070987","0.724092013184219","1.4713474751383","3.57580263519968","1.35906336607212","3.83397436749146","3.15042195827652","3.18679699532009","3.2813513541174","2.33576878099086","0.341366672743447","3.18159059608914","1.4675271598723","0.548375992717979","2.4339038392404","1.92623136675671","0.19298656004112","-1.34082781455908","-0.157828803514562","0.105724626953105","-0.0909731992642833","-5.73939273979479","0.996390875055027","1.47887873010974","0.213251655075908","1.11596976341994","1.63836063219478",
"South Sudan","SSD","GDP per capita growth (annual %)","NY.GDP.PCAP.KD.ZG","","","","","","","","","","","","","","","","","","","","","","","","","","","","","","","","","","","","","","","","","","","","","","","","","","0.201710077462366","0.0553052206663267","-9.66551859182802","-48.4287258315307","8.97551236063792","2.7406396602203","-9.76929494253935","","","","","","","","","","",
"Sub-Saharan Africa","SSF","GDP per capita growth (annual %)","NY.GDP.PCAP.KD.ZG","","-1.32311000981193","3.47962226983458","3.64016379408558","2.35411013056456","2.04033006839688","-0.55607672460215","-3.302878628728","0.453170663483519","6.13280660753996","4.94593539413897","4.85071062094531","0.227916094976592","1.4608882306263","4.54067077386979","-3.00468015364534","2.2478965809982","-0.0565210387183441","-3.0384277143916","0.856586180203081","0.720931069509263","-3.73822068138729","-4.2037063198035","-5.38532212672553","-0.63362095936948","-0.904516205158998","-1.03064983202155","-0.000567696520064942","1.54546723575201","-0.532200985153139","-0.546781489912547","-2.29381927057531","-3.14265335294336","-3.7164650272135","-1.62288016790951","0.623089124941757","2.36458114137321","1.3713882631548","-0.170290746334587","-0.507649176389435","0.725239701572747","1.46417965889722","3.57015818716992","1.34921733207109","3.82546961125017","3.15320798121984","3.18978793245321","3.2840297838693","2.32853285941215","0.336898467100212","3.18035150226854","1.4721287146276","0.548363395085261","2.43070310681756","1.92581833484637","0.197701787393044","-1.33177722156033","-0.153632140231451","0.107922726885974","-0.0879322621984215","-5.74773720457316","0.993759309882989","1.48258616307812","0.215816697729807","1.11581843190349","1.64007818065397",
"Small states","SST","GDP per capita growth (annual %)","NY.GDP.PCAP.KD.ZG","","","","","","","","","","","","","","","","-1.53448592035831","8.86163651033196","6.55980602069693","5.4260037152962","9.61450335792502","-1.14855759063867","-5.06522046596855","-0.0711208182318188","-2.58033743682307","1.04800694708985","-0.224885952029979","0.341720426215346","1.46804284723603","0.83418694233734","1.47573748715941","1.27056634003256","-1.94791627607729","-1.85970299241409","-0.199799577813906","2.21375657580907","3.11258983963","2.68913975761483","3.964371886686","2.52562334798642","2.99319735508334","5.36975091129635","1.22921027245297","2.08942844968179","3.52540307017696","3.51397027567745","3.79454657696232","5.4881038665406","3.58541442819399","0.149167444170374","-5.2916714167029","1.07123810492507","1.5319351932601","1.12982760789566","0.155315810563962","1.29951773969792","1.1968259255388","0.737301598175421","2.14915331747969","2.19311535948404","1.99558261977337","-7.82785766337196","6.34181667360245","6.3146452884062","4.09059236371918","5.21629662588956","3.6023685508393",
"Sao Tome and Principe","STP","GDP per capita growth (annual %)","NY.GDP.PCAP.KD.ZG","","","","","","","","","","","","3.11187906441421","0.131385641178468","-0.563520035038692","3.34473303698839","2.90370190643883","-0.891295096757773","20.2016791392957","0.162338584278231","13.3720878465714","-3.38207304585406","-12.1599481202361","1.18898448962564","-5.59794090999824","-7.80926946001769","7.02251169759136","-7.94337715992744","-5.28956639669342","-0.63543114584715","0.522097002820658","-4.54035035808427","-0.986502855129885","-1.19672530387369","-0.726460943635203","0.456013669997787","0.364462927056991","-0.0318143345786694","-0.428599449412303","1.16804370483166","1.2831775781198","-0.65084592250922","1.4048895414449","0.9147926463327","5.55138791437551","0.983351604603726","4.01981821374629","6.23775372046612","1.16067244882319","3.72699030635786","0.944228915067228","-0.755150615358019","-0.114189921572034","0.883420959148197","3.10107564312558","2.97674276212585","-0.246825905363622","3.42223386315462","2.46252459071385","2.78057714923384","0.482132360625684","0.716646434339125","-0.17852659147141","-1.75407310474412","-1.6128371937285","-0.530991147497588","-0.955477215252273",
"Suriname","SUR","GDP per capita growth (annual %)","NY.GDP.PCAP.KD.ZG","","1.39119837734107","-0.16982409436126","0.934934048349433","2.36221408150745","8.16435000088789","15.1916891760893","8.3236308682562","3.97799422592615","0.999634779012808","-0.693001300221226","0.588938387155395","-1.97089476470012","-1.39283071295947","0.934547183339333","3.458580155335","9.6072667587928","11.122084725922","7.59613894378217","0.42663651820844","-8.25942346331742","7.07660943058386","-4.47883522993371","-4.45592693253033","-2.78476423596697","0.740327469136076","-0.576612551612655","-7.2826049098625","6.37527017499558","2.62274680251504","-5.44552392165917","2.07639457886468","-0.2193419760994","-7.09224118960068","2.65994989666993","-1.68317016056574","-1.12297125235634","3.52096892509446","0.211310826230431","-3.40825462183219","0.016412852428175","2.07621012945627","0.731583130433549","4.22968365512362","6.9146916825718","3.41538457225288","4.64814560762545","3.92006219934488","2.93593297564139","1.81540250702821","3.95347703289852","4.64182224452708","1.52880858968571","1.77805890287095","-0.851471419293389","-4.45160318607753","-5.90338246401519","0.547149370341614","3.93294702617604","0.12296002295291","-16.8738740468232","-3.31629942420831","1.54051769500568","1.48474163935258","0.831904608783688","0.929600141453506",
"Slovak Republic","SVK","GDP per capita growth (annual %)","NY.GDP.PCAP.KD.ZG","","","","","","","","","","","","","","","","","","","","","","","","","","","","","","","","-14.6399588000325","-6.7517666501482","1.51309257483364","5.78784641289319","5.53421489297541","5.89518837997754","5.29126136870515","3.68694784286308","-0.574779582477817","0.925761788954276","3.1136989179886","4.45521871825531","4.92573949451423","5.41095986972041","6.47448748514556","8.92067971952331","10.78629912015","5.27306126349816","-5.6311751026805","6.69110844613654","2.43026958601608","1.39646371759601","0.595167879643","2.608326498525","5.07697290945579","1.81646959957402","2.71521709643727","3.91808506492153","2.13758470717096","-2.66902849173539","5.88046673143569","0.831412246801008","2.20694498399155","2.02649250952174","0.961148796579153",
"Slovenia","SVN","GDP per capita growth (annual %)","NY.GDP.PCAP.KD.ZG","","","","","","","","","","","","","","","","","","","","","","","","","","","","","","","","-8.95788121755191","-5.32491105947393","3.08878865765914","5.44941514297268","4.08471418163268","2.97799607802567","5.31284081186544","3.28887170317242","5.19284002726599","3.1919411832727","2.66685838002488","3.15467990613811","3.13282664775699","4.47906492828298","3.6743988121375","5.57134966652504","6.54177241190229","3.20889412209657","-8.42208868943828","0.672167911403392","0.446560894988352","-3.11922481726151","-0.958293257973466","2.66181374029557","2.31634491842804","2.95902414777296","5.10589384792048","4.00130649890984","2.78704541391961","-4.72524968037921","8.12577517618843","2.47421045586167","1.97100496138407","1.39957708502673","0.889867414583748",
"Sweden","SWE","GDP per capita growth (annual %)","NY.GDP.PCAP.KD.ZG","","5.18461872602253","3.68560497853166","4.73593992428525","6.0260590887647","2.84825977842331","1.12398954610136","2.57537481805572","3.05769420592496","4.27371518725217","5.48438289686888","0.252434827576778","1.98692133219636","3.78893205453909","2.89918478607277","2.14625323509338","0.691238137203413","-1.9451271570977","1.45573374293132","3.61364752879976","1.49373317290613","0.334436796769495","1.19077537467503","1.85451503005886","4.13486530060632","1.99177410471971","2.45277262936798","3.0095477511744","2.08876053466133","1.97219125019805","-0.0207591788844042","-1.81751515509977","-1.73663035646904","-2.6328084512474","3.27914084779151","3.54963299122375","1.54298849078722","3.00599147276768","4.18797877983562","4.11994996519324","4.46324425617721","1.08904749433709","1.94541903904167","1.50263999618741","3.77065163055421","2.38284512787561","4.08894162666398","2.46223270145694","-1.6919565204184","-5.06780005582803","4.85304553694191","2.38777753247983","-1.14837721022437","0.284298669472349","1.28579244857269","3.29020421290397","0.855975824436371","0.519214362381689","0.594886136077946","1.57332206499805","-2.63997048116038","4.5957806799404","0.568648782156174","-0.674701257933236","0.7016697822271","1.28528640204073",
"Eswatini","SWZ","GDP per capita growth (annual %)","NY.GDP.PCAP.KD.ZG","","","","","","","","","","","","10.7400566660821","2.5713370801552","6.00326070864843","2.75128092343779","10.6135170537485","-5.04783086923946","-2.17165556923189","-1.9566594547284","-0.242964668882166","8.7842674432935","10.8937107950975","-2.13462947065915","-2.06965855785583","2.75819408945894","0.0573666967944746","7.90427711581066","10.2434100292503","1.77470059191013","7.78953833281142","16.2146112334514","-2.24655656867003","-0.628243374154323","0.144296327259056","2.41186788898422","4.90979822588127","1.80600301535019","1.38270951133504","1.29408471726158","1.83935005060023","0.721283694963475","0.48113089277777","3.26561899934499","3.82725927049805","2.99348109442741","5.4163606626928","6.19597048349081","3.71813879735403","0.758242258979109","0.784947122409747","3.21763655344279","1.27643647351354","3.53199247160502","3.53016648859264","1.49073514248317","1.12454682394791","2.34965752297238","2.74440888521023","-0.853481330729949","5.4445627805287","-3.9978006899122","3.03852368946784","-0.628894036514311","2.55749887128813","2.01061156828082","3.08642991125257",
"Sint Maarten (Dutch part)","SXM","GDP per capita growth (annual %)","NY.GDP.PCAP.KD.ZG","","","","","","","","","","","","","","","","","","","","","","","","","","","","","","","","","","","","","","","","","","","","","","","","","","","2.2746924085417","3.15617110858607","-0.798052973690176","-1.04128853057725","-0.685454189827837","-2.02875877780978","-1.0859663357852","-9.30645194996998","-8.53633432632274","9.11581322620327","-14.6336937315718","3.16129245692684","12.3647203881995","2.31884027870137","1.57201933735674","2.0510894064613",
"Seychelles","SYC","GDP per capita growth (annual %)","NY.GDP.PCAP.KD.ZG","","-7.51919895418983","5.57049276462367","7.37099843045395","3.29881863793015","-3.5142689061137","11.0923039068889","-1.93583964967725","4.98082576722285","-2.35080683662751","6.3633482340606","13.532410277442","3.77720293642696","7.39993330055431","-0.524332931383341","0.819491986043431","13.9484048811318","-8.13668927005799","20.4421315247949","14.8042348991257","-5.96324810185553","-5.03863787229284","-2.64575863549878","-0.495741990512201","3.68994619621557","9.40285816904985","0.135752841851968","0.515688006513273","4.93424165919527","9.62872731876227","6.92914127454476","1.40077156197196","6.68233459671488","5.09056268455059","-5.00302413951677","-0.981459839210345","8.3958454530317","10.8847957386616","0.482967628956303","-0.109437696562779","3.32671456371403","-2.35661333545873","-1.83480695440478","-4.81617833042706","-2.49000825290008","8.5018972132326","7.15334515370103","8.32165420663699","-4.87712623002744","-2.86142425794473","1.62737013590673","12.4265876590009","2.10412826503328","-0.599133304568028","2.45761243916046","6.51232550996488","10.6277900412689","5.65298679577909","3.94280692985572","4.58155113586345","-12.4901374474458","-0.254097866449726","-9.01986146351219","5.27201672489588","2.0002737424775","4.61179204220666",
"Syrian Arab Republic","SYR","GDP per capita growth (annual %)","NY.GDP.PCAP.KD.ZG","","7.56556564549535","20.9088452912335","-11.3540724715268","5.98187100656062","-0.828367586194517","-10.519980670235","4.87075400157171","0.457907840444676","14.9900622800132","-4.958800136859","5.36443569936664","21.4647371576731","-13.44091594747","21.6295639641609","12.4671546949023","8.47847475216967","-5.11532068218789","6.23626397704619","-2.47983251594501","10.7274172750547","4.23502768554964","-0.564609484362705","-1.11242129225163","-10.7951298651331","5.57112088824223","-11.108256603454","-1.76469801300779","14.0714371824984","-16.4606695006472","0.439572643041046","4.33538047795443","9.55674328354266","2.99526601339912","4.09745194329328","4.03755108447395","6.89088933598605","2.30284558838696","4.06598851033671","-5.97618190709545","-1.80421522520456","1.27668700084639","5.28381353041894","-1.77628168914023","4.29318307609483","3.52136747526863","0.643827556100021","-0.635666608517582","0.843314302451219","4.27180111202605","2.82658329617919","1.07142470619088","-25.9559180044911","-22.5829559975445","-4.14663713207196","0.00856895832579596","-5.28031989569315","-0.882573823971697","-0.435862757259983","-2.63687243879127","-2.38265909697594","-0.937128678948227","-3.90490484495091","","","",
"Turks and Caicos Islands","TCA","GDP per capita growth (annual %)","NY.GDP.PCAP.KD.ZG","","","","","","","","","","","","","","","","","","","","","","","","","","","","","","","","","","","","","","","","","","","","","","","","","3.70447487476251","-22.8174275175901","-2.92353368570767","0.865882697036824","-6.54753243910046","-3.51219274120511","4.37835200669825","6.58611583730091","2.46456149346457","67.5979946960904","2.52456646348665","1.07340727929571","-35.6362101547339","27.1739181653097","12.5841107323701","12.8670493869653","4.87181797375062","",
"Chad","TCD","GDP per capita growth (annual %)","NY.GDP.PCAP.KD.ZG","","-0.625977318575295","3.24830071213836","-3.58230894512012","-4.47323073421776","-1.38373144830778","-3.71002242461593","-1.17458183471362","-2.39673120038245","4.74778993785957","-0.236514145934592","-4.28847107115794","-1.08306584014767","-10.5106738595121","2.58260751768957","6.68531638180316","0.944475621719818","0.33775770789093","-2.26782337134831","-23.0804489104332","-6.25717486646226","0.919859630474321","0.510585365650229","10.0878341510115","0.713603679143432","20.5709907410676","-6.90931230128338","-5.74954425120686","11.6376083255954","1.38861691573089","-6.79304926645887","4.63768980178692","3.51468324436661","-17.6741907148762","7.63158984012236","-3.12782188796437","-2.21398378117826","2.06853854491665","3.33471416685542","-4.11148626297242","-4.24950215601882","7.95445706927111","4.77730878889039","10.2279881027344","27.8073148127989","12.6968038844502","-4.05733919631511","0.671852924810707","-0.463468027746472","-4.86874608907731","9.80713114990233","0.870883386044198","5.29734255099544","-0.767831669389352","-1.51652756694816","0.0674074944662948","-7.08506190157246","-4.81719582036631","2.24768972082788","2.04363651447466","-3.51319644390499","-3.10209208613276","0.59175907712094","-0.651125322486365","-0.115072436579638","2.04780376097817",
"East Asia & Pacific (IDA & IBRD countries)","TEA","GDP per capita growth (annual %)","NY.GDP.PCAP.KD.ZG","","-13.3663793738087","-1.96634257093916","3.79231466020839","8.16338420613359","8.15030517755902","5.12563515485841","-3.95436343224578","-0.88224577519243","8.45186468982946","10.4597029936953","3.95310044342234","2.34817523456184","5.77852026365744","1.71965566040322","4.7148436297809","0.996601709832021","5.77022826697349","7.47791536874409","5.33903297011132","5.83165573933981","3.94099543559308","4.62556177723543","5.89214512761104","8.25356508412224","6.20142260451435","5.3695508105954","7.30285496234711","7.87923062409862","3.93406638622425","3.45541490242616","6.45259290953008","9.6691494166714","9.79604979285236","9.47314866423361","8.49154566069856","7.71712363929244","6.06281021086667","1.78450261550473","5.30314212255956","6.64392365812523","5.97904900892969","7.18693756164426","8.0975087625053","8.26892170874716","9.16256896869766","10.1872499308364","11.5622243474627","7.79802432200785","7.20289518287002","9.07737250130171","7.73420001764936","6.63859541906406","6.39523730665788","6.15051576833335","5.8472471862228","5.71122032988794","5.8574700468068","5.8524879613618","5.30193148106359","0.884981442616521","7.38221560541787","3.30781621562521","5.06670866269428","4.77973493423072","4.80998180648223",
"Europe & Central Asia (IDA & IBRD countries)","TEC","GDP per capita growth (annual %)","NY.GDP.PCAP.KD.ZG","","","","","","","","","","","","","","","","","","","","","","","","","","","","","","","-2.07468870202159","-6.35243938109362","-9.89456024514162","-4.92379443776275","-8.61404071376862","-0.190209874097363","0.864311993499697","2.84296814673493","-0.723271559976823","2.51386446911658","7.43083010152435","2.73491071163767","5.0611577353249","6.16106179679828","7.81733576377792","6.5918904671189","7.77391021952347","7.63712986389","4.24341664000187","-5.01885660400686","4.30957677746137","5.42582345937382","2.98298323579694","2.86988296879962","1.78089475313601","0.96156995113094","1.39203783863289","3.90166280557511","3.37769145797037","2.38897147495361","-1.63867207151296","7.53636048481319","2.44944798240765","4.36228570559156","3.71888714491628","2.27022746851327",
"Togo","TGO","GDP per capita growth (annual %)","NY.GDP.PCAP.KD.ZG","","10.2189069515129","1.96269088245819","3.08937266234462","12.1051002674144","13.1840923131391","7.19536217007217","3.33412047127418","2.83244012096687","5.95524867195734","-2.5345686654245","-3.16907721596196","4.60746681243877","1.151450719471","2.22621174416457","-0.0335362005597801","-4.36845078873084","4.454968927688","8.42226246650506","-7.53817437587806","11.4139696666403","-6.27109331620811","-6.25884242574811","-7.64138430495393","3.08584007682764","2.62151040982745","-1.55079575941235","-2.48578325768621","3.47706755867144","1.0199978557546","-3.12037753616558","-3.52144278864982","-6.66514350732382","-14.1217159206373","14.5050417533563","2.43400726866187","4.25346716899855","10.5725750027269","-4.72199073964951","-0.0248348481097906","-3.23018836054855","-1.65229608385683","1.28656075137106","4.090903606192","-3.36373306965925","-6.98809238817357","-0.234381611784201","-4.24863179214107","0.746106675039186","2.10306444374237","2.59389115844033","2.97777711687345","3.8561464321063","3.56529836692911","3.51991609433983","3.47161387733128","2.34242089940982","2.2541566874758","2.9148797520469","2.69276787668153","-0.0464136395853814","3.17336186086668","4.54969714998951","4.19303539209972","4.2112681850039","4.02034813190872",
"Thailand","THA","GDP per capita growth (annual %)","NY.GDP.PCAP.KD.ZG","","2.31911469387343","4.41722137266704","4.8297234498835","3.68665217687901","4.99623941342099","7.87836182492524","5.4870486349994","5.05450320125441","3.59174783582577","8.36939169485768","2.10389450364397","1.53906301677233","7.36684534091006","1.83817200002865","2.43943932802959","6.8308752520809","7.41433782057813","7.91547390497311","3.18164886756369","3.02724612072593","3.80165524247921","3.31444196924878","3.55915648301884","3.76302695681466","2.73408972179925","3.66333574867296","7.63396585259409","11.3728951000104","10.35841929704","9.36095058683009","6.80395089988883","6.37902716428354","6.59374093147665","6.41647263711154","6.58833087971311","4.20287810846418","-4.04196098576827","-8.8321682116602","3.26905660525905","3.28023479514871","2.39873161764822","5.13275009732257","6.19493623168337","5.34116205951062","3.29537578511341","4.10011779691514","4.5949892120282","0.947280170156503","-1.42135866699509","6.79479928649167","0.215045559628464","6.58038336266074","2.08615316028128","0.45053655380589","2.65971785318402","2.96944155296718","3.73797800283087","3.90762624173355","1.90583495758329","-6.24932633137992","1.43703031357769","2.62640014696653","2.2957417568134","2.99804874211011","2.51134361626457",
"Tajikistan","TJK","GDP per capita growth (annual %)","NY.GDP.PCAP.KD.ZG","","","","","","","","","","","","","","","","","","","","","","","","","","","0.178726963700981","-4.53903608213079","9.98241159562197","-9.2027986325589","-3.02147591045924","-9.48799907614494","-30.3597640189133","-17.5038570568868","-22.6560518622999","-14.2304868196184","-18.3194300083395","0.466665814442905","4.68935188724895","3.1654997926537","7.00808967496647","7.48337681079825","8.69157571922234","8.88444644359714","8.15635551136702","4.63258511919481","4.98592039180348","5.74856457778455","5.78378645390583","1.79394759926346","4.24657467143167","5.0303552095006","4.96076448659319","4.75131202806213","4.0554323883913","3.34193519398252","4.2256886170877","4.50305161526772","5.04059320866072","4.89098971791482","2.05116680370303","7.01157366120653","5.71622455034235","6.13628181088259","6.34141937002055","6.43226137350786",
"Turkmenistan","TKM","GDP per capita growth (annual %)","NY.GDP.PCAP.KD.ZG","","","","","","","","","","","","","","","","","","","","","","","","","","","","","7.69755768557003","-6.95047420490631","31.8527372518528","-6.96377488751955","-16.8801033874648","-0.707955622795879","-18.9924697791888","-8.85049826525425","4.88281198501517","-12.8895820479367","5.30847915383077","14.382150150155","3.38607027341378","2.27429100739747","-1.71993679067228","1.26454248184965","3.00488642265209","10.9273056968375","8.92835363724222","9.0062665732903","12.5329864956381","4.02604908682306","6.98701643093588","12.3150963498324","8.65854927877794","7.73686051793135","7.88052305867335","4.04654007021054","3.81940190706788","4.04622979985758","3.83691417565801","4.0121953580019","3.64707009830416","4.02379198709588","4.20504344934773","4.38073247443103","4.43792563432616","4.56505264866701",
"Latin America & the Caribbean (IDA & IBRD countries)","TLA","GDP per capita growth (annual %)","NY.GDP.PCAP.KD.ZG","","3.06000194912821","1.51528280929489","-0.827607231023791","4.52895133155057","2.64209371769024","1.91852822110268","1.47915046748454","4.41877014180638","3.80554871731434","3.9576767726266","4.03612542365137","4.42410784365248","5.48820637263177","3.79382427496502","1.20917048750562","3.04147016245533","2.39176451988232","1.91663531489685","4.75166281305582","4.1194781754253","-1.3557293383294","-2.41265527602522","-4.80637040603564","1.53334129425104","0.914165059718329","1.494907227892","1.34770334852237","-1.39307939902072","-0.835795405846895","-1.93130878152662","1.60837669136151","1.04714564025932","2.72354885841224","3.30806473408704","-0.889751470595229","2.17304192055371","3.82182424308253","1.25258247321729","-1.25201384335377","2.06004528663684","-1.10723017688797","-1.19342029287705","0.931321083955922","4.30423398273314","2.91232184226536","4.09729997552233","4.19787438556112","2.63373716949653","-3.46924086688827","5.23665058383366","3.41574869621064","1.60160928929973","1.71218470284219","0.194969154818693","-0.818605909518368","-1.71464298979453","0.669310455952328","0.409790732513144","-0.537530145676683","-7.45985095513528","6.63088122482624","3.47493418430733","1.55453696328813","1.54974762807592","1.65507364095035",
"Timor-Leste","TLS","GDP per capita growth (annual %)","NY.GDP.PCAP.KD.ZG","","","","","","","","","","","","","","","","","","","","","","","","","","","","","","","","8.16321368133181","7.55195553736829","7.23725954144756","4.19821471942177","3.77468913704429","5.06129450080917","1.1763426433297","-4.63535853017653","-27.1136472308212","77.089568536025","6.72745754298086","-13.801409240961","-6.20634059530958","-0.91795179907021","0.89548190695325","-6.89325891273231","7.16093774359759","8.42335310945737","7.40540545946205","6.72117634373186","3.52215453909612","2.58043451319878","0.985677294077263","2.42106298884939","0.504814158346647","1.06590239668736","-4.99167838514208","-2.35863547850684","21.8272465527765","29.2315955694561","3.49004138285764","-21.6343453654996","-19.0224447249042","-10.161913191806","5.62707069855799",
"Middle East, North Africa, Afghanistan & Pakistan (IDA & IBRD)","TMN","GDP per capita growth (annual %)","NY.GDP.PCAP.KD.ZG","","1.14254357754801","0.0173353040614757","8.35065701776972","7.3014160144408","9.28176154802381","4.29512419527718","4.64543538946775","9.35171114372211","7.98992952709831","5.73071729275981","2.72919403334217","8.89897620622105","2.58664250081064","4.42679088636847","0.172233802665374","11.798961426759","-1.26732808638019","-4.70415745841679","-3.4410016816783","-6.20685201861201","-4.4162225181658","7.56661677879345","1.54022234002416","-2.94176541020664","1.13544993275316","-4.75986722812148","-1.99326656805316","-1.15272187546648","-0.15422021771964","6.73776996354947","-1.57951356403184","2.13444719263542","-1.13124672948335","-0.24278237117916","0.46272604852895","3.50803354203961","1.02135709751285","2.94128428618647","1.81024579197093","3.53073435898166","0.747771245577283","1.16117948813879","0.389191641161133","5.21430974951069","2.56102640720056","3.07451152392679","3.5513213953321","1.2329595101649","0.555447738317966","2.58589811860644","-2.49874708294988","1.48565183401644","-0.810846038108807","0.54901478012323","-0.617213179085795","3.82694829405483","1.69971272581245","0.326473050965774","-0.39382022336298","-4.24047625319255","2.55215368770129","2.57324290621594","1.15478640878561","0.702002887304801","0.335936580117107",
"Tonga","TON","GDP per capita growth (annual %)","NY.GDP.PCAP.KD.ZG","","","","","","","","","","","","","","","","","","","","","","","4.66536595264775","1.96367086898887","1.74669804353218","6.56498859822842","2.09157092326771","2.60248790524267","-2.46977372168573","-0.0484020966826932","-2.33589597538769","6.20722629218118","0.124681393866538","3.65411673840201","4.88651073265973","6.16562631440283","0.0430089681125168","-0.994486483653645","1.57220624694287","1.64280890829436","3.1164781634571","0.8921026437352","3.84009133315611","-0.5132750153019","-2.53428308034319","-1.22171662108754","-2.70155026186355","-2.89657717629593","4.57476736236848","-5.29112664808726","0.639458308941471","6.53506653770044","1.02306619626815","0.752077131516813","2.43921991317512","1.6036112602154","7.17551408749179","3.36688551758677","0.32690003061127","-0.381463313423794","1.77247777065416","-0.733953666451555","-1.71113087341446","3.22746003661523","2.12857915244764","3.22906826550479",
"South Asia (IDA & IBRD)","TSA","GDP per capita growth (annual %)","NY.GDP.PCAP.KD.ZG","","1.50892202784803","0.815664086692664","2.41022222755592","5.22879304969643","-4.10785332699055","-1.58536631228358","3.86062528734348","1.92421282611426","3.51621897164239","2.7715651906385","-1.51211905455361","-4.24404021982471","1.02124096814205","-0.0665740150573981","4.79623189693952","-0.184388212994733","4.11196877939392","3.42070230556382","-5.77249455430206","3.3867557291108","3.69618902123734","0.946561323453722","4.17216563808545","1.6924352672457","2.66351567322265","2.32879997656683","1.51679139755618","6.14425972023558","3.17944257131234","3.32328731205101","-0.619111862345875","3.21687159940383","2.66819961820295","4.23775582626291","5.07850992161903","4.97363937990698","2.19286365337152","3.95906973121973","6.17158601613011","2.15841091919175","2.66761394394325","1.95675617609376","5.67266297772495","5.79387533237205","5.97128261072378","6.29308020306438","6.00206729042027","2.07510471121859","5.93398148923437","6.72705848146049","4.05367435324766","4.27930192443307","4.95217158308627","5.96282550719711","6.46173917437969","6.73733729893509","5.60196771944135","5.27934085526225","3.04100951092985","-5.90537298010342","8.33028192678252","6.24173655563243","5.84899135730251","5.81541025169881","6.18260956067509",
"Sub-Saharan Africa (IDA & IBRD countries)","TSS","GDP per capita growth (annual %)","NY.GDP.PCAP.KD.ZG","","-1.32311000981194","3.47962226983461","3.64016379408558","2.35411013056464","2.04033006839683","-0.556076724602178","-3.30287862872798","0.453170663483576","6.13280660753996","4.94593539413893","4.85071062094534","0.227916094976607","1.4608882306263","4.54067077386978","-3.00468015364534","2.24789658099822","-0.0565210387183299","-3.0384277143916","0.856586180203081","0.720931069509206","-3.7382206813873","-4.20370631980343","-5.38532212672554","-0.633620959369523","-0.904516205159013","-1.03064983202145","-0.000567696520135996","1.54546723575206","-0.532200985153139","-0.546781489912576","-2.29381927057534","-3.14265335294327","-3.71646502721354","-1.62288016790949","0.623089124941686","2.36458114137324","1.37138826315477","-0.170290746334558","-0.507649176389435","0.725239701572804","1.46417965889715","3.57015818716991","1.34921733207113","3.82546961125014","3.15320798121988","3.18978793245319","3.28402978386926","2.32853285941219","0.336898467100255","3.18035150226852","1.47212871462766","0.548363395085303","2.43070310681755","1.92581833484635","0.197701787393029","-1.33177722156034","-0.153632140231409","0.107922726885917","-0.0879322621983931","-5.74773720457318","0.993759309883018","1.48258616307815","0.215816697729807","1.11581843190345","1.64007818065394",
"Trinidad and Tobago","TTO","GDP per capita growth (annual %)","NY.GDP.PCAP.KD.ZG","","11.6323866787764","0.752266670830878","3.64865998448745","5.72549239960505","-0.98310619137763","2.45536505352028","0.604197669267307","3.84833046755104","1.50508895757918","2.40950840841683","-0.0797310915841081","4.49462472021649","0.377619149736887","2.51993453618269","0.253836342343689","5.12366663845437","7.78318215675544","8.62530098175502","2.26569888548262","9.00273729982064","3.3438016346711","2.64235227595077","-11.2747452258963","-6.75126185963548","-5.28077545303297","-4.54597091541925","-5.67815808738371","-4.91210732813988","-1.75092762977258","0.649239418538244","2.29848572718151","9.27027370604701","-1.35114548259963","2.93412495729879","3.2626377788537","6.66021028344292","7.1187287096166","7.76236764753639","7.65646569196778","6.49101487437005","3.71328614066861","7.41453370120124","13.868403750776","7.41478653453842","10.3839653520046","12.9071459292893","4.33268105297186","2.96516094023625","-4.50258208171535","2.72667409792857","-1.06803812728484","6.13730928249969","2.95466061754502","3.3020638436403","-0.725356979544244","-7.82511237114002","-5.06473832096466","-1.13201603020309","0.114767755861862","-8.97165770967038","-0.777215541824603","0.990715463329252","1.33995194217194","2.44755276913735","-0.746495546326813",
"Tunisia","TUN","GDP per capita growth (annual %)","NY.GDP.PCAP.KD.ZG","","","-5.7443578705971","-11.9033709934457","-6.0079353248876","-4.06477764973445","1.43344178523851","-2.12453567816645","7.71891088679536","2.13580555233803","2.08523998611466","7.82307689165729","14.7994759399209","-3.17871622274407","5.27186323831654","4.31926073788047","5.03949251485865","0.741174867485213","3.85159431831777","4.14070902700396","4.98333628920737","3.13957512777445","-2.65936763686149","2.52770011744421","3.31393972186763","2.94161034300467","-3.91587698845028","4.10319522235456","-2.24256270348137","-0.465310452566683","5.70836371358358","1.73746449049477","5.56226775420092","0.166338940851446","1.34172547583501","0.756163865617296","5.61085297467285","4.02139832385444","3.46159826406904","4.79928371775667","3.54145974209786","2.6947331733366","0.287760873614303","3.66160593216975","5.24794746880204","2.58534081098441","4.31907482857264","5.73567938504127","3.23983058347032","1.99812423215356","1.86835635362381","-3.1268978636142","3.04657312459409","1.2189966874892","1.87486431059185","-0.165402101671091","0.00849827158573646","1.18340493178839","1.60391587948506","0.613127731689971","-9.72752601384167","4.08785924151975","2.15276458662672","-0.481913639518325","0.979801739421518","1.89995917167896",
"Turkiye","TUR","GDP per capita growth (annual %)","NY.GDP.PCAP.KD.ZG","","-1.58598491590956","2.75920742312093","6.18871069931318","2.73012312351202","0.273548786584698","8.42240435488502","2.04810309423178","4.11398596040773","1.56230666179115","0.836579489623062","3.09021412401125","4.87752239463101","0.901130367305143","3.28170101269221","4.97364195842398","8.22860272296013","1.29538784457235","-0.525036952127351","-2.55562416060116","-4.37737072341045","2.79131786896878","1.37276997412432","2.53286113263376","4.28679512122811","1.95228450972105","4.75790899777842","7.27713021223573","0.297547033553357","-1.65638739150337","7.23962032231525","-1.03629423592855","3.26017406071585","5.81013071318085","-6.31116935634827","6.12697954674321","5.55499104784674","5.81746162836372","0.499222307705665","-4.33986843724782","5.62145840894716","-6.62846843803128","5.15974085311868","4.57792705344551","8.70602046453412","7.95177362643042","5.97350417809075","4.93924794926627","-0.349081731358567","-6.18658127732729","6.90544093016851","9.36292358017863","3.48010432023058","7.10372830173409","3.19911298885714","4.4033792666971","1.9428315705164","6.43664614092381","2.07704135618785","-0.136378469205951","0.819957444576985","10.797736075363","4.40815937187469","4.61909774991381","3.09479882124933","3.17044473186495",
"Tuvalu","TUV","GDP per capita growth (annual %)","NY.GDP.PCAP.KD.ZG","","","","","","","","","","","","-1.9645531516405","-2.07058358034494","-1.74060832291681","-4.05930910499075","-6.25647277182856","-5.28879808186031","-7.80145977168307","-5.65647811932403","-3.54406005251641","-3.09451195025002","0.41905785085163","-17.5214602045412","7.22476185838264","5.9242845170042","-3.59196246607402","20.0344284837001","10.1917274144543","17.2480490971992","-3.57784941432216","13.5925095299892","2.10053660152016","1.53776356935819","3.10690611589052","9.31314182840417","-5.75172304445364","-6.58547612978641","9.3245589994677","14.8778924542227","-2.03034363495608","-1.42326451721122","0.254445930596376","7.90086559181067","-5.06112563653929","-3.09754623680732","-4.94739499399469","0.132490287100808","5.58254169285016","5.14382444282117","-6.88301475325463","-3.87417505668408","5.86441985622457","-4.22103363025631","3.17281381465209","1.82457678390588","9.58848297832067","5.09284757758506","3.84759945752347","2.49947603859147","15.2691969832959","-1.33317014747919","2.01098685501276","-9.13699709767813","5.36467493101129","5.21196104822583","3.28836017215532",
"Tanzania","TZA","GDP per capita growth (annual %)","NY.GDP.PCAP.KD.ZG","","-1.70554379832981","5.97740269532787","3.19237972681053","2.39831571340237","1.24488509828716","8.27635669117299","2.3000808793737","2.89538549556431","-0.180957706840218","-48.2432962445813","0.340962028441297","3.35827260093498","2.43676823950976","-1.50567320144003","0.27319379109008","-0.384282770194559","-3.50614020675627","-1.45745486342815","-0.888768440167638","-0.457883680216497","-3.95231796044236","-3.36181308289295","-3.60684190525168","1.31693001082563","-2.00228811171158","2.06538325839534","1.43674931403181","4.05865766192876","1.04190402239107","4.29914682952561","-0.476012505289418","-1.88980012132932","-1.91363289102119","-2.2538960665397","0.368447209863618","2.65168980698766","1.45902793566377","1.02063893946291","2.09994947542917","1.59942658531416","3.25057961835962","4.36368727532306","3.89344253690891","4.63163110389122","4.54018649750061","3.59554927104524","3.83493311688827","2.87353898673082","2.70936589724377","3.67041498018565","4.70485004341454","1.53892032694513","3.62722794168234","3.51147946313948","2.77038211960942","3.30400665890222","3.23688527604725","2.24213027557943","2.71005881950599","-0.998987836780785","1.25401761079502","1.54299792361155","2.08099243052513","2.5538482690819","2.89095957066445",
"Uganda","UGA","GDP per capita growth (annual %)","NY.GDP.PCAP.KD.ZG","","","","","","","","","","","","","","","","","","","","","","","","3.15519965111979","-2.97662323233796","-5.98381522998432","-2.49096889727608","0.79113763901934","4.8731416529707","2.98416591168392","3.08537625148307","2.14720744383359","-0.0452355171633343","4.64880550066493","2.89205348201035","8.51809025515809","6.16502322616066","2.09696413485794","1.83132276374145","4.60903573362658","-0.0506112736721605","2.01473762716464","5.38039055287112","3.163140555198","3.65117760961586","3.25713954596638","7.58857752601207","5.27037575377261","5.5545038560267","3.70592159085399","2.57308463341826","6.23090993981926","0.865151267915266","0.656669463732158","2.04948459267207","2.00429943099081","1.35743312909598","-0.406390812740796","2.75300382511665","2.88958690241905","-0.423922683361482","0.258075577364949","1.48927085105888","2.42759459782118","3.17493921238938","3.49725229634556",
"Ukraine","UKR","GDP per capita growth (annual %)","NY.GDP.PCAP.KD.ZG","","","","","","","","","","","","","","","","","","","","","","","","","","","","","2.15178868370032","3.48703210893358","-6.59041563631982","-8.90451869290497","-10.1629691607265","-14.2433546055169","-22.4941466864469","-11.5024738356575","-9.22795603769922","-2.16111095277036","-1.10718093619529","0.605336123329252","6.79706549402465","9.79657550011422","6.26926483071821","10.337484498259","12.5773931558428","3.92453428899148","8.26961304502665","8.71227296398449","2.77550904646171","-14.7807201233911","4.46782513515676","5.78262206521443","0.364275557578679","0.226082936004985","-5.08846879597155","-9.27686663817931","2.94151228987063","2.86027869650954","4.09937975447431","3.87284698333255","-3.08458576352871","4.41050883289091","-22.7456813021158","15.4480219876898","2.85533390256367","-1.32161434081765",
"Upper middle income","UMC","GDP per capita growth (annual %)","NY.GDP.PCAP.KD.ZG","","-0.126648066592011","1.46573523123719","1.92968621238407","5.91913879249799","5.00516806723176","3.43874755505664","1.24447546663113","4.20526510678485","5.48483658507443","5.49887851052844","3.91434985052965","5.0649949228176","5.33073218089871","4.00486926983031","2.49063085212151","4.59312130535783","2.49968746401362","2.01298714798668","3.77873711828296","2.89849055036619","0.194265117968982","1.24434568339042","-0.370984708648166","3.23205113376919","2.60747964070924","1.84420524369295","3.01730298792631","1.63270469878402","1.24712831374836","1.06019415348521","1.47727790205468","3.00712889383155","4.4320235438494","4.19863452129539","3.20878544887783","4.92697416243661","4.82134824771354","1.74022402818157","2.13195021635109","4.86788810343306","2.43413122916509","3.87526446566318","4.97141498628125","6.88166204140228","6.56745910811492","7.59534286444649","8.44336859379612","5.35801923555452","2.63411800350215","7.55732098825118","5.9280641171385","4.79479361944483","4.67642623030888","4.0438347804169","3.63319170312823","3.74378265254833","4.52293926104565","4.13450320082114","3.51848874215777","-1.07465650457317","7.11292651598244","3.23353445380006","4.31345051341052","3.87737337600318","3.85087301927436",
"Uruguay","URY","GDP per capita growth (annual %)","NY.GDP.PCAP.KD.ZG","","1.20941667358304","-2.76075616219634","-0.992752170102321","1.30483248104743","-0.00922143855120794","2.05504500374775","-4.52535092826649","1.06299416872999","5.12558868122441","1.71598152600284","-0.808127208841512","-1.850524968081","-0.272241255772499","2.28924523618788","5.4181470108031","3.24989821307452","0.825379273943213","4.7885733175091","5.68659877915023","5.41134355440225","1.17251396509195","-10.1292739402363","-10.6732559626791","-1.59402132372715","0.977235886818193","8.24266244664604","7.38938186968173","0.883389730478427","0.504600329177435","-0.288978937190848","2.94354443405069","7.33522697716671","2.11624610972325","6.72380888757364","-1.96071762661492","5.02200077420791","7.97449289236334","4.00473000143258","-1.96688389558119","-2.29597374962009","-4.08038978630051","-7.86190240623733","0.734039111911073","4.94141016509036","7.37434772026329","3.98038082694534","6.35892754413862","6.94817225721984","3.99426146565813","7.52764617823019","4.90150561357953","3.27196082931438","4.32675421961548","2.9005302021196","0.0225745559950212","1.35078037686081","1.46549079282399","-0.0151011268806798","0.848967983378387","-7.40535234891223","5.91510210973331","4.78459885025788","0.845973105465262","3.37131091243454","1.84184818056804",
"United States","USA","GDP per capita growth (annual %)","NY.GDP.PCAP.KD.ZG","","0.618121192549182","4.48066936218716","2.90827195268284","4.34054896718479","5.07809761149738","5.27711386691524","1.38995127942472","3.75881937038788","2.09736970308174","-0.944145118193504","1.9949789395294","4.13472765652728","4.64211335432748","-1.44513289575849","-1.18474293785152","4.39135848286867","3.57717980784827","4.42288716703601","2.03373170597658","-1.20932407978319","1.53630242028635","-2.73469489641839","3.63185802398954","6.31198922384387","3.25057626767166","2.51089495812347","2.53404234284122","3.2353379255127","2.69776022097005","0.741486713508948","-1.434247569896","2.09666863097932","1.40572318314062","2.76110896687247","1.46892917482886","2.57246399873029","3.1971656064834","3.27222984322087","3.5919803730374","2.92586254681619","-0.0387319343606976","0.761236860380762","1.91588247566436","2.89111091294794","2.53411070635448","1.79819874479622","1.03834382734772","-0.8288881218228","-3.42683194491448","1.82992370300914","0.762796399892366","1.4757059723453","1.34816252387824","1.71094544248081","2.12741137868935","1.02266589237917","1.75014095196009","2.3644424974579","2.05676589969444","-2.48059997386319","5.98515132703822","1.94217130872103","2.09110944991448","1.81099561417319","1.62901328272834",
"Uzbekistan","UZB","GDP per capita growth (annual %)","NY.GDP.PCAP.KD.ZG","","","","","","","","","","","","","","","","","","","","","","","","","","","","","6.16310993886114","0.425647010976832","-0.821590189756151","-2.85571795412295","-13.3582215361322","-4.53440108888297","-7.20602185350145","-2.86447069203824","-0.191816644156503","3.39797706295914","2.67523588013248","2.84655466460455","2.53200282225686","2.90496458528362","2.70575973852725","2.97071220194489","6.13592286636617","5.62058695275771","6.07475146177363","7.948870305745","7.36856523907178","6.33169102436078","5.90590026943734","6.48597744904724","5.74728187814682","6.2437627382201","5.93557285916549","6.09703163459466","4.88544792792544","2.94115209964183","3.91344009833303","4.87800830454302","-0.259354857453758","6.1274486675632","3.97489304786605","4.18879735936189","4.59454789720127","5.68950787978028",
"St. Vincent and the Grenadines","VCT","GDP per capita growth (annual %)","NY.GDP.PCAP.KD.ZG","","2.72328397163879","2.07054721676397","-7.62810886582699","2.25356406476899","-0.42207444020724","-1.22213531482205","-10.5653330944492","5.37923629559455","1.84909534523383","9.70033320439487","2.00291114622803","24.6502503385862","-11.9129357594357","-9.61281095414434","-8.37352117877013","9.49334318174724","12.3391084531864","8.94860189060371","2.67986759674284","1.72020584700003","3.75766171325887","3.59346572905743","1.33757614779626","5.74601657425153","5.37790770774799","4.85084730919915","-0.219401447443673","13.3974088997102","0.846053659284522","3.64619461199149","0.766079149440529","6.10658038959106","4.04173919943855","-1.40766591680416","7.64367574826734","1.22344246518328","3.48502454079123","4.05432713327265","2.54179354025959","1.47880127546429","1.78767492091447","5.48525117619123","6.88559351311582","4.39705000606179","2.83945191097459","7.41339795731157","3.77042261406409","0.859512861875416","-0.914124585036191","-3.99351095016873","-0.0518118530617357","1.73945379802912","3.0319570809024","1.71007773700347","3.33765430602968","4.74804540016839","2.20738641850942","3.90031671690731","1.40193657114291","-3.67618803165428","2.77342166309265","3.91412869594379","6.07793111453327","4.79304780177681","4.10818502429764",
"Venezuela, RB","VEN","GDP per capita growth (annual %)","NY.GDP.PCAP.KD.ZG","","-0.41760756250217","4.80288762991452","0.380076592706729","7.41199126763424","0.724945031450815","-1.80155357632742","-0.478522033926382","3.93559259699762","-2.42042323129658","4.4249757068721","-1.57362488397851","-1.71546962749586","3.97872292299455","-0.887407681750958","-0.0665573543051607","4.63681158054503","3.23194609738724","-0.562866171939575","-2.07403185513286","-7.07519951043535","-3.96251641849391","-0.20855963794736","-12.059216165986","2.41068615940421","-1.95321653647372","3.4511776493428","2.21938879934827","3.74778212015192","-16.1348404826375","4.1361830075758","7.00179785434551","3.58242017792905","-1.97611075512457","-4.42996313795496","1.7524707013106","-2.31434239431951","4.18637610051888","-1.52210965470705","-7.75664661984584","1.59305580865011","1.53836888018091","-10.3618288031885","-9.38020816853484","16.1962299342019","8.35910334412473","8.12092547262088","7.1350657905012","3.69937007292253","-4.38771914603977","-2.86746142164827","2.79431165197599","4.36175625931372","0.0892416425159297","-4.94495109758775","-7.16884576852922","-17.6288988102954","-15.1462172534753","-17.6001192318482","-25.4442397305152","-28.6057438496512","1.3599718379524","8.16956905683747","3.70013368160016","5.13594862074156","1.17406663494002",
"British Virgin Islands","VGB","GDP per capita growth (annual %)","NY.GDP.PCAP.KD.ZG","","","","","","","","","","","","","","","","","","","","","","","","","","","","","","","","","","","","","","","","","","","","","","","","","","","","","","","","","","","","","","","","","","",
"Virgin Islands (U.S.)","VIR","GDP per capita growth (annual %)","NY.GDP.PCAP.KD.ZG","","","","","","","","","","","","","","","","","","","","","","","","","","","","","","","","","","","","","","","","","","","","-0.392409019211641","3.32303112200472","3.49771355206596","3.58522291185554","4.04131611143129","1.16259833481369","-6.60082033820244","0.640017045957947","-8.14745069217943","-14.7321849465745","-6.15764738406951","-1.62976237975002","-0.26792231561096","1.78607056891147","-0.517853882355141","2.14490182532539","3.22863068505148","-1.26412494613658","4.07886990081306","-0.883383819313323","","","",
"Viet Nam","VNM","GDP per capita growth (annual %)","NY.GDP.PCAP.KD.ZG","","","","","","","","","","","","","","","","","","","","","","","","","","1.42506901089281","0.598118657713286","1.50185983593605","3.02944657258952","5.18178495709525","2.92330784870207","3.76339409919927","6.46778613603792","6.0132829316736","6.89120343615872","7.72283797378608","7.68622621093297","6.59239957601929","4.25766192653015","3.41694816736356","5.58792950410756","5.08240100546193","5.23717692306222","5.83556100746738","6.49878740751187","6.55339711441117","5.57239749946528","5.25231213341748","3.74838603993047","3.83237459567542","5.21227683604808","5.1944977799937","4.27630507146044","4.31498880369921","5.13784099364456","5.66896478541561","5.35427097241221","5.61787865063133","6.28095828201967","6.32464886581907","1.91581434772165","1.66651604176819","7.7256990331194","4.27616318968813","6.3659748675781","7.36938819098758",
"Vanuatu","VUT","GDP per capita growth (annual %)","NY.GDP.PCAP.KD.ZG","","","","","","","","","","","","","","","","","","","","","-13.4068316638966","2.09265591464248","-0.36750362700748","0.548157847582402","6.89313733975381","-1.51419697864071","-2.66238260240475","-5.34800638009021","-4.18555172036442","-1.02551228646897","8.9271268380239","0.61299793999126","0.0703543901579025","-1.69982007314","6.50928779878545","-1.3063637584373","0.0677771442323376","2.67502125431656","-0.91519199571664","-1.72128358303506","3.51780181082894","-5.79960877399317","-7.53710517514462","1.75159744658461","1.47757366141985","2.78261536346285","5.86726101068511","0.387169374214352","2.98535481581028","0.453966271093734","-1.08593808514878","0.925978795990702","-1.18521413465282","-1.74696050530036","0.823853206578846","1.22135408114572","1.3401397722921","1.8208195580786","0.0888190242215785","0.897747718651672","-7.89338931570623","-3.42850167019159","3.17078255168309","3.39776254449882","1.43313166240642","0.780778397940367",
"World","WLD","GDP per capita growth (annual %)","NY.GDP.PCAP.KD.ZG","","2.51409787803819","3.4763794851645","2.81983079750478","4.426260395141","3.47534480704708","3.23952504259965","1.64196822902645","3.79727704996814","3.78260922169282","1.62832142338797","1.94781825124733","3.45059788433011","4.37213197929192","0.0421405159205506","-1.0413249738651","3.34648960240453","2.13378546308446","2.3266160191495","2.31070376473647","0.03615910668411","0.0989214998614756","-1.39202810936608","0.75109063581165","2.9024805278475","1.85020706209367","1.48548880479589","1.9080599868705","2.68801111702739","1.83750162434431","0.933215453331002","-0.451345199928156","0.41175563171052","0.253836643293909","1.84087559569801","1.63709987360309","2.05400612755047","2.48560035870797","1.31422265614059","2.14131642422612","3.15082603447337","0.670395205599235","0.985885119675174","1.7525395943625","3.15944562776616","2.74475812980714","3.16918546984515","3.12254724762364","0.805663557268105","-2.56117125930912","3.25642647375295","2.06283093193265","1.46205987690962","1.63046185927547","1.93208205944498","1.91380814649979","1.59998167249861","2.2840083999172","2.18116646269766","1.61084579114603","-3.83462307658564","5.60163318303582","2.54679255804791","1.91059962837387","1.91442962168207","1.98760853536297",
"Samoa","WSM","GDP per capita growth (annual %)","NY.GDP.PCAP.KD.ZG","","","","","","","","","","","","11.8383284239524","0.15701917035318","5.8432041581838","-12.4220139646229","-6.259048337742","6.69949633959976","-2.414934393585","5.18206813053675","9.88295032602362","-7.01513533098695","-9.77367810236522","-1.43999457151654","0.292480477532635","1.23776330511436","3.88648611605976","5.37069321134753","0.123502242137306","-1.84333104077683","3.44799618775281","-4.57637405384999","-2.48806559580488","-0.764226258204729","3.22549145241983","-3.32161058915646","5.81082409795567","6.2658800455369","-0.193253144597321","1.41916707044376","1.40887608750961","4.27745070826087","6.52181954391313","4.90454737398483","4.66849415235475","2.633950603366","6.22343288364944","1.73439136988327","-0.0698092296218391","2.81854653180625","-1.27185467227797","5.29451664588825","2.94772599922624","-4.60663349940492","-0.786395614806608","-0.23024857506843","2.95226941311462","7.07276114056432","0.460419453590006","-1.6472076564482","3.35744960284687","-4.09792925699939","-5.85857738061891","1.5629786460799","14.4879437715433","4.09688899029361","3.59288172853812",
"Kosovo","XKX","GDP per capita growth (annual %)","NY.GDP.PCAP.KD.ZG","","","","","","","","","","","","","","","","","","","","","","","","","","","","","","","","","","","","","","","","","","","","","","","","","","5.39636701673933","5.28831482675317","6.12959202990389","0.857974394903721","4.70387084053738","3.65273027273803","7.36815111994392","6.20761650241487","4.03838879864328","3.05752931278261","5.23669676312298","-5.40690184268419","10.9981400491097","5.33909761737917","9.35107522909426","10.3656494300073","4.74031521100724",
"Yemen, Rep.","YEM","GDP per capita growth (annual %)","NY.GDP.PCAP.KD.ZG","","","","","","","","","","","","","","","","","","","","","","","","","","","","","","","","2.29860098445927","4.17012014197473","0.16354826043073","2.85442556514698","1.93932487457056","1.17123054361929","1.92969632778934","2.71904691973516","0.593963694817944","2.96401092010485","0.714060018641518","0.89755669377989","0.743278418900516","0.966767059770078","2.37203185301995","-0.129375630986743","0.045109908702031","0.370978630255152","0.598210143519466","4.3735077841587","-15.3366875285688","-0.670663085005188","1.67911232409898","-3.20471705643189","-30.1507550992904","-12.0553743505045","-7.88861205244282","-2.186490192267","","","","","","","",
"South Africa","ZAF","GDP per capita growth (annual %)","NY.GDP.PCAP.KD.ZG","","0.971241813995107","3.06615974918007","4.16801637574393","4.69292946899671","2.90944105494447","1.25217012238623","3.90381055423047","0.956697920772243","1.53107221466114","2.10580565357297","1.26922275897319","-1.21840842834261","1.62426941389076","3.16060531704183","-1.08270939801929","-0.479248252040165","-2.75935519413643","0.240191993176509","1.01886701497651","3.42511088387165","1.8344403909835","-3.76840874169766","-5.21623945094572","1.52227888001273","-4.45158907262324","-3.129218179071","-1.03310951804978","1.07399931732792","-0.571288009674646","-3.05210020449451","-3.25400629067984","-3.87926236884013","-0.76236352634794","1.54195948087219","1.85604954250009","2.95596987945947","1.37819585551415","-0.711121199354281","1.29020714023875","3.25127058182207","1.82108406092082","2.72292924025332","1.92822490144245","3.50654128784933","4.21638584977106","4.53031944639788","4.25469604690063","2.00798658438173","-2.70664075062311","1.82804672464107","1.90092049729387","0.897179683754416","0.805658809846705","-0.257188966137676","-0.694265293924985","-0.277781475736276","0.49869596172698","-0.1374850396532","-1.3803610544763","-7.67873309598839","3.25562042833964","0.62521727101273","-0.523851146279725","-0.713538079423742","-0.0412236373188222",
"Zambia","ZMB","GDP per capita growth (annual %)","NY.GDP.PCAP.KD.ZG","","-1.76463379683507","-5.51106619023926","0.0600764246322001","8.72843336324306","13.0119756113922","-8.54085446942511","4.51076211164238","-1.97047392908408","-3.55687617686446","1.77564554646573","-2.80303176137348","6.17866150360003","-3.77109414566878","3.35023893693798","-5.15497800444783","3.04589479742205","-7.41945461965345","-2.44321400349722","-5.88847935053188","-0.00253335058172866","2.96593174440794","-5.88551995555419","-5.07622102576212","-3.35758526977152","-1.38870838349084","-2.23905733064601","-0.248588086719636","3.40269789036691","-3.60284277862945","-2.99842702237687","-2.48437862264691","-4.07483415840184","4.28174982443221","-10.7813280458849","0.444103477737357","3.64343431300713","1.19524199921966","-2.96313567721118","1.88247300207094","1.01793976595019","2.17981803196589","1.3381949009155","3.67685887625342","3.68494886266848","3.75264386154687","4.24983217682681","4.59671527144219","3.99773185138027","5.42272309461708","6.54512358380669","2.11650829571791","4.16438800509357","1.74618059430358","1.42432240940171","-0.241301067013211","0.593979723633794","0.398377780872721","0.9537337347912","-1.51894951073589","-5.56773502453288","3.28575461102756","2.34336450166037","2.46464031100994","0.941472566904864","0.921973669109249",
"Zimbabwe","ZWE","GDP per capita growth (annual %)","NY.GDP.PCAP.KD.ZG","","3.04281929850355","-1.70557793649529","2.94681504005302","-4.17666071409528","1.65260899408277","-1.62667456250547","5.0100854314199","-1.19550373833118","8.92212517147178","18.858601158491","5.69965436007831","5.05135191758872","-0.587268320556561","3.23376685560504","-4.99180317012353","-2.54645126616929","-9.20607037488369","-4.10549723132682","1.68126427428281","8.02232255007959","5.66264548013156","-1.28679181217906","-2.20178843986304","-5.33337743503436","3.30860657633907","-1.26273621053356","-2.14009425876756","4.20282934553336","2.1956304236636","4.11277570329895","2.81829236184525","-11.5478990333428","-0.4149337614747","9.10603987351351","-0.76784253577739","8.54326710519177","0.770794565665597","0.893396715677412","-2.41007526346858","-3.94437178277245","0.762971447403842","-9.76644857590099","-17.9767611752894","-6.82498063511001","-6.59888906294871","-4.63037569259529","-4.91448916093475","-18.6543102007687","11.6893318173098","17.7601242170416","12.187491621401","14.7871576858869","0.563614570952865","0.982274048982148","0.425141539219794","-0.633234613329265","3.23409642689352","3.45954562738599","-7.78558358121073","-9.33397144870511","6.61191108683749","4.34366718315964","3.59876695621327","-0.117816342539967","6.08867578227839",
